dataset,period,series,id,vendor_or_project,product_or_class,value,note
kev_entry,2021-11-03,exploited_in_wild,CVE-2010-5326,SAP,NetWeaver,1,older CVE; SAP NetWeaver Remote Code Execution Vulnerability
kev_entry,2021-11-03,exploited_in_wild,CVE-2012-0158,Microsoft,MSCOMCTL.OCX,1,older CVE; ransomware; Microsoft MSCOMCTL.OCX Remote Code Execution Vulnerability
kev_entry,2021-11-03,exploited_in_wild,CVE-2012-3152,Oracle,Fusion Middleware,1,older CVE; Oracle Fusion Middleware Unspecified Vulnerability
kev_entry,2021-11-03,exploited_in_wild,CVE-2014-1812,Microsoft,Windows,1,older CVE; ransomware; Microsoft Windows Group Policy Preferences Password Privilege Escalation Vulnerability
kev_entry,2021-11-03,exploited_in_wild,CVE-2015-1641,Microsoft,Office,1,older CVE; Microsoft Office Memory Corruption Vulnerability
kev_entry,2021-11-03,exploited_in_wild,CVE-2015-4852,Oracle,WebLogic Server,1,older CVE; Oracle WebLogic Server Deserialization of Untrusted Data Vulnerability
kev_entry,2021-11-03,exploited_in_wild,CVE-2016-0167,Microsoft,Win32k,1,older CVE; ransomware; Microsoft Win32k Privilege Escalation Vulnerability
kev_entry,2021-11-03,exploited_in_wild,CVE-2016-0185,Microsoft,Windows,1,older CVE; Microsoft Windows Media Center Remote Code Execution Vulnerability
kev_entry,2021-11-03,exploited_in_wild,CVE-2016-3235,Microsoft,Office,1,older CVE; Microsoft Office OLE DLL Side Loading Vulnerability
kev_entry,2021-11-03,exploited_in_wild,CVE-2016-3643,SolarWinds,Virtualization Manager,1,older CVE; SolarWinds Virtualization Manager Privilege Escalation Vulnerability
kev_entry,2021-11-03,exploited_in_wild,CVE-2016-3715,ImageMagick,ImageMagick,1,older CVE; ImageMagick Arbitrary File Deletion Vulnerability
kev_entry,2021-11-03,exploited_in_wild,CVE-2016-3718,ImageMagick,ImageMagick,1,older CVE; ImageMagick Server-Side Request Forgery (SSRF) Vulnerability
kev_entry,2021-11-03,exploited_in_wild,CVE-2016-3976,SAP,NetWeaver,1,older CVE; SAP NetWeaver Directory Traversal Vulnerability
kev_entry,2021-11-03,exploited_in_wild,CVE-2016-4437,Apache,Shiro,1,older CVE; Apache Shiro Code Execution Vulnerability
kev_entry,2021-11-03,exploited_in_wild,CVE-2016-7255,Microsoft,Win32k,1,older CVE; Microsoft Win32k Privilege Escalation Vulnerability
kev_entry,2021-11-03,exploited_in_wild,CVE-2016-9563,SAP,NetWeaver,1,older CVE; SAP NetWeaver XML External Entity (XXE) Vulnerability
kev_entry,2021-11-03,exploited_in_wild,CVE-2017-0143,Microsoft,Windows,1,older CVE; ransomware; Microsoft Windows Server Message Block (SMBv1) Remote Code Execution Vulnerability
kev_entry,2021-11-03,exploited_in_wild,CVE-2017-0199,Microsoft,Office and WordPad,1,older CVE; ransomware; Microsoft Office and WordPad Remote Code Execution Vulnerability
kev_entry,2021-11-03,exploited_in_wild,CVE-2017-11774,Microsoft,Office,1,older CVE; Microsoft Office Outlook Security Feature Bypass Vulnerability
kev_entry,2021-11-03,exploited_in_wild,CVE-2017-11882,Microsoft,Office,1,older CVE; ransomware; Microsoft Office Memory Corruption Vulnerability
kev_entry,2021-11-03,exploited_in_wild,CVE-2017-16651,Roundcube,Roundcube Webmail,1,older CVE; Roundcube Webmail File Disclosure Vulnerability
kev_entry,2021-11-03,exploited_in_wild,CVE-2017-5638,Apache,Struts,1,older CVE; ransomware; Apache Struts Remote Code Execution Vulnerability
kev_entry,2021-11-03,exploited_in_wild,CVE-2017-6327,Symantec,Symantec Messaging Gateway,1,older CVE; Symantec Messaging Gateway Remote Code Execution Vulnerability
kev_entry,2021-11-03,exploited_in_wild,CVE-2017-7269,Microsoft,Internet Information Services (IIS),1,older CVE; Microsoft Windows Server Buffer Overflow Vulnerability
kev_entry,2021-11-03,exploited_in_wild,CVE-2017-8759,Microsoft,.NET Framework,1,older CVE; Microsoft .NET Framework Remote Code Execution Vulnerability
kev_entry,2021-11-03,exploited_in_wild,CVE-2017-9248,Progress,ASP.NET AJAX and Sitefinity,1,older CVE; Progress Telerik UI for ASP.NET AJAX and Sitefinity Cryptographic Weakness Vulnerability
kev_entry,2021-11-03,exploited_in_wild,CVE-2017-9805,Apache,Struts,1,older CVE; Apache Struts Deserialization of Untrusted Data Vulnerability
kev_entry,2021-11-03,exploited_in_wild,CVE-2017-9822,DotNetNuke (DNN),DotNetNuke (DNN),1,older CVE; ransomware; DotNetNuke (DNN) Remote Code Execution Vulnerability
kev_entry,2021-11-03,exploited_in_wild,CVE-2018-0171,Cisco,IOS and IOS XE,1,older CVE; Cisco IOS and IOS XE Software Smart Install Remote Code Execution Vulnerability
kev_entry,2021-11-03,exploited_in_wild,CVE-2018-0296,Cisco,Adaptive Security Appliance (ASA),1,older CVE; Cisco Adaptive Security Appliance (ASA) Denial-of-Service Vulnerability
kev_entry,2021-11-03,exploited_in_wild,CVE-2018-0798,Microsoft,Office,1,older CVE; Microsoft Office Memory Corruption Vulnerability
kev_entry,2021-11-03,exploited_in_wild,CVE-2018-0802,Microsoft,Office,1,older CVE; ransomware; Microsoft Office Memory Corruption Vulnerability
kev_entry,2021-11-03,exploited_in_wild,CVE-2018-11776,Apache,Struts,1,older CVE; Apache Struts Remote Code Execution Vulnerability
kev_entry,2021-11-03,exploited_in_wild,CVE-2018-13379,Fortinet,FortiOS,1,older CVE; ransomware; Fortinet FortiOS SSL VPN Path Traversal Vulnerability
kev_entry,2021-11-03,exploited_in_wild,CVE-2018-14558,Tenda,"AC7, AC9, and AC10 Routers",1,"older CVE; Tenda AC7, AC9, and AC10 Routers Command Injection Vulnerability"
kev_entry,2021-11-03,exploited_in_wild,CVE-2018-15811,DotNetNuke (DNN),DotNetNuke (DNN),1,older CVE; DotNetNuke (DNN) Inadequate Encryption Strength Vulnerability
kev_entry,2021-11-03,exploited_in_wild,CVE-2018-15961,Adobe,ColdFusion,1,older CVE; Adobe ColdFusion Unrestricted File Upload Vulnerability
kev_entry,2021-11-03,exploited_in_wild,CVE-2018-18325,DotNetNuke (DNN),DotNetNuke (DNN),1,older CVE; DotNetNuke (DNN) Inadequate Encryption Strength Vulnerability
kev_entry,2021-11-03,exploited_in_wild,CVE-2018-20062,ThinkPHP,noneCms,1,"older CVE; ThinkPHP ""noneCms"" Remote Code Execution Vulnerability"
kev_entry,2021-11-03,exploited_in_wild,CVE-2018-2380,SAP,Customer Relationship Management (CRM),1,older CVE; ransomware; SAP Customer Relationship Management (CRM) Path Traversal Vulnerability
kev_entry,2021-11-03,exploited_in_wild,CVE-2018-4878,Adobe,Flash Player,1,older CVE; ransomware; Adobe Flash Player Use-After-Free Vulnerability
kev_entry,2021-11-03,exploited_in_wild,CVE-2018-4939,Adobe,ColdFusion,1,older CVE; Adobe ColdFusion Deserialization of Untrusted Data Vulnerability
kev_entry,2021-11-03,exploited_in_wild,CVE-2018-6789,Exim,Exim,1,older CVE; ransomware; Exim Buffer Overflow Vulnerability
kev_entry,2021-11-03,exploited_in_wild,CVE-2018-7600,Drupal,Drupal Core,1,older CVE; ransomware; Drupal Core Remote Code Execution Vulnerability
kev_entry,2021-11-03,exploited_in_wild,CVE-2018-8653,Microsoft,Internet Explorer,1,older CVE; Microsoft Internet Explorer Scripting Engine Memory Corruption Vulnerability
kev_entry,2021-11-03,exploited_in_wild,CVE-2019-0211,Apache,HTTP Server,1,older CVE; Apache HTTP Server Privilege Escalation Vulnerability
kev_entry,2021-11-03,exploited_in_wild,CVE-2019-0541,Microsoft,MSHTML,1,older CVE; Microsoft MSHTML Remote Code Execution Vulnerability
kev_entry,2021-11-03,exploited_in_wild,CVE-2019-0604,Microsoft,SharePoint,1,older CVE; ransomware; Microsoft SharePoint Remote Code Execution Vulnerability
kev_entry,2021-11-03,exploited_in_wild,CVE-2019-0708,Microsoft,Remote Desktop Services,1,older CVE; ransomware; Microsoft Remote Desktop Services Remote Code Execution Vulnerability
kev_entry,2021-11-03,exploited_in_wild,CVE-2019-0797,Microsoft,Win32k,1,older CVE; Microsoft Win32k Privilege Escalation Vulnerability
kev_entry,2021-11-03,exploited_in_wild,CVE-2019-0803,Microsoft,Win32k,1,older CVE; ransomware; Microsoft Win32k Privilege Escalation Vulnerability
kev_entry,2021-11-03,exploited_in_wild,CVE-2019-0808,Microsoft,Win32k,1,older CVE; Microsoft Win32k Privilege Escalation Vulnerability
kev_entry,2021-11-03,exploited_in_wild,CVE-2019-0859,Microsoft,Win32k,1,older CVE; Microsoft Win32k Privilege Escalation Vulnerability
kev_entry,2021-11-03,exploited_in_wild,CVE-2019-0863,Microsoft,Windows,1,older CVE; Microsoft Windows Error Reporting (WER) Privilege Escalation Vulnerability
kev_entry,2021-11-03,exploited_in_wild,CVE-2019-11510,Ivanti,Pulse Connect Secure,1,older CVE; ransomware; Ivanti Pulse Connect Secure Arbitrary File Read Vulnerability
kev_entry,2021-11-03,exploited_in_wild,CVE-2019-11539,Ivanti,Pulse Connect Secure and Pulse Policy Secure,1,older CVE; ransomware; Ivanti Pulse Connect Secure and Policy Secure Command Injection Vulnerability
kev_entry,2021-11-03,exploited_in_wild,CVE-2019-11580,Atlassian,Crowd and Crowd Data Center,1,older CVE; ransomware; Atlassian Crowd and Crowd Data Center Remote Code Execution Vulnerability
kev_entry,2021-11-03,exploited_in_wild,CVE-2019-11634,Citrix,Workspace Application and Receiver for Windows,1,older CVE; ransomware; Citrix Workspace Application and Receiver for Windows Remote Code Execution Vulnerability
kev_entry,2021-11-03,exploited_in_wild,CVE-2019-1214,Microsoft,Windows,1,older CVE; Microsoft Windows Privilege Common Log File System (CLFS) Escalation Vulnerability
kev_entry,2021-11-03,exploited_in_wild,CVE-2019-1215,Microsoft,Windows,1,older CVE; ransomware; Microsoft Windows Privilege Escalation Vulnerability
kev_entry,2021-11-03,exploited_in_wild,CVE-2019-13608,Citrix,StoreFront Server,1,older CVE; ransomware; Citrix StoreFront Server XML External Entity (XXE) Processing Vulnerability
kev_entry,2021-11-03,exploited_in_wild,CVE-2019-1367,Microsoft,Internet Explorer,1,older CVE; ransomware; Microsoft Internet Explorer Scripting Engine Memory Corruption Vulnerability
kev_entry,2021-11-03,exploited_in_wild,CVE-2019-1429,Microsoft,Internet Explorer,1,older CVE; Microsoft Internet Explorer Scripting Engine Memory Corruption Vulnerability
kev_entry,2021-11-03,exploited_in_wild,CVE-2019-15752,Docker,Desktop Community Edition,1,older CVE; Docker Desktop Community Edition Privilege Escalation Vulnerability
kev_entry,2021-11-03,exploited_in_wild,CVE-2019-15949,Nagios,Nagios XI,1,older CVE; Nagios XI Remote Code Execution Vulnerability
kev_entry,2021-11-03,exploited_in_wild,CVE-2019-16256,SIMalliance,Toolbox Browser,1,older CVE; SIMalliance Toolbox Browser Command Injection Vulnerability
kev_entry,2021-11-03,exploited_in_wild,CVE-2019-1653,Cisco,Small Business RV320 and RV325 Routers,1,older CVE; Cisco Small Business RV320 and RV325 Routers Information Disclosure Vulnerability
kev_entry,2021-11-03,exploited_in_wild,CVE-2019-16759,vBulletin,vBulletin,1,older CVE; vBulletin PHP Module Remote Code Execution Vulnerability
kev_entry,2021-11-03,exploited_in_wild,CVE-2019-17026,Mozilla,Firefox and Thunderbird,1,older CVE; Mozilla Firefox And Thunderbird Type Confusion Vulnerability
kev_entry,2021-11-03,exploited_in_wild,CVE-2019-17558,Apache,Solr,1,older CVE; Apache Solr VelocityResponseWriter Plug-In Remote Code Execution Vulnerability
kev_entry,2021-11-03,exploited_in_wild,CVE-2019-18187,Trend Micro,OfficeScan,1,older CVE; Trend Micro OfficeScan Directory Traversal Vulnerability
kev_entry,2021-11-03,exploited_in_wild,CVE-2019-18935,Progress,Telerik UI for ASP.NET AJAX,1,older CVE; ransomware; Progress Telerik UI for ASP.NET AJAX Deserialization of Untrusted Data Vulnerability
kev_entry,2021-11-03,exploited_in_wild,CVE-2019-18988,TeamViewer,Desktop,1,older CVE; TeamViewer Desktop Bypass Remote Login Vulnerability
kev_entry,2021-11-03,exploited_in_wild,CVE-2019-19356,Netis,WF2419 Devices,1,older CVE; Netis WF2419 Devices Remote Code Execution Vulnerability
kev_entry,2021-11-03,exploited_in_wild,CVE-2019-19781,Citrix,"Application Delivery Controller (ADC), Gateway, and SD-WAN WANOP Appliance",1,"older CVE; ransomware; Citrix ADC, Gateway, and SD-WAN WANOP Appliance Code Execution Vulnerability"
kev_entry,2021-11-03,exploited_in_wild,CVE-2019-20085,TVT,NVMS-1000,1,older CVE; TVT NVMS-1000 Directory Traversal Vulnerability
kev_entry,2021-11-03,exploited_in_wild,CVE-2019-2215,Android,Android Kernel,1,older CVE; Android Kernel Use-After-Free Vulnerability
kev_entry,2021-11-03,exploited_in_wild,CVE-2019-3396,Atlassian,Confluence Server and Data Server,1,older CVE; ransomware; Atlassian Confluence Server and Data Center Server-Side Template Injection Vulnerability
kev_entry,2021-11-03,exploited_in_wild,CVE-2019-3398,Atlassian,Confluence Server and Data Center,1,older CVE; Atlassian Confluence Server and Data Center Path Traversal Vulnerability
kev_entry,2021-11-03,exploited_in_wild,CVE-2019-4716,IBM,Planning Analytics,1,older CVE; IBM Planning Analytics Remote Code Execution Vulnerability
kev_entry,2021-11-03,exploited_in_wild,CVE-2019-5544,VMware,VMware ESXi and Horizon DaaS,1,older CVE; ransomware; VMware ESXi and Horizon DaaS OpenSLP Heap-Based Buffer Overflow Vulnerability
kev_entry,2021-11-03,exploited_in_wild,CVE-2019-5591,Fortinet,FortiOS,1,older CVE; ransomware; Fortinet FortiOS Default Configuration Vulnerability
kev_entry,2021-11-03,exploited_in_wild,CVE-2019-6223,Apple,iOS and macOS,1,older CVE; Apple iOS and macOS Group Facetime Vulnerability
kev_entry,2021-11-03,exploited_in_wild,CVE-2019-7481,SonicWall,SMA100,1,older CVE; ransomware; SonicWall SMA100 SQL Injection Vulnerability
kev_entry,2021-11-03,exploited_in_wild,CVE-2019-8394,Zoho,ManageEngine,1,older CVE; Zoho ManageEngine ServiceDesk Plus (SDP) File Upload Vulnerability
kev_entry,2021-11-03,exploited_in_wild,CVE-2019-9082,ThinkPHP,ThinkPHP,1,older CVE; ThinkPHP Remote Code Execution Vulnerability
kev_entry,2021-11-03,exploited_in_wild,CVE-2019-9978,WordPress,Social Warfare Plugin,1,older CVE; WordPress Social Warfare Plugin Cross-Site Scripting (XSS) Vulnerability
kev_entry,2021-11-03,exploited_in_wild,CVE-2020-0041,Android,Android Kernel,1,older CVE; Android Kernel Out-of-Bounds Write Vulnerability
kev_entry,2021-11-03,exploited_in_wild,CVE-2020-0069,MediaTek,Multiple Chipsets,1,older CVE; Mediatek Multiple Chipsets Insufficient Input Validation Vulnerability
kev_entry,2021-11-03,exploited_in_wild,CVE-2020-0601,Microsoft,Windows,1,older CVE; Microsoft Windows CryptoAPI Spoofing Vulnerability
kev_entry,2021-11-03,exploited_in_wild,CVE-2020-0646,Microsoft,.NET Framework,1,older CVE; Microsoft .NET Framework Remote Code Execution Vulnerability
kev_entry,2021-11-03,exploited_in_wild,CVE-2020-0674,Microsoft,Internet Explorer,1,older CVE; Microsoft Internet Explorer Scripting Engine Memory Corruption Vulnerability
kev_entry,2021-11-03,exploited_in_wild,CVE-2020-0683,Microsoft,Windows,1,older CVE; Microsoft Windows Installer Privilege Escalation Vulnerability
kev_entry,2021-11-03,exploited_in_wild,CVE-2020-0688,Microsoft,Exchange Server,1,older CVE; ransomware; Microsoft Exchange Server Validation Key Remote Code Execution Vulnerability
kev_entry,2021-11-03,exploited_in_wild,CVE-2020-0878,Microsoft,Edge and Internet Explorer,1,older CVE; ransomware; Microsoft Edge and Internet Explorer Memory Corruption Vulnerability
kev_entry,2021-11-03,exploited_in_wild,CVE-2020-0938,Microsoft,Windows,1,older CVE; Microsoft Windows Adobe Font Manager Library Remote Code Execution Vulnerability
kev_entry,2021-11-03,exploited_in_wild,CVE-2020-0968,Microsoft,Internet Explorer,1,older CVE; ransomware; Microsoft Internet Explorer Scripting Engine Memory Corruption Vulnerability
kev_entry,2021-11-03,exploited_in_wild,CVE-2020-0986,Microsoft,Windows,1,older CVE; Microsoft Windows Kernel Privilege Escalation Vulnerability
kev_entry,2021-11-03,exploited_in_wild,CVE-2020-10148,SolarWinds,Orion,1,older CVE; SolarWinds Orion Authentication Bypass Vulnerability
kev_entry,2021-11-03,exploited_in_wild,CVE-2020-10181,Sumavision,Enhanced Multimedia Router (EMR),1,older CVE; Sumavision EMR Cross-Site Request Forgery (CSRF) Vulnerability
kev_entry,2021-11-03,exploited_in_wild,CVE-2020-10189,Zoho,ManageEngine,1,older CVE; Zoho ManageEngine Desktop Central File Upload Vulnerability
kev_entry,2021-11-03,exploited_in_wild,CVE-2020-10199,Sonatype,Nexus Repository,1,older CVE; Sonatype Nexus Repository Remote Code Execution Vulnerability
kev_entry,2021-11-03,exploited_in_wild,CVE-2020-1020,Microsoft,Windows,1,older CVE; Microsoft Windows Adobe Font Manager Library Remote Code Execution Vulnerability
kev_entry,2021-11-03,exploited_in_wild,CVE-2020-10221,rConfig,rConfig,1,older CVE; rConfig OS Command Injection Vulnerability
kev_entry,2021-11-03,exploited_in_wild,CVE-2020-1040,Microsoft,Hyper-V RemoteFX,1,older CVE; Microsoft Hyper-V RemoteFX vGPU Remote Code Execution Vulnerability
kev_entry,2021-11-03,exploited_in_wild,CVE-2020-1054,Microsoft,Win32k,1,older CVE; Microsoft Win32k Privilege Escalation Vulnerability
kev_entry,2021-11-03,exploited_in_wild,CVE-2020-10987,Tenda,AC1900 Router AC15 Model,1,older CVE; Tenda AC1900 Router AC15 Model Remote Code Execution Vulnerability
kev_entry,2021-11-03,exploited_in_wild,CVE-2020-1147,Microsoft,".NET Framework, SharePoint, Visual Studio",1,"older CVE; Microsoft .NET Framework, SharePoint, and Visual Studio Remote Code Execution Vulnerability"
kev_entry,2021-11-03,exploited_in_wild,CVE-2020-11651,SaltStack,Salt,1,older CVE; SaltStack Salt Authentication Bypass Vulnerability
kev_entry,2021-11-03,exploited_in_wild,CVE-2020-11652,SaltStack,Salt,1,older CVE; SaltStack Salt Path Traversal Vulnerability
kev_entry,2021-11-03,exploited_in_wild,CVE-2020-11738,WordPress,Snap Creek Duplicator Plugin,1,older CVE; WordPress Snap Creek Duplicator Plugin File Download Vulnerability
kev_entry,2021-11-03,exploited_in_wild,CVE-2020-12271,Sophos,SFOS,1,older CVE; ransomware; Sophos SFOS SQL Injection Vulnerability
kev_entry,2021-11-03,exploited_in_wild,CVE-2020-12812,Fortinet,FortiOS,1,older CVE; ransomware; Fortinet FortiOS SSL VPN Improper Authentication Vulnerability
kev_entry,2021-11-03,exploited_in_wild,CVE-2020-1350,Microsoft,Windows,1,older CVE; Microsoft Windows DNS Server Remote Code Execution Vulnerability
kev_entry,2021-11-03,exploited_in_wild,CVE-2020-1380,Microsoft,Internet Explorer,1,older CVE; Microsoft Internet Explorer Scripting Engine Memory Corruption Vulnerability
kev_entry,2021-11-03,exploited_in_wild,CVE-2020-1464,Microsoft,Windows,1,older CVE; Microsoft Windows Spoofing Vulnerability
kev_entry,2021-11-03,exploited_in_wild,CVE-2020-1472,Microsoft,Netlogon,1,older CVE; ransomware; Microsoft Netlogon Privilege Escalation Vulnerability
kev_entry,2021-11-03,exploited_in_wild,CVE-2020-14750,Oracle,WebLogic Server,1,older CVE; Oracle WebLogic Server Remote Code Execution Vulnerability
kev_entry,2021-11-03,exploited_in_wild,CVE-2020-14871,Oracle,Solaris and Zettabyte File System (ZFS),1,older CVE; Oracle Solaris and Zettabyte File System (ZFS) Unspecified Vulnerability
kev_entry,2021-11-03,exploited_in_wild,CVE-2020-14882,Oracle,WebLogic Server,1,older CVE; Oracle WebLogic Server Remote Code Execution Vulnerability
kev_entry,2021-11-03,exploited_in_wild,CVE-2020-14883,Oracle,WebLogic Server,1,older CVE; Oracle WebLogic Server Unspecified Vulnerability
kev_entry,2021-11-03,exploited_in_wild,CVE-2020-15505,Ivanti,MobileIron Multiple Products,1,older CVE; Ivanti MobileIron Multiple Products Remote Code Execution Vulnerability
kev_entry,2021-11-03,exploited_in_wild,CVE-2020-15999,Google,Chrome FreeType,1,older CVE; Google Chrome FreeType Heap Buffer Overflow Vulnerability
kev_entry,2021-11-03,exploited_in_wild,CVE-2020-16009,Google,Chromium V8,1,older CVE; Google Chromium V8 Type Confusion Vulnerability
kev_entry,2021-11-03,exploited_in_wild,CVE-2020-16010,Google,Chrome for Android UI,1,older CVE; Google Chrome for Android UI Heap Buffer Overflow Vulnerability
kev_entry,2021-11-03,exploited_in_wild,CVE-2020-16013,Google,Chromium V8,1,older CVE; Google Chromium V8 Incorrect Implementation Vulnerabililty
kev_entry,2021-11-03,exploited_in_wild,CVE-2020-16017,Google,Chrome,1,older CVE; Google Chrome Use-After-Free Vulnerability
kev_entry,2021-11-03,exploited_in_wild,CVE-2020-16846,SaltStack,Salt,1,older CVE; SaltStack Salt Shell Injection Vulnerability
kev_entry,2021-11-03,exploited_in_wild,CVE-2020-17087,Microsoft,Windows,1,older CVE; Microsoft Windows Kernel Privilege Escalation Vulnerability
kev_entry,2021-11-03,exploited_in_wild,CVE-2020-17144,Microsoft,Exchange Server,1,older CVE; Microsoft Exchange Server Remote Code Execution Vulnerability
kev_entry,2021-11-03,exploited_in_wild,CVE-2020-17496,vBulletin,vBulletin,1,older CVE; vBulletin PHP Module Remote Code Execution Vulnerability
kev_entry,2021-11-03,exploited_in_wild,CVE-2020-17530,Apache,Struts,1,older CVE; Apache Struts Remote Code Execution Vulnerability
kev_entry,2021-11-03,exploited_in_wild,CVE-2020-24557,Trend Micro,"Apex One, OfficeScan, and Worry-Free Business Security",1,older CVE; Trend Micro Multiple Products Improper Access Control Vulnerability
kev_entry,2021-11-03,exploited_in_wild,CVE-2020-25213,WordPress,File Manager Plugin,1,older CVE; WordPress File Manager Plugin Remote Code Execution Vulnerability
kev_entry,2021-11-03,exploited_in_wild,CVE-2020-25506,D-Link,DNS-320 Device,1,older CVE; D-Link DNS-320 Device Command Injection Vulnerability
kev_entry,2021-11-03,exploited_in_wild,CVE-2020-2555,Oracle,Multiple Products,1,older CVE; Oracle Multiple Products Remote Code Execution Vulnerability
kev_entry,2021-11-03,exploited_in_wild,CVE-2020-26919,NETGEAR,JGS516PE Devices,1,older CVE; Netgear JGS516PE Devices Missing Function Level Access Control Vulnerability
kev_entry,2021-11-03,exploited_in_wild,CVE-2020-27930,Apple,Multiple Products,1,older CVE; Apple Multiple Products Memory Corruption Vulnerability
kev_entry,2021-11-03,exploited_in_wild,CVE-2020-27932,Apple,Multiple Products,1,older CVE; Apple Multiple Products Type Confusion Vulnerability
kev_entry,2021-11-03,exploited_in_wild,CVE-2020-27950,Apple,Multiple Products,1,older CVE; Apple Multiple Products Memory Initialization Vulnerability
kev_entry,2021-11-03,exploited_in_wild,CVE-2020-29557,D-Link,DIR-825 R1 Devices,1,older CVE; D-Link DIR-825 R1 Devices Buffer Overflow Vulnerability
kev_entry,2021-11-03,exploited_in_wild,CVE-2020-29583,Zyxel,Multiple Products,1,older CVE; Zyxel Multiple Products Use of Hard-Coded Credentials Vulnerability
kev_entry,2021-11-03,exploited_in_wild,CVE-2020-3118,Cisco,IOS XR,1,older CVE; Cisco IOS XR Software Discovery Protocol Format String Vulnerability
kev_entry,2021-11-03,exploited_in_wild,CVE-2020-3161,Cisco,Cisco IP Phones,1,older CVE; Cisco IP Phones Web Server Remote Code Execution and Denial-of-Service Vulnerability
kev_entry,2021-11-03,exploited_in_wild,CVE-2020-3452,Cisco,Adaptive Security Appliance (ASA) and Firepower Threat Defense (FTD),1,older CVE; Cisco ASA and FTD Read-Only Path Traversal Vulnerability
kev_entry,2021-11-03,exploited_in_wild,CVE-2020-3566,Cisco,IOS XR,1,older CVE; Cisco IOS XR Software DVMRP Memory Exhaustion Vulnerability
kev_entry,2021-11-03,exploited_in_wild,CVE-2020-3569,Cisco,IOS XR,1,older CVE; Cisco IOS XR Software DVMRP Memory Exhaustion Vulnerability
kev_entry,2021-11-03,exploited_in_wild,CVE-2020-3580,Cisco,Adaptive Security Appliance (ASA) and Firepower Threat Defense (FTD),1,older CVE; ransomware; Cisco ASA and FTD Cross-Site Scripting (XSS) Vulnerability
kev_entry,2021-11-03,exploited_in_wild,CVE-2020-3950,VMware,Multiple Products,1,older CVE; VMware Multiple Products Privilege Escalation Vulnerability
kev_entry,2021-11-03,exploited_in_wild,CVE-2020-3952,VMware,vCenter Server,1,older CVE; VMware vCenter Server Information Disclosure Vulnerability
kev_entry,2021-11-03,exploited_in_wild,CVE-2020-3992,VMware,ESXi,1,older CVE; ransomware; VMware ESXi OpenSLP Use-After-Free Vulnerability
kev_entry,2021-11-03,exploited_in_wild,CVE-2020-4006,VMware,Multiple Products,1,older CVE; Multiple VMware Products Command Injection Vulnerability
kev_entry,2021-11-03,exploited_in_wild,CVE-2020-4427,IBM,Data Risk Manager,1,older CVE; IBM Data Risk Manager Security Bypass Vulnerability
kev_entry,2021-11-03,exploited_in_wild,CVE-2020-4428,IBM,Data Risk Manager,1,older CVE; IBM Data Risk Manager Remote Code Execution Vulnerability
kev_entry,2021-11-03,exploited_in_wild,CVE-2020-4430,IBM,Data Risk Manager,1,older CVE; IBM Data Risk Manager Directory Traversal Vulnerability
kev_entry,2021-11-03,exploited_in_wild,CVE-2020-5735,Amcrest,Cameras and Network Video Recorder (NVR),1,older CVE; Amcrest Cameras and NVR Stack-based Buffer Overflow Vulnerability
kev_entry,2021-11-03,exploited_in_wild,CVE-2020-5847,Unraid,Unraid,1,older CVE; Unraid Remote Code Execution Vulnerability
kev_entry,2021-11-03,exploited_in_wild,CVE-2020-5849,Unraid,Unraid,1,older CVE; Unraid Authentication Bypass Vulnerability
kev_entry,2021-11-03,exploited_in_wild,CVE-2020-5902,F5,BIG-IP,1,older CVE; ransomware; F5 BIG-IP Traffic Management User Interface (TMUI) Remote Code Execution Vulnerability
kev_entry,2021-11-03,exploited_in_wild,CVE-2020-6207,SAP,Solution Manager,1,older CVE; SAP Solution Manager Missing Authentication for Critical Function Vulnerability
kev_entry,2021-11-03,exploited_in_wild,CVE-2020-6287,SAP,NetWeaver,1,older CVE; SAP NetWeaver Missing Authentication for Critical Function Vulnerability
kev_entry,2021-11-03,exploited_in_wild,CVE-2020-6418,Google,Chromium V8,1,older CVE; Google Chromium V8 Type Confusion Vulnerability
kev_entry,2021-11-03,exploited_in_wild,CVE-2020-6819,Mozilla,Firefox and Thunderbird,1,older CVE; Mozilla Firefox And Thunderbird Use-After-Free Vulnerability
kev_entry,2021-11-03,exploited_in_wild,CVE-2020-6820,Mozilla,Firefox and Thunderbird,1,older CVE; Mozilla Firefox And Thunderbird Use-After-Free Vulnerability
kev_entry,2021-11-03,exploited_in_wild,CVE-2020-7961,Liferay,Liferay Portal,1,older CVE; Liferay Portal Deserialization of Untrusted Data Vulnerability
kev_entry,2021-11-03,exploited_in_wild,CVE-2020-8193,Citrix,"Application Delivery Controller (ADC), Gateway, and SD-WAN WANOP Appliance",1,"older CVE; Citrix ADC, Gateway, and SD-WAN WANOP Appliance Authorization Bypass Vulnerability"
kev_entry,2021-11-03,exploited_in_wild,CVE-2020-8195,Citrix,"Application Delivery Controller (ADC), Gateway, and SD-WAN WANOP Appliance",1,"older CVE; Citrix ADC, Gateway, and SD-WAN WANOP Appliance Information Disclosure Vulnerability"
kev_entry,2021-11-03,exploited_in_wild,CVE-2020-8196,Citrix,"Application Delivery Controller (ADC), Gateway, and SD-WAN WANOP Appliance",1,"older CVE; Citrix ADC, Gateway, and SD-WAN WANOP Appliance Information Disclosure Vulnerability"
kev_entry,2021-11-03,exploited_in_wild,CVE-2020-8243,Ivanti,Pulse Connect Secure,1,older CVE; Ivanti Pulse Connect Secure Code Execution Vulnerability
kev_entry,2021-11-03,exploited_in_wild,CVE-2020-8260,Ivanti,Pulse Connect Secure,1,older CVE; Ivanti Pulse Connect Secure Code Execution Vulnerability
kev_entry,2021-11-03,exploited_in_wild,CVE-2020-8467,Trend Micro,Apex One and OfficeScan,1,older CVE; Trend Micro Apex One and OfficeScan Remote Code Execution Vulnerability
kev_entry,2021-11-03,exploited_in_wild,CVE-2020-8468,Trend Micro,"Apex One, OfficeScan and Worry-Free Business Security Agents",1,older CVE; Trend Micro Multiple Products Content Validation Escape Vulnerability
kev_entry,2021-11-03,exploited_in_wild,CVE-2020-8515,DrayTek,Multiple Vigor Routers,1,older CVE; Multiple DrayTek Vigor Routers Web Management Page Vulnerability
kev_entry,2021-11-03,exploited_in_wild,CVE-2020-8599,Trend Micro,Apex One and OfficeScan,1,older CVE; Trend Micro Apex One and OfficeScan Authentication Bypass Vulnerability
kev_entry,2021-11-03,exploited_in_wild,CVE-2020-8644,PlaySMS,PlaySMS,1,older CVE; PlaySMS Server-Side Template Injection Vulnerability
kev_entry,2021-11-03,exploited_in_wild,CVE-2020-8655,EyesOfNetwork,EyesOfNetwork,1,older CVE; EyesOfNetwork Improper Privilege Management Vulnerability
kev_entry,2021-11-03,exploited_in_wild,CVE-2020-8657,EyesOfNetwork,EyesOfNetwork,1,older CVE; EyesOfNetwork Use of Hard-Coded Credentials Vulnerability
kev_entry,2021-11-03,exploited_in_wild,CVE-2020-9818,Apple,"iOS, iPadOS, and watchOS",1,"older CVE; Apple iOS, iPadOS, and watchOS Out-of-Bounds Write Vulnerability"
kev_entry,2021-11-03,exploited_in_wild,CVE-2020-9819,Apple,"iOS, iPadOS, and watchOS",1,"older CVE; Apple iOS, iPadOS, and watchOS Memory Corruption Vulnerability"
kev_entry,2021-11-03,exploited_in_wild,CVE-2020-9859,Apple,Multiple Products,1,older CVE; Apple Multiple Products Code Execution Vulnerability
kev_entry,2021-11-03,exploited_in_wild,CVE-2021-1497,Cisco,HyperFlex HX,1,same-year CVE; Cisco HyperFlex HX Installer Virtual Machine Command Injection Vulnerability
kev_entry,2021-11-03,exploited_in_wild,CVE-2021-1498,Cisco,HyperFlex HX,1,same-year CVE; Cisco HyperFlex HX Data Platform Command Injection Vulnerability
kev_entry,2021-11-03,exploited_in_wild,CVE-2021-1647,Microsoft,Defender,1,same-year CVE; Microsoft Defender Remote Code Execution Vulnerability
kev_entry,2021-11-03,exploited_in_wild,CVE-2021-1675,Microsoft,Windows,1,same-year CVE; ransomware; Microsoft Windows Print Spooler Remote Code Execution Vulnerability
kev_entry,2021-11-03,exploited_in_wild,CVE-2021-1732,Microsoft,Win32k,1,same-year CVE; ransomware; Microsoft Win32k Privilege Escalation Vulnerability
kev_entry,2021-11-03,exploited_in_wild,CVE-2021-1782,Apple,Multiple Products,1,same-year CVE; Apple Multiple Products Race Condition Vulnerability
kev_entry,2021-11-03,exploited_in_wild,CVE-2021-1870,Apple,"iOS, iPadOS, and macOS",1,"same-year CVE; Apple iOS, iPadOS, and macOS WebKit Remote Code Execution Vulnerability"
kev_entry,2021-11-03,exploited_in_wild,CVE-2021-1871,Apple,"iOS, iPadOS, and macOS",1,"same-year CVE; Apple iOS, iPadOS, and macOS WebKit Remote Code Execution Vulnerability"
kev_entry,2021-11-03,exploited_in_wild,CVE-2021-1879,Apple,"iOS, iPadOS, and watchOS",1,"same-year CVE; Apple iOS, iPadOS, and watchOS WebKit Cross-Site Scripting (XSS) Vulnerability"
kev_entry,2021-11-03,exploited_in_wild,CVE-2021-1905,Qualcomm,Multiple Chipsets,1,same-year CVE; Qualcomm Multiple Chipsets Use-After-Free Vulnerability
kev_entry,2021-11-03,exploited_in_wild,CVE-2021-1906,Qualcomm,Multiple Chipsets,1,same-year CVE; Qualcomm Multiple Chipsets Detection of Error Condition Without Action Vulnerability
kev_entry,2021-11-03,exploited_in_wild,CVE-2021-20016,SonicWall,SSLVPN SMA100,1,same-year CVE; ransomware; SonicWall SSLVPN SMA100 SQL Injection Vulnerability
kev_entry,2021-11-03,exploited_in_wild,CVE-2021-20021,SonicWall,SonicWall Email Security,1,same-year CVE; ransomware; SonicWall Email Security Improper Privilege Management Vulnerability
kev_entry,2021-11-03,exploited_in_wild,CVE-2021-20022,SonicWall,SonicWall Email Security,1,same-year CVE; ransomware; SonicWall Email Security Unrestricted Upload of File Vulnerability
kev_entry,2021-11-03,exploited_in_wild,CVE-2021-20023,SonicWall,SonicWall Email Security,1,same-year CVE; ransomware; SonicWall Email Security Path Traversal Vulnerability
kev_entry,2021-11-03,exploited_in_wild,CVE-2021-20090,Arcadyan,Buffalo Firmware,1,same-year CVE; Arcadyan Buffalo Firmware Path Traversal Vulnerability
kev_entry,2021-11-03,exploited_in_wild,CVE-2021-21017,Adobe,Acrobat and Reader,1,same-year CVE; Adobe Acrobat and Reader Heap-based Buffer Overflow Vulnerability
kev_entry,2021-11-03,exploited_in_wild,CVE-2021-21148,Google,Chromium V8,1,same-year CVE; Google Chromium V8 Heap Buffer Overflow Vulnerability
kev_entry,2021-11-03,exploited_in_wild,CVE-2021-21166,Google,Chromium,1,same-year CVE; Google Chromium Race Condition Vulnerability
kev_entry,2021-11-03,exploited_in_wild,CVE-2021-21193,Google,Chromium Blink,1,same-year CVE; Google Chromium Blink Use-After-Free Vulnerability
kev_entry,2021-11-03,exploited_in_wild,CVE-2021-21206,Google,Chromium Blink,1,same-year CVE; Google Chromium Blink Use-After-Free Vulnerability
kev_entry,2021-11-03,exploited_in_wild,CVE-2021-21220,Google,Chromium V8,1,same-year CVE; Google Chromium V8 Improper Input Validation Vulnerability
kev_entry,2021-11-03,exploited_in_wild,CVE-2021-21224,Google,Chromium V8,1,same-year CVE; Google Chromium V8 Type Confusion Vulnerability
kev_entry,2021-11-03,exploited_in_wild,CVE-2021-21972,VMware,vCenter Server,1,same-year CVE; ransomware; VMware vCenter Server Remote Code Execution Vulnerability
kev_entry,2021-11-03,exploited_in_wild,CVE-2021-21985,VMware,vCenter Server,1,same-year CVE; ransomware; VMware vCenter Server Improper Input Validation Vulnerability
kev_entry,2021-11-03,exploited_in_wild,CVE-2021-22005,VMware,vCenter Server,1,same-year CVE; ransomware; VMware vCenter Server File Upload Vulnerability
kev_entry,2021-11-03,exploited_in_wild,CVE-2021-22205,GitLab,Community and Enterprise Editions,1,same-year CVE; ransomware; GitLab Community and Enterprise Editions Remote Code Execution Vulnerability
kev_entry,2021-11-03,exploited_in_wild,CVE-2021-22502,Micro Focus,Operation Bridge Reporter (OBR),1,same-year CVE; Micro Focus Operation Bridge Report (OBR) Remote Code Execution Vulnerability
kev_entry,2021-11-03,exploited_in_wild,CVE-2021-22506,Micro Focus,Micro Focus Access Manager,1,same-year CVE; Micro Focus Access Manager Information Leakage Vulnerability
kev_entry,2021-11-03,exploited_in_wild,CVE-2021-22893,Ivanti,Pulse Connect Secure,1,same-year CVE; ransomware; Ivanti Pulse Connect Secure Use-After-Free Vulnerability
kev_entry,2021-11-03,exploited_in_wild,CVE-2021-22894,Ivanti,Pulse Connect Secure,1,same-year CVE; Ivanti Pulse Connect Secure Collaboration Suite Buffer Overflow Vulnerability
kev_entry,2021-11-03,exploited_in_wild,CVE-2021-22899,Ivanti,Pulse Connect Secure,1,same-year CVE; Ivanti Pulse Connect Secure Command Injection Vulnerability
kev_entry,2021-11-03,exploited_in_wild,CVE-2021-22900,Ivanti,Pulse Connect Secure,1,same-year CVE; Ivanti Pulse Connect Secure Unrestricted File Upload Vulnerability
kev_entry,2021-11-03,exploited_in_wild,CVE-2021-22986,F5,BIG-IP and BIG-IQ Centralized Management,1,same-year CVE; ransomware; F5 BIG-IP and BIG-IQ Centralized Management iControl REST Remote Code Execution Vulnerability
kev_entry,2021-11-03,exploited_in_wild,CVE-2021-23874,McAfee,McAfee Total Protection (MTP),1,same-year CVE; McAfee Total Protection (MTP) Improper Privilege Management Vulnerability
kev_entry,2021-11-03,exploited_in_wild,CVE-2021-26084,Atlassian,Confluence Server and Data Center,1,same-year CVE; ransomware; Atlassian Confluence Server and Data Center Object-Graph Navigation Language (OGNL) Injection Vulnerability
kev_entry,2021-11-03,exploited_in_wild,CVE-2021-26411,Microsoft,Internet Explorer,1,same-year CVE; ransomware; Microsoft Internet Explorer Memory Corruption Vulnerability
kev_entry,2021-11-03,exploited_in_wild,CVE-2021-26855,Microsoft,Exchange Server,1,same-year CVE; ransomware; Microsoft Exchange Server Remote Code Execution Vulnerability
kev_entry,2021-11-03,exploited_in_wild,CVE-2021-26857,Microsoft,Exchange Server,1,same-year CVE; ransomware; Microsoft Exchange Server Remote Code Execution Vulnerability
kev_entry,2021-11-03,exploited_in_wild,CVE-2021-26858,Microsoft,Exchange Server,1,same-year CVE; ransomware; Microsoft Exchange Server Remote Code Execution Vulnerability
kev_entry,2021-11-03,exploited_in_wild,CVE-2021-27059,Microsoft,Office,1,same-year CVE; Microsoft Office Remote Code Execution Vulnerability
kev_entry,2021-11-03,exploited_in_wild,CVE-2021-27065,Microsoft,Exchange Server,1,same-year CVE; ransomware; Microsoft Exchange Server Remote Code Execution Vulnerability
kev_entry,2021-11-03,exploited_in_wild,CVE-2021-27085,Microsoft,Internet Explorer,1,same-year CVE; Microsoft Internet Explorer Remote Code Execution Vulnerability
kev_entry,2021-11-03,exploited_in_wild,CVE-2021-27101,Accellion,FTA,1,same-year CVE; ransomware; Accellion FTA SQL Injection Vulnerability
kev_entry,2021-11-03,exploited_in_wild,CVE-2021-27102,Accellion,FTA,1,same-year CVE; ransomware; Accellion FTA OS Command Injection Vulnerability
kev_entry,2021-11-03,exploited_in_wild,CVE-2021-27103,Accellion,FTA,1,same-year CVE; ransomware; Accellion FTA Server-Side Request Forgery (SSRF) Vulnerability
kev_entry,2021-11-03,exploited_in_wild,CVE-2021-27104,Accellion,FTA,1,same-year CVE; ransomware; Accellion FTA OS Command Injection Vulnerability
kev_entry,2021-11-03,exploited_in_wild,CVE-2021-27561,Yealink,Device Management,1,same-year CVE; Yealink Device Management Server-Side Request Forgery (SSRF) Vulnerability
kev_entry,2021-11-03,exploited_in_wild,CVE-2021-27562,Arm,Trusted Firmware,1,same-year CVE; Arm Trusted Firmware Out-of-Bounds Write Vulnerability
kev_entry,2021-11-03,exploited_in_wild,CVE-2021-28310,Microsoft,Win32k,1,same-year CVE; Microsoft Win32k Privilege Escalation Vulnerability
kev_entry,2021-11-03,exploited_in_wild,CVE-2021-28550,Adobe,Acrobat and Reader,1,same-year CVE; Adobe Acrobat and Reader Use-After-Free Vulnerability
kev_entry,2021-11-03,exploited_in_wild,CVE-2021-28663,Arm,Mali Graphics Processing Unit (GPU),1,same-year CVE; Arm Mali Graphics Processing Unit (GPU) Use-After-Free Vulnerability
kev_entry,2021-11-03,exploited_in_wild,CVE-2021-28664,Arm,Mali Graphics Processing Unit (GPU),1,same-year CVE; Arm Mali Graphics Processing Unit (GPU) Unspecified Vulnerability
kev_entry,2021-11-03,exploited_in_wild,CVE-2021-30116,Kaseya,Virtual System/Server Administrator (VSA),1,same-year CVE; ransomware; Kaseya Virtual System/Server Administrator (VSA) Information Disclosure Vulnerability
kev_entry,2021-11-03,exploited_in_wild,CVE-2021-30551,Google,Chromium V8,1,same-year CVE; Google Chromium V8 Type Confusion Vulnerability
kev_entry,2021-11-03,exploited_in_wild,CVE-2021-30554,Google,Chromium WebGL,1,same-year CVE; Google Chromium WebGL Use-After-Free Vulnerability
kev_entry,2021-11-03,exploited_in_wild,CVE-2021-30563,Google,Chromium V8,1,same-year CVE; Google Chromium V8 Type Confusion Vulnerability
kev_entry,2021-11-03,exploited_in_wild,CVE-2021-30632,Google,Chromium V8,1,same-year CVE; Google Chromium V8 Out-of-Bounds Write Vulnerability
kev_entry,2021-11-03,exploited_in_wild,CVE-2021-30633,Google,Chromium Indexed DB API,1,same-year CVE; Google Chromium Indexed DB API Use-After-Free Vulnerability
kev_entry,2021-11-03,exploited_in_wild,CVE-2021-30657,Apple,macOS,1,same-year CVE; Apple macOS Unspecified Vulnerability
kev_entry,2021-11-03,exploited_in_wild,CVE-2021-30661,Apple,Multiple Products,1,same-year CVE; Apple Multiple Products WebKit Storage Use-After-Free Vulnerability
kev_entry,2021-11-03,exploited_in_wild,CVE-2021-30663,Apple,Multiple Products,1,same-year CVE; Apple Multiple Products WebKit Integer Overflow Vulnerability
kev_entry,2021-11-03,exploited_in_wild,CVE-2021-30665,Apple,Multiple Products,1,same-year CVE; Apple Multiple Products WebKit Memory Corruption Vulnerability
kev_entry,2021-11-03,exploited_in_wild,CVE-2021-30666,Apple,iOS,1,same-year CVE; Apple iOS WebKit Buffer Overflow Vulnerability
kev_entry,2021-11-03,exploited_in_wild,CVE-2021-30713,Apple,macOS,1,same-year CVE; Apple macOS Unspecified Vulnerability
kev_entry,2021-11-03,exploited_in_wild,CVE-2021-30761,Apple,iOS,1,same-year CVE; Apple iOS WebKit Memory Corruption Vulnerability
kev_entry,2021-11-03,exploited_in_wild,CVE-2021-30762,Apple,iOS,1,same-year CVE; Apple iOS WebKit Use-After-Free Vulnerability
kev_entry,2021-11-03,exploited_in_wild,CVE-2021-30807,Apple,Multiple Products,1,same-year CVE; Apple Multiple Products Memory Corruption Vulnerability
kev_entry,2021-11-03,exploited_in_wild,CVE-2021-30858,Apple,"iOS, iPadOS, and macOS",1,"same-year CVE; Apple iOS, iPadOS, macOS Use-After-Free Vulnerability"
kev_entry,2021-11-03,exploited_in_wild,CVE-2021-30860,Apple,Multiple Products,1,same-year CVE; Apple Multiple Products Integer Overflow Vulnerability
kev_entry,2021-11-03,exploited_in_wild,CVE-2021-30869,Apple,"iOS, iPadOS, and macOS",1,"same-year CVE; Apple iOS, iPadOS, and macOS Type Confusion Vulnerability"
kev_entry,2021-11-03,exploited_in_wild,CVE-2021-31199,Microsoft,Enhanced Cryptographic Provider,1,same-year CVE; Microsoft Enhanced Cryptographic Provider Privilege Escalation Vulnerability
kev_entry,2021-11-03,exploited_in_wild,CVE-2021-31201,Microsoft,Enhanced Cryptographic Provider,1,same-year CVE; Microsoft Enhanced Cryptographic Provider Privilege Escalation Vulnerability
kev_entry,2021-11-03,exploited_in_wild,CVE-2021-31207,Microsoft,Exchange Server,1,same-year CVE; ransomware; Microsoft Exchange Server Security Feature Bypass Vulnerability
kev_entry,2021-11-03,exploited_in_wild,CVE-2021-31755,Tenda,AC11 Router,1,same-year CVE; Tenda AC11 Router Stack Buffer Overflow Vulnerability
kev_entry,2021-11-03,exploited_in_wild,CVE-2021-31955,Microsoft,Windows,1,same-year CVE; Microsoft Windows Kernel Information Disclosure Vulnerability
kev_entry,2021-11-03,exploited_in_wild,CVE-2021-31956,Microsoft,Windows,1,same-year CVE; Microsoft Windows NTFS Privilege Escalation Vulnerability
kev_entry,2021-11-03,exploited_in_wild,CVE-2021-31979,Microsoft,Windows,1,same-year CVE; Microsoft Windows Kernel Privilege Escalation Vulnerability
kev_entry,2021-11-03,exploited_in_wild,CVE-2021-33739,Microsoft,Windows,1,same-year CVE; Microsoft Desktop Window Manager (DWM) Core Library Privilege Escalation Vulnerability
kev_entry,2021-11-03,exploited_in_wild,CVE-2021-33742,Microsoft,Windows,1,same-year CVE; Microsoft Windows MSHTML Platform Remote Code Execution Vulnerability
kev_entry,2021-11-03,exploited_in_wild,CVE-2021-33771,Microsoft,Windows,1,same-year CVE; Microsoft Windows Kernel Privilege Escalation Vulnerability
kev_entry,2021-11-03,exploited_in_wild,CVE-2021-34448,Microsoft,Windows,1,same-year CVE; Microsoft Windows Scripting Engine Memory Corruption Vulnerability
kev_entry,2021-11-03,exploited_in_wild,CVE-2021-34473,Microsoft,Exchange Server,1,same-year CVE; ransomware; Microsoft Exchange Server Remote Code Execution Vulnerability
kev_entry,2021-11-03,exploited_in_wild,CVE-2021-34523,Microsoft,Exchange Server,1,same-year CVE; ransomware; Microsoft Exchange Server Privilege Escalation Vulnerability
kev_entry,2021-11-03,exploited_in_wild,CVE-2021-34527,Microsoft,Windows,1,same-year CVE; ransomware; Microsoft Windows Print Spooler Remote Code Execution Vulnerability
kev_entry,2021-11-03,exploited_in_wild,CVE-2021-35211,SolarWinds,Serv-U,1,same-year CVE; ransomware; SolarWinds Serv-U Remote Code Execution Vulnerability
kev_entry,2021-11-03,exploited_in_wild,CVE-2021-35395,Realtek,AP-Router SDK,1,same-year CVE; Realtek AP-Router SDK Buffer Overflow Vulnerability
kev_entry,2021-11-03,exploited_in_wild,CVE-2021-35464,ForgeRock,Access Management (AM),1,same-year CVE; ransomware; ForgeRock Access Management (AM) Core Server Remote Code Execution Vulnerability
kev_entry,2021-11-03,exploited_in_wild,CVE-2021-36741,Trend Micro,"Apex One, Apex One as a Service, and Worry-Free Business Security",1,same-year CVE; Trend Micro Multiple Products Improper Input Validation Vulnerability
kev_entry,2021-11-03,exploited_in_wild,CVE-2021-36742,Trend Micro,"Apex One, Apex One as a Service, and Worry-Free Business Security",1,same-year CVE; Trend Micro Multiple Products Improper Input Validation Vulnerability
kev_entry,2021-11-03,exploited_in_wild,CVE-2021-36942,Microsoft,Windows,1,same-year CVE; ransomware; Microsoft Windows Local Security Authority (LSA) Spoofing Vulnerability
kev_entry,2021-11-03,exploited_in_wild,CVE-2021-36948,Microsoft,Windows,1,same-year CVE; Microsoft Windows Update Medic Service Privilege Escalation Vulnerability
kev_entry,2021-11-03,exploited_in_wild,CVE-2021-36955,Microsoft,Windows,1,same-year CVE; ransomware; Microsoft Windows Common Log File System (CLFS) Driver Privilege Escalation Vulnerability
kev_entry,2021-11-03,exploited_in_wild,CVE-2021-37973,Google,Chromium Portals,1,same-year CVE; Google Chromium Portals Use-After-Free Vulnerability
kev_entry,2021-11-03,exploited_in_wild,CVE-2021-37975,Google,Chromium V8,1,same-year CVE; Google Chromium V8 Use-After-Free Vulnerability
kev_entry,2021-11-03,exploited_in_wild,CVE-2021-37976,Google,Chromium,1,same-year CVE; Google Chromium Information Disclosure Vulnerability
kev_entry,2021-11-03,exploited_in_wild,CVE-2021-38000,Google,Chromium Intents,1,same-year CVE; Google Chromium Intents Improper Input Validation Vulnerability
kev_entry,2021-11-03,exploited_in_wild,CVE-2021-38003,Google,Chromium V8,1,same-year CVE; Google Chromium V8 Memory Corruption Vulnerability
kev_entry,2021-11-03,exploited_in_wild,CVE-2021-38645,Microsoft,Open Management Infrastructure (OMI),1,same-year CVE; Microsoft Open Management Infrastructure (OMI) Privilege Escalation Vulnerability
kev_entry,2021-11-03,exploited_in_wild,CVE-2021-38647,Microsoft,Open Management Infrastructure (OMI),1,same-year CVE; ransomware; Microsoft Open Management Infrastructure (OMI) Remote Code Execution Vulnerability
kev_entry,2021-11-03,exploited_in_wild,CVE-2021-38648,Microsoft,Open Management Infrastructure (OMI),1,same-year CVE; Microsoft Open Management Infrastructure (OMI) Privilege Escalation Vulnerability
kev_entry,2021-11-03,exploited_in_wild,CVE-2021-38649,Microsoft,Open Management Infrastructure (OMI),1,same-year CVE; Microsoft Open Management Infrastructure (OMI) Privilege Escalation Vulnerability
kev_entry,2021-11-03,exploited_in_wild,CVE-2021-40444,Microsoft,MSHTML,1,same-year CVE; ransomware; Microsoft MSHTML Remote Code Execution Vulnerability
kev_entry,2021-11-03,exploited_in_wild,CVE-2021-40539,Zoho,ManageEngine,1,same-year CVE; ransomware; Zoho ManageEngine ADSelfService Plus Authentication Bypass Vulnerability
kev_entry,2021-11-03,exploited_in_wild,CVE-2021-41773,Apache,HTTP Server,1,same-year CVE; ransomware; Apache HTTP Server Path Traversal Vulnerability
kev_entry,2021-11-03,exploited_in_wild,CVE-2021-42013,Apache,HTTP Server,1,same-year CVE; ransomware; Apache HTTP Server Path Traversal Vulnerability
kev_entry,2021-11-03,exploited_in_wild,CVE-2021-42258,BQE,BillQuick Web Suite,1,same-year CVE; ransomware; BQE BillQuick Web Suite SQL Injection Vulnerability
kev_entry,2021-11-17,exploited_in_wild,CVE-2021-22204,Perl,Exiftool,1,same-year CVE; ExifTool Remote Code Execution Vulnerability
kev_entry,2021-11-17,exploited_in_wild,CVE-2021-40449,Microsoft,Windows,1,same-year CVE; ransomware; Microsoft Windows Win32k Privilege Escalation Vulnerability
kev_entry,2021-11-17,exploited_in_wild,CVE-2021-42292,Microsoft,Office,1,same-year CVE; Microsoft Excel Security Feature Bypass
kev_entry,2021-11-17,exploited_in_wild,CVE-2021-42321,Microsoft,Exchange,1,same-year CVE; ransomware; Microsoft Exchange Server Remote Code Execution Vulnerability
kev_entry,2021-12-01,exploited_in_wild,CVE-2018-14847,MikroTik,RouterOS,1,older CVE; MikroTik Router OS Directory Traversal Vulnerability
kev_entry,2021-12-01,exploited_in_wild,CVE-2020-11261,Qualcomm,"Snapdragon Auto, Snapdragon Compute, Snapdragon Connectivity, Snapdragon Consumer IOT, Snapdragon Industrial IOT, Snapdragon Mobile, Snapdragon Voice & Music, Snapdragon Wearables",1,older CVE; Qualcomm Multiple Chipsets Improper Input Validation Vulnerability
kev_entry,2021-12-01,exploited_in_wild,CVE-2021-37415,Zoho,ManageEngine ServiceDesk Plus (SDP),1,same-year CVE; Zoho ManageEngine ServiceDesk Authentication Bypass Vulnerability
kev_entry,2021-12-01,exploited_in_wild,CVE-2021-40438,Apache,Apache,1,same-year CVE; ransomware; Apache HTTP Server-Side Request Forgery (SSRF)
kev_entry,2021-12-01,exploited_in_wild,CVE-2021-44077,Zoho,ManageEngine ServiceDesk Plus (SDP) / SupportCenter Plus,1,same-year CVE; Zoho ManageEngine ServiceDesk Plus Remote Code Execution Vulnerability
kev_entry,2021-12-10,exploited_in_wild,CVE-2010-1871,Red Hat,JBoss Seam 2,1,older CVE; Red Hat Linux JBoss Seam 2 Remote Code Execution Vulnerability
kev_entry,2021-12-10,exploited_in_wild,CVE-2017-12149,Red Hat,JBoss Application Server,1,older CVE; ransomware; Red Hat JBoss Application Server Remote Code Execution Vulnerability
kev_entry,2021-12-10,exploited_in_wild,CVE-2017-17562,Embedthis,GoAhead,1,older CVE; Embedthis GoAhead Remote Code Execution Vulnerability
kev_entry,2021-12-10,exploited_in_wild,CVE-2019-0193,Apache,Solr,1,older CVE; Apache Solr DataImportHandler Code Injection Vulnerability
kev_entry,2021-12-10,exploited_in_wild,CVE-2019-10758,MongoDB,mongo-express,1,older CVE; MongoDB mongo-express Remote Code Execution Vulnerability
kev_entry,2021-12-10,exploited_in_wild,CVE-2019-13272,Linux,Kernel,1,older CVE; Linux Kernel Improper Privilege Management Vulnerability
kev_entry,2021-12-10,exploited_in_wild,CVE-2019-7238,Sonatype,Nexus Repository Manager,1,older CVE; Sonatype Nexus Repository Manager Incorrect Access Control Vulnerability
kev_entry,2021-12-10,exploited_in_wild,CVE-2020-17463,Fuel CMS,Fuel CMS,1,older CVE; Fuel CMS SQL Injection Vulnerability
kev_entry,2021-12-10,exploited_in_wild,CVE-2020-8816,Pi-hole,AdminLTE,1,older CVE; Pi-Hole AdminLTE Remote Code Execution Vulnerability
kev_entry,2021-12-10,exploited_in_wild,CVE-2021-35394,Realtek,Jungle Software Development Kit (SDK),1,same-year CVE; Realtek Jungle SDK Remote Code Execution Vulnerability
kev_entry,2021-12-10,exploited_in_wild,CVE-2021-44168,Fortinet,FortiOS,1,same-year CVE; Fortinet FortiOS Arbitrary File Download
kev_entry,2021-12-10,exploited_in_wild,CVE-2021-44228,Apache,Log4j2,1,same-year CVE; ransomware; Apache Log4j2 Remote Code Execution Vulnerability
kev_entry,2021-12-10,exploited_in_wild,CVE-2021-44515,Zoho,Desktop Central,1,same-year CVE; Zoho Desktop Central Authentication Bypass Vulnerability
kev_entry,2021-12-15,exploited_in_wild,CVE-2021-4102,Google,Chromium V8,1,same-year CVE; Google Chromium V8 Use-After-Free Vulnerability
kev_entry,2021-12-15,exploited_in_wild,CVE-2021-43890,Microsoft,Windows,1,same-year CVE; ransomware; Microsoft Windows AppX Installer Spoofing Vulnerability
kev_entry,2022-01-10,exploited_in_wild,CVE-2013-3900,Microsoft,WinVerifyTrust function,1,older CVE; Microsoft WinVerifyTrust function Remote Code Execution
kev_entry,2022-01-10,exploited_in_wild,CVE-2015-7450,IBM,WebSphere Application Server and Server Hypervisor Edition,1,older CVE; IBM WebSphere Application Server and Server Hypervisor Edition Code Injection.
kev_entry,2022-01-10,exploited_in_wild,CVE-2017-1000486,Primetek,Primefaces Application,1,older CVE; Primetek Primefaces Remote Code Execution Vulnerability
kev_entry,2022-01-10,exploited_in_wild,CVE-2018-13382,Fortinet,FortiOS and FortiProxy,1,older CVE; ransomware; Fortinet FortiOS and FortiProxy Improper Authorization
kev_entry,2022-01-10,exploited_in_wild,CVE-2018-13383,Fortinet,FortiOS and FortiProxy,1,older CVE; ransomware; Fortinet FortiOS and FortiProxy Out-of-bounds Write
kev_entry,2022-01-10,exploited_in_wild,CVE-2019-10149,Exim,Mail Transfer Agent (MTA),1,older CVE; Exim Mail Transfer Agent (MTA) Improper Input Validation
kev_entry,2022-01-10,exploited_in_wild,CVE-2019-1458,Microsoft,Win32k,1,older CVE; ransomware; Microsoft Win32k Privilege Escalation Vulnerability
kev_entry,2022-01-10,exploited_in_wild,CVE-2019-1579,Palo Alto Networks,PAN-OS,1,older CVE; ransomware; Palo Alto Networks PAN-OS Remote Code Execution Vulnerability
kev_entry,2022-01-10,exploited_in_wild,CVE-2019-2725,Oracle,WebLogic Server,1,"older CVE; ransomware; Oracle WebLogic Server, Injection"
kev_entry,2022-01-10,exploited_in_wild,CVE-2019-7609,Elastic,Kibana,1,older CVE; Kibana Arbitrary Code Execution
kev_entry,2022-01-10,exploited_in_wild,CVE-2019-9670,Synacor,Zimbra Collaboration Suite (ZCS),1,older CVE; Synacor Zimbra Collaboration Suite (ZCS) Improper Restriction of XML External Entity Reference
kev_entry,2022-01-10,exploited_in_wild,CVE-2020-6572,Google,Chrome Media,1,older CVE; Google Chrome Media Use-After-Free Vulnerability
kev_entry,2022-01-10,exploited_in_wild,CVE-2021-22017,VMware,vCenter Server,1,older CVE; VMware vCenter Server Improper Access Control
kev_entry,2022-01-10,exploited_in_wild,CVE-2021-27860,FatPipe,"WARP, IPVPN, and MPVPN software",1,"older CVE; FatPipe WARP, IPVPN, and MPVPN Configuration Upload exploit"
kev_entry,2022-01-10,exploited_in_wild,CVE-2021-36260,Hikvision,Security cameras web server,1,older CVE; Hikvision Improper Input Validation
kev_entry,2022-01-18,exploited_in_wild,CVE-2020-11978,Apache,Airflow,1,older CVE; Apache Airflow Command Injection
kev_entry,2022-01-18,exploited_in_wild,CVE-2020-13671,Drupal,Drupal core,1,older CVE; Drupal core Un-restricted Upload of File
kev_entry,2022-01-18,exploited_in_wild,CVE-2020-13927,Apache,Airflow's Experimental API,1,older CVE; Apache Airflow's Experimental API Authentication Bypass
kev_entry,2022-01-18,exploited_in_wild,CVE-2020-14864,Oracle,Intelligence Enterprise Edition,1,older CVE; Oracle Business Intelligence Enterprise Edition Path Transversal
kev_entry,2022-01-18,exploited_in_wild,CVE-2021-21315,Npm package,System Information Library for Node.JS,1,older CVE; System Information Library for Node.JS Command Injection
kev_entry,2022-01-18,exploited_in_wild,CVE-2021-21975,VMware,vRealize Operations Manager API,1,older CVE; ransomware; VMware Server Side Request Forgery in vRealize Operations Manager API
kev_entry,2022-01-18,exploited_in_wild,CVE-2021-22991,F5,BIG-IP Traffic Management Microkernel,1,older CVE; F5 BIG-IP Traffic Management Microkernel Buffer Overflow
kev_entry,2022-01-18,exploited_in_wild,CVE-2021-25296,Nagios,Nagios XI,1,older CVE; Nagios XI OS Command Injection
kev_entry,2022-01-18,exploited_in_wild,CVE-2021-25297,Nagios,Nagios XI,1,older CVE; Nagios XI OS Command Injection
kev_entry,2022-01-18,exploited_in_wild,CVE-2021-25298,Nagios,Nagios XI,1,older CVE; Nagios XI OS Command Injection
kev_entry,2022-01-18,exploited_in_wild,CVE-2021-32648,October CMS,October CMS,1,older CVE; October CMS Improper Authentication
kev_entry,2022-01-18,exploited_in_wild,CVE-2021-33766,Microsoft,Exchange Server,1,older CVE; Microsoft Exchange Server Information Disclosure
kev_entry,2022-01-18,exploited_in_wild,CVE-2021-40870,Aviatrix,Aviatrix Controller,1,older CVE; Aviatrix Controller Unrestricted Upload of File
kev_entry,2022-01-21,exploited_in_wild,CVE-2006-1547,Apache,Struts 1,1,older CVE; Apache Struts 1 ActionForm Denial-of-Service Vulnerability
kev_entry,2022-01-21,exploited_in_wild,CVE-2012-0391,Apache,Struts 2,1,older CVE; Apache Struts 2 Improper Input Validation Vulnerability
kev_entry,2022-01-21,exploited_in_wild,CVE-2018-8453,Microsoft,Win32k,1,older CVE; ransomware; Microsoft Win32k Privilege Escalation Vulnerability
kev_entry,2022-01-21,exploited_in_wild,CVE-2021-35247,SolarWinds,Serv-U,1,older CVE; SolarWinds Serv-U Improper Input Validation Vulnerability
kev_entry,2022-01-28,exploited_in_wild,CVE-2014-1776,Microsoft,Internet Explorer,1,older CVE; Microsoft Internet Explorer Memory Corruption Vulnerability
kev_entry,2022-01-28,exploited_in_wild,CVE-2014-6271,GNU,Bourne-Again Shell (Bash),1,older CVE; GNU Bourne-Again Shell (Bash) Arbitrary Code Execution Vulnerability
kev_entry,2022-01-28,exploited_in_wild,CVE-2014-7169,GNU,Bourne-Again Shell (Bash),1,older CVE; GNU Bourne-Again Shell (Bash) Arbitrary Code Execution Vulnerability
kev_entry,2022-01-28,exploited_in_wild,CVE-2017-5689,Intel,"Active Management Technology (AMT), Small Business Technology (SBT), and Standard Manageability",1,"older CVE; Intel Active Management Technology (AMT), Small Business Technology (SBT), and Standard Manageability Privileg"
kev_entry,2022-01-28,exploited_in_wild,CVE-2020-0787,Microsoft,Windows,1,older CVE; ransomware; Microsoft Windows Background Intelligent Transfer Service (BITS) Improper Privilege Management Vulnerability
kev_entry,2022-01-28,exploited_in_wild,CVE-2020-5722,Grandstream,UCM6200,1,older CVE; Grandstream Networks UCM6200 Series SQL Injection Vulnerability
kev_entry,2022-01-28,exploited_in_wild,CVE-2021-20038,SonicWall,SMA 100 Appliances,1,older CVE; ransomware; SonicWall SMA 100 Appliances Stack-Based Buffer Overflow Vulnerability
kev_entry,2022-01-28,exploited_in_wild,CVE-2022-22587,Apple,iOS and macOS,1,same-year CVE; Apple Memory Corruption Vulnerability
kev_entry,2022-02-04,exploited_in_wild,CVE-2022-21882,Microsoft,Win32k,1,same-year CVE; ransomware; Microsoft Win32k Privilege Escalation Vulnerability
kev_entry,2022-02-10,exploited_in_wild,CVE-2014-4404,Apple,OS X,1,older CVE; Apple OS X Heap-Based Buffer Overflow Vulnerability
kev_entry,2022-02-10,exploited_in_wild,CVE-2015-1130,Apple,OS X,1,older CVE; Apple OS X Authentication Bypass Vulnerability
kev_entry,2022-02-10,exploited_in_wild,CVE-2015-1635,Microsoft,HTTP.sys,1,older CVE; Microsoft HTTP.sys Remote Code Execution Vulnerability
kev_entry,2022-02-10,exploited_in_wild,CVE-2015-2051,D-Link,DIR-645 Router,1,older CVE; D-Link DIR-645 Router Remote Code Execution Vulnerability
kev_entry,2022-02-10,exploited_in_wild,CVE-2016-3088,Apache,ActiveMQ,1,older CVE; Apache ActiveMQ Improper Input Validation Vulnerability
kev_entry,2022-02-10,exploited_in_wild,CVE-2017-0144,Microsoft,SMBv1,1,older CVE; ransomware; Microsoft SMBv1 Remote Code Execution Vulnerability
kev_entry,2022-02-10,exploited_in_wild,CVE-2017-0145,Microsoft,SMBv1,1,older CVE; ransomware; Microsoft SMBv1 Remote Code Execution Vulnerability
kev_entry,2022-02-10,exploited_in_wild,CVE-2017-0262,Microsoft,Office,1,older CVE; Microsoft Office Remote Code Execution Vulnerability
kev_entry,2022-02-10,exploited_in_wild,CVE-2017-0263,Microsoft,Win32k,1,older CVE; Microsoft Win32k Privilege Escalation Vulnerability
kev_entry,2022-02-10,exploited_in_wild,CVE-2017-10271,Oracle,WebLogic Server,1,older CVE; ransomware; Oracle Corporation WebLogic Server Remote Code Execution Vulnerability
kev_entry,2022-02-10,exploited_in_wild,CVE-2017-8464,Microsoft,Windows,1,older CVE; Microsoft Windows Shell (.lnk) Remote Code Execution Vulnerability
kev_entry,2022-02-10,exploited_in_wild,CVE-2017-9791,Apache,Struts 1,1,older CVE; Apache Struts 1 Improper Input Validation Vulnerability
kev_entry,2022-02-10,exploited_in_wild,CVE-2018-1000861,Jenkins,Jenkins Stapler Web Framework,1,older CVE; Jenkins Stapler Web Framework Deserialization of Untrusted Data Vulnerability
kev_entry,2022-02-10,exploited_in_wild,CVE-2020-0796,Microsoft,SMBv3,1,older CVE; ransomware; Microsoft SMBv3 Remote Code Execution Vulnerability
kev_entry,2022-02-10,exploited_in_wild,CVE-2021-36934,Microsoft,Windows,1,older CVE; Microsoft Windows SAM Local Privilege Escalation Vulnerability
kev_entry,2022-02-11,exploited_in_wild,CVE-2022-22620,Apple,"iOS, iPadOS, and macOS",1,"same-year CVE; Apple iOS, iPadOS, and macOS Webkit Use-After-Free Vulnerability"
kev_entry,2022-02-15,exploited_in_wild,CVE-2013-3906,Microsoft,Graphics Component,1,older CVE; Microsoft Graphics Component Memory Corruption Vulnerability
kev_entry,2022-02-15,exploited_in_wild,CVE-2014-1761,Microsoft,Word,1,older CVE; Microsoft Word Memory Corruption Vulnerability
kev_entry,2022-02-15,exploited_in_wild,CVE-2017-9841,PHPUnit,PHPUnit,1,older CVE; PHPUnit Command Injection Vulnerability
kev_entry,2022-02-15,exploited_in_wild,CVE-2018-15982,Adobe,Flash Player,1,older CVE; ransomware; Adobe Flash Player Use-After-Free Vulnerability
kev_entry,2022-02-15,exploited_in_wild,CVE-2018-20250,RARLAB,WinRAR,1,older CVE; ransomware; WinRAR Absolute Path Traversal Vulnerability
kev_entry,2022-02-15,exploited_in_wild,CVE-2018-8174,Microsoft,Windows,1,older CVE; ransomware; Microsoft Windows VBScript Engine Out-of-Bounds Write Vulnerability
kev_entry,2022-02-15,exploited_in_wild,CVE-2019-0752,Microsoft,Internet Explorer,1,older CVE; ransomware; Microsoft Internet Explorer Type Confusion Vulnerability
kev_entry,2022-02-15,exploited_in_wild,CVE-2022-0609,Google,Chromium Animation,1,same-year CVE; Google Chromium Animation Use-After-Free Vulnerability
kev_entry,2022-02-15,exploited_in_wild,CVE-2022-24086,Adobe,Commerce and Magento Open Source,1,same-year CVE; Adobe Commerce and Magento Open Source Improper Input Validation Vulnerability
kev_entry,2022-02-22,exploited_in_wild,CVE-2022-23131,Zabbix,Frontend,1,same-year CVE; Zabbix Frontend Authentication Bypass Vulnerability
kev_entry,2022-02-22,exploited_in_wild,CVE-2022-23134,Zabbix,Frontend,1,same-year CVE; Zabbix Frontend Improper Access Control Vulnerability
kev_entry,2022-02-25,exploited_in_wild,CVE-2014-6352,Microsoft,Windows,1,older CVE; Microsoft Windows Code Injection Vulnerability
kev_entry,2022-02-25,exploited_in_wild,CVE-2017-0222,Microsoft,Internet Explorer,1,older CVE; Microsoft Internet Explorer Remote Code Execution Vulnerability
kev_entry,2022-02-25,exploited_in_wild,CVE-2017-8570,Microsoft,Office,1,older CVE; Microsoft Office Remote Code Execution Vulnerability
kev_entry,2022-02-25,exploited_in_wild,CVE-2022-24682,Synacor,Zimbra Collaborate Suite (ZCS),1,same-year CVE; ransomware; Synacor Zimbra Collaborate Suite (ZCS) Cross-Site Scripting Vulnerability
kev_entry,2022-03-03,exploited_in_wild,CVE-2002-0367,Microsoft,Windows,1,older CVE; Microsoft Windows Privilege Escalation Vulnerability
kev_entry,2022-03-03,exploited_in_wild,CVE-2004-0210,Microsoft,Windows,1,older CVE; Microsoft Windows Privilege Escalation Vulnerability
kev_entry,2022-03-03,exploited_in_wild,CVE-2008-2992,Adobe,Acrobat and Reader,1,older CVE; ransomware; Adobe Reader and Acrobat Input Validation Vulnerability
kev_entry,2022-03-03,exploited_in_wild,CVE-2008-3431,Oracle,VirtualBox,1,older CVE; Oracle VirtualBox Insufficient Input Validation Vulnerability
kev_entry,2022-03-03,exploited_in_wild,CVE-2009-1123,Microsoft,Windows,1,older CVE; Microsoft Windows Improper Input Validation Vulnerability
kev_entry,2022-03-03,exploited_in_wild,CVE-2009-3129,Microsoft,Excel,1,older CVE; Microsoft Excel Featheader Record Memory Corruption Vulnerability
kev_entry,2022-03-03,exploited_in_wild,CVE-2010-0188,Adobe,Reader and Acrobat,1,older CVE; ransomware; Adobe Reader and Acrobat Arbitrary Code Execution Vulnerability
kev_entry,2022-03-03,exploited_in_wild,CVE-2010-0232,Microsoft,Windows,1,older CVE; Microsoft Windows Kernel Exception Handler Vulnerability
kev_entry,2022-03-03,exploited_in_wild,CVE-2010-3333,Microsoft,Office,1,older CVE; Microsoft Office Stack-based Buffer Overflow Vulnerability
kev_entry,2022-03-03,exploited_in_wild,CVE-2011-0611,Adobe,Flash Player,1,older CVE; Adobe Flash Player Remote Code Execution Vulnerability
kev_entry,2022-03-03,exploited_in_wild,CVE-2011-1889,Microsoft,Forefront Threat Management Gateway (TMG),1,older CVE; Microsoft Forefront TMG Remote Code Execution Vulnerability
kev_entry,2022-03-03,exploited_in_wild,CVE-2011-3544,Oracle,Java SE JDK and JRE,1,older CVE; Oracle Java SE Runtime Environment (JRE) Arbitrary Code Execution Vulnerability
kev_entry,2022-03-03,exploited_in_wild,CVE-2012-0507,Oracle,Java SE,1,older CVE; ransomware; Oracle Java SE Runtime Environment (JRE) Arbitrary Code Execution Vulnerability
kev_entry,2022-03-03,exploited_in_wild,CVE-2012-1535,Adobe,Flash Player,1,older CVE; Adobe Flash Player Arbitrary Code Execution Vulnerability
kev_entry,2022-03-03,exploited_in_wild,CVE-2012-1723,Oracle,Java SE,1,older CVE; ransomware; Oracle Java SE Runtime Environment (JRE) Arbitrary Code Execution Vulnerability
kev_entry,2022-03-03,exploited_in_wild,CVE-2012-1856,Microsoft,Office,1,older CVE; Microsoft Office MSCOMCTL.OCX Remote Code Execution Vulnerability
kev_entry,2022-03-03,exploited_in_wild,CVE-2012-4681,Oracle,Java SE,1,older CVE; ransomware; Oracle Java SE Runtime Environment (JRE) Arbitrary Code Execution Vulnerability
kev_entry,2022-03-03,exploited_in_wild,CVE-2013-0632,Adobe,ColdFusion,1,older CVE; Adobe ColdFusion Authentication Bypass Vulnerability
kev_entry,2022-03-03,exploited_in_wild,CVE-2013-0640,Adobe,Reader and Acrobat,1,older CVE; Adobe Reader and Acrobat Memory Corruption Vulnerability
kev_entry,2022-03-03,exploited_in_wild,CVE-2013-0641,Adobe,Reader,1,older CVE; Adobe Reader Buffer Overflow Vulnerability
kev_entry,2022-03-03,exploited_in_wild,CVE-2013-1347,Microsoft,Internet Explorer,1,older CVE; Microsoft Internet Explorer Remote Code Execution Vulnerability
kev_entry,2022-03-03,exploited_in_wild,CVE-2013-1675,Mozilla,Firefox,1,older CVE; Mozilla Firefox Information Disclosure Vulnerability
kev_entry,2022-03-03,exploited_in_wild,CVE-2013-3346,Adobe,Reader and Acrobat,1,older CVE; Adobe Reader and Acrobat Memory Corruption Vulnerability
kev_entry,2022-03-03,exploited_in_wild,CVE-2013-3897,Microsoft,Internet Explorer,1,older CVE; Microsoft Internet Explorer Use-After-Free Vulnerability
kev_entry,2022-03-03,exploited_in_wild,CVE-2013-5065,Microsoft,Windows,1,older CVE; Microsoft Windows Kernel Privilege Escalation Vulnerability
kev_entry,2022-03-03,exploited_in_wild,CVE-2014-0496,Adobe,Reader and Acrobat,1,older CVE; Adobe Reader and Acrobat Use-After-Free Vulnerability
kev_entry,2022-03-03,exploited_in_wild,CVE-2014-4114,Microsoft,Windows,1,older CVE; Microsoft Windows Object Linking & Embedding (OLE) Remote Code Execution Vulnerability
kev_entry,2022-03-03,exploited_in_wild,CVE-2015-1642,Microsoft,Office,1,older CVE; Microsoft Office Memory Corruption Vulnerability
kev_entry,2022-03-03,exploited_in_wild,CVE-2015-1701,Microsoft,Win32k,1,older CVE; ransomware; Microsoft Win32k Privilege Escalation Vulnerability
kev_entry,2022-03-03,exploited_in_wild,CVE-2015-2387,Microsoft,ATM Font Driver,1,older CVE; Microsoft ATM Font Driver Privilege Escalation Vulnerability
kev_entry,2022-03-03,exploited_in_wild,CVE-2015-2424,Microsoft,PowerPoint,1,older CVE; Microsoft PowerPoint Memory Corruption Vulnerability
kev_entry,2022-03-03,exploited_in_wild,CVE-2015-2545,Microsoft,Office,1,older CVE; Microsoft Office Malformed EPS File Vulnerability
kev_entry,2022-03-03,exploited_in_wild,CVE-2015-2590,Oracle,Java SE,1,older CVE; Oracle Java SE and Java SE Embedded Remote Code Execution Vulnerability
kev_entry,2022-03-03,exploited_in_wild,CVE-2015-3043,Adobe,Flash Player,1,older CVE; Adobe Flash Player Memory Corruption Vulnerability
kev_entry,2022-03-03,exploited_in_wild,CVE-2015-4902,Oracle,Java SE,1,older CVE; Oracle Java SE Integrity Check Vulnerability
kev_entry,2022-03-03,exploited_in_wild,CVE-2015-5119,Adobe,Flash Player,1,older CVE; Adobe Flash Player Use-After-Free Vulnerability
kev_entry,2022-03-03,exploited_in_wild,CVE-2015-7645,Adobe,Flash Player,1,older CVE; ransomware; Adobe Flash Player Arbitrary Code Execution Vulnerability
kev_entry,2022-03-03,exploited_in_wild,CVE-2016-0099,Microsoft,Windows,1,older CVE; ransomware; Microsoft Windows Secondary Logon Service Privilege Escalation Vulnerability
kev_entry,2022-03-03,exploited_in_wild,CVE-2016-1019,Adobe,Flash Player,1,older CVE; ransomware; Adobe Flash Player Arbitrary Code Execution Vulnerability
kev_entry,2022-03-03,exploited_in_wild,CVE-2016-4117,Adobe,Flash Player,1,older CVE; ransomware; Adobe Flash Player Arbitrary Code Execution Vulnerability
kev_entry,2022-03-03,exploited_in_wild,CVE-2016-5195,Linux,Kernel,1,older CVE; Linux Kernel Race Condition Vulnerability
kev_entry,2022-03-03,exploited_in_wild,CVE-2016-7193,Microsoft,Office,1,older CVE; Microsoft Office Memory Corruption Vulnerability
kev_entry,2022-03-03,exploited_in_wild,CVE-2016-7262,Microsoft,Excel,1,older CVE; Microsoft Office Security Feature Bypass Vulnerability
kev_entry,2022-03-03,exploited_in_wild,CVE-2016-7855,Adobe,Flash Player,1,older CVE; Adobe Flash Player Use-After-Free Vulnerability
kev_entry,2022-03-03,exploited_in_wild,CVE-2016-8562,Siemens,SIMATIC CP,1,older CVE; Siemens SIMATIC CP 1543-1 Improper Privilege Management Vulnerability
kev_entry,2022-03-03,exploited_in_wild,CVE-2017-0001,Microsoft,Graphics Device Interface (GDI),1,older CVE; Microsoft Graphics Device Interface (GDI) Privilege Escalation Vulnerability
kev_entry,2022-03-03,exploited_in_wild,CVE-2017-0261,Microsoft,Office,1,older CVE; Microsoft Office Use-After-Free Vulnerability
kev_entry,2022-03-03,exploited_in_wild,CVE-2017-11292,Adobe,Flash Player,1,older CVE; Adobe Flash Player Type Confusion Vulnerability
kev_entry,2022-03-03,exploited_in_wild,CVE-2017-11826,Microsoft,Office,1,older CVE; Microsoft Office Remote Code Execution Vulnerability
kev_entry,2022-03-03,exploited_in_wild,CVE-2017-12231,Cisco,IOS software,1,older CVE; Cisco IOS Software Network Address Translation Denial-of-Service Vulnerability
kev_entry,2022-03-03,exploited_in_wild,CVE-2017-12232,Cisco,IOS software,1,older CVE; Cisco IOS Software for Cisco Integrated Services Routers Denial-of-Service Vulnerability
kev_entry,2022-03-03,exploited_in_wild,CVE-2017-12233,Cisco,IOS software,1,older CVE; Cisco IOS Software Common Industrial Protocol Request Denial-of-Service Vulnerability
kev_entry,2022-03-03,exploited_in_wild,CVE-2017-12234,Cisco,IOS software,1,older CVE; Cisco IOS Software Common Industrial Protocol Request Denial-of-Service Vulnerability
kev_entry,2022-03-03,exploited_in_wild,CVE-2017-12235,Cisco,IOS software,1,older CVE; Cisco IOS Software for Cisco Industrial Ethernet Switches PROFINET Denial-of-Service Vulnerability
kev_entry,2022-03-03,exploited_in_wild,CVE-2017-12237,Cisco,IOS and IOS XE Software,1,older CVE; Cisco IOS and IOS XE Software Internet Key Exchange Denial-of-Service Vulnerability
kev_entry,2022-03-03,exploited_in_wild,CVE-2017-12238,Cisco,Catalyst 6800 Series Switches,1,older CVE; Cisco Catalyst 6800 Series Switches VPLS Denial-of-Service Vulnerability
kev_entry,2022-03-03,exploited_in_wild,CVE-2017-12240,Cisco,IOS and IOS XE Software,1,older CVE; Cisco IOS and IOS XE Software DHCP Remote Code Execution Vulnerability
kev_entry,2022-03-03,exploited_in_wild,CVE-2017-12319,Cisco,IOS XE Software,1,older CVE; Cisco IOS XE Software Ethernet Virtual Private Network Border Gateway Protocol Denial-of-Service Vulnerability
kev_entry,2022-03-03,exploited_in_wild,CVE-2017-6627,Cisco,IOS and IOS XE Software,1,older CVE; Cisco IOS Software and Cisco IOS XE Software UDP Packet Processing Denial-of-Service Vulnerability
kev_entry,2022-03-03,exploited_in_wild,CVE-2017-6663,Cisco,IOS and IOS XE Software,1,older CVE; Cisco IOS Software and Cisco IOS XE Software Denial-of-Service Vulnerability
kev_entry,2022-03-03,exploited_in_wild,CVE-2017-6736,Cisco,IOS and IOS XE Software,1,older CVE; Cisco IOS and IOS XE Software SNMP Remote Code Execution Vulnerability
kev_entry,2022-03-03,exploited_in_wild,CVE-2017-6737,Cisco,IOS and IOS XE Software,1,older CVE; Cisco IOS and IOS XE Software SNMP Remote Code Execution Vulnerability
kev_entry,2022-03-03,exploited_in_wild,CVE-2017-6738,Cisco,IOS and IOS XE Software,1,older CVE; Cisco IOS and IOS XE Software SNMP Remote Code Execution Vulnerability
kev_entry,2022-03-03,exploited_in_wild,CVE-2017-6739,Cisco,IOS and IOS XE Software,1,older CVE; Cisco IOS and IOS XE Software SNMP Remote Code Execution Vulnerability
kev_entry,2022-03-03,exploited_in_wild,CVE-2017-6740,Cisco,IOS and IOS XE Software,1,older CVE; Cisco IOS and IOS XE Software SNMP Remote Code Execution Vulnerability
kev_entry,2022-03-03,exploited_in_wild,CVE-2017-6743,Cisco,IOS and IOS XE Software,1,older CVE; Cisco IOS and IOS XE Software SNMP Remote Code Execution Vulnerability
kev_entry,2022-03-03,exploited_in_wild,CVE-2017-6744,Cisco,IOS software,1,older CVE; Cisco IOS Software SNMP Remote Code Execution Vulnerability
kev_entry,2022-03-03,exploited_in_wild,CVE-2017-8540,Microsoft,Malware Protection Engine,1,older CVE; Microsoft Malware Protection Engine Improper Restriction of Operations Vulnerability
kev_entry,2022-03-03,exploited_in_wild,CVE-2018-0151,Cisco,IOS and IOS XE Software,1,older CVE; Cisco IOS Software and Cisco IOS XE Software Quality of Service Remote Code Execution Vulnerability
kev_entry,2022-03-03,exploited_in_wild,CVE-2018-0154,Cisco,IOS Software,1,older CVE; Cisco IOS Software Integrated Services Module for VPN Denial-of-Service Vulnerability
kev_entry,2022-03-03,exploited_in_wild,CVE-2018-0155,Cisco,Catalyst 4500 Series Switches and Cisco Catalyst 4500-X Series Switches,1,older CVE; Cisco Catalyst Bidirectional Forwarding Detection Denial-of-Service Vulnerability
kev_entry,2022-03-03,exploited_in_wild,CVE-2018-0156,Cisco,IOS Software and Cisco IOS XE Software,1,older CVE; Cisco IOS Software and Cisco IOS XE Software Smart Install Denial-of-Service Vulnerability
kev_entry,2022-03-03,exploited_in_wild,CVE-2018-0158,Cisco,IOS Software and Cisco IOS XE Software,1,older CVE; Cisco IOS and XE Software Internet Key Exchange Memory Leak Vulnerability
kev_entry,2022-03-03,exploited_in_wild,CVE-2018-0159,Cisco,IOS Software and Cisco IOS XE Software,1,older CVE; Cisco IOS and XE Software Internet Key Exchange Version 1 Denial-of-Service Vulnerability
kev_entry,2022-03-03,exploited_in_wild,CVE-2018-0161,Cisco,IOS Software,1,older CVE; Cisco IOS Software Resource Management Errors Vulnerability
kev_entry,2022-03-03,exploited_in_wild,CVE-2018-0167,Cisco,"IOS, XR, and XE Software",1,"older CVE; Cisco IOS, XR, and XE Software Buffer Overflow Vulnerability"
kev_entry,2022-03-03,exploited_in_wild,CVE-2018-0172,Cisco,IOS and IOS XE Software,1,older CVE; Cisco IOS and IOS XE Software Improper Input Validation Vulnerability
kev_entry,2022-03-03,exploited_in_wild,CVE-2018-0173,Cisco,IOS and IOS XE Software,1,older CVE; Cisco IOS and IOS XE Software Improper Input Validation Vulnerability
kev_entry,2022-03-03,exploited_in_wild,CVE-2018-0174,Cisco,IOS XE Software,1,older CVE; Cisco IOS Software and Cisco IOS XE Software Improper Input Validation Vulnerability
kev_entry,2022-03-03,exploited_in_wild,CVE-2018-0175,Cisco,"IOS, XR, and XE Software",1,"older CVE; Cisco IOS, XR, and XE Software Buffer Overflow Vulnerability"
kev_entry,2022-03-03,exploited_in_wild,CVE-2018-0179,Cisco,IOS Software,1,older CVE; Cisco IOS Software Denial-of-Service Vulnerability
kev_entry,2022-03-03,exploited_in_wild,CVE-2018-0180,Cisco,IOS Software,1,older CVE; Cisco IOS Software Denial-of-Service Vulnerability
kev_entry,2022-03-03,exploited_in_wild,CVE-2018-8298,ChakraCore,ChakraCore scripting engine,1,older CVE; ChakraCore Scripting Engine Type Confusion Vulnerability
kev_entry,2022-03-03,exploited_in_wild,CVE-2018-8581,Microsoft,Exchange Server,1,older CVE; ransomware; Microsoft Exchange Server Privilege Escalation Vulnerability
kev_entry,2022-03-03,exploited_in_wild,CVE-2019-1297,Microsoft,Excel,1,older CVE; Microsoft Excel Remote Code Execution Vulnerability
kev_entry,2022-03-03,exploited_in_wild,CVE-2019-1652,Cisco,Small Business RV320 and RV325 Dual Gigabit WAN VPN Routers,1,older CVE; Cisco Small Business Routers Improper Input Validation Vulnerability
kev_entry,2022-03-03,exploited_in_wild,CVE-2019-16928,Exim,Exim Internet Mailer,1,older CVE; Exim Out-of-bounds Write Vulnerability
kev_entry,2022-03-03,exploited_in_wild,CVE-2020-11899,Treck TCP/IP stack,IPv6,1,older CVE; Treck TCP/IP stack Out-of-Bounds Read Vulnerability
kev_entry,2022-03-03,exploited_in_wild,CVE-2020-1938,Apache,Tomcat,1,older CVE; Apache Tomcat Improper Privilege Management Vulnerability
kev_entry,2022-03-03,exploited_in_wild,CVE-2021-41379,Microsoft,Windows,1,older CVE; ransomware; Microsoft Windows Installer Privilege Escalation Vulnerability
kev_entry,2022-03-03,exploited_in_wild,CVE-2022-20699,Cisco,"Small Business RV160, RV260, RV340, and RV345 Series Routers",1,same-year CVE; Cisco Small Business RV Series Routers Stack-based Buffer Overflow Vulnerability
kev_entry,2022-03-03,exploited_in_wild,CVE-2022-20700,Cisco,"Small Business RV160, RV260, RV340, and RV345 Series Routers",1,same-year CVE; Cisco Small Business RV Series Routers Stack-based Buffer Overflow Vulnerability
kev_entry,2022-03-03,exploited_in_wild,CVE-2022-20701,Cisco,"Small Business RV160, RV260, RV340, and RV345 Series Routers",1,same-year CVE; Cisco Small Business RV Series Routers Stack-based Buffer Overflow Vulnerability
kev_entry,2022-03-03,exploited_in_wild,CVE-2022-20703,Cisco,"Small Business RV160, RV260, RV340, and RV345 Series Routers",1,same-year CVE; Cisco Small Business RV Series Routers Stack-based Buffer Overflow Vulnerability
kev_entry,2022-03-03,exploited_in_wild,CVE-2022-20708,Cisco,"Small Business RV160, RV260, RV340, and RV345 Series Routers",1,same-year CVE; Cisco Small Business RV Series Routers Stack-based Buffer Overflow Vulnerability
kev_entry,2022-03-07,exploited_in_wild,CVE-2009-3960,Adobe,BlazeDS,1,older CVE; ransomware; Adobe BlazeDS Information Disclosure Vulnerability
kev_entry,2022-03-07,exploited_in_wild,CVE-2013-0625,Adobe,ColdFusion,1,older CVE; Adobe ColdFusion Authentication Bypass Vulnerability
kev_entry,2022-03-07,exploited_in_wild,CVE-2013-0629,Adobe,ColdFusion,1,older CVE; Adobe ColdFusion Directory Traversal Vulnerability
kev_entry,2022-03-07,exploited_in_wild,CVE-2013-0631,Adobe,ColdFusion,1,older CVE; Adobe ColdFusion Information Disclosure Vulnerability
kev_entry,2022-03-07,exploited_in_wild,CVE-2016-6277,NETGEAR,Multiple Routers,1,older CVE; NETGEAR Multiple Routers Remote Code Execution Vulnerability
kev_entry,2022-03-07,exploited_in_wild,CVE-2017-6077,NETGEAR,Wireless Router DGN2200,1,older CVE; NETGEAR DGN2200 Remote Code Execution Vulnerability
kev_entry,2022-03-07,exploited_in_wild,CVE-2019-11581,Atlassian,Jira Server and Data Center,1,older CVE; Atlassian Jira Server and Data Center Server-Side Template Injection Vulnerability
kev_entry,2022-03-07,exploited_in_wild,CVE-2020-8218,Pulse Secure,Pulse Connect Secure,1,older CVE; Pulse Connect Secure Code Injection Vulnerability
kev_entry,2022-03-07,exploited_in_wild,CVE-2021-21973,VMware,vCenter Server and Cloud Foundation,1,older CVE; VMware vCenter Server and Cloud Foundation Server Side Request Forgery (SSRF) Vulnerability
kev_entry,2022-03-07,exploited_in_wild,CVE-2022-26485,Mozilla,Firefox,1,same-year CVE; Mozilla Firefox Use-After-Free Vulnerability
kev_entry,2022-03-07,exploited_in_wild,CVE-2022-26486,Mozilla,Firefox,1,same-year CVE; Mozilla Firefox Use-After-Free Vulnerability
kev_entry,2022-03-15,exploited_in_wild,CVE-2015-2546,Microsoft,Win32k,1,older CVE; ransomware; Microsoft Win32k Memory Corruption Vulnerability
kev_entry,2022-03-15,exploited_in_wild,CVE-2016-3309,Microsoft,Windows,1,older CVE; ransomware; Microsoft Windows Kernel Privilege Escalation Vulnerability
kev_entry,2022-03-15,exploited_in_wild,CVE-2017-0101,Microsoft,Windows,1,older CVE; ransomware; Microsoft Windows Transaction Manager Privilege Escalation Vulnerability
kev_entry,2022-03-15,exploited_in_wild,CVE-2018-8120,Microsoft,Win32k,1,older CVE; ransomware; Microsoft Win32k Privilege Escalation Vulnerability
kev_entry,2022-03-15,exploited_in_wild,CVE-2019-0543,Microsoft,Windows,1,older CVE; ransomware; Microsoft Windows Privilege Escalation Vulnerability
kev_entry,2022-03-15,exploited_in_wild,CVE-2019-0841,Microsoft,Windows,1,older CVE; ransomware; Microsoft Windows AppX Deployment Service (AppXSVC) Privilege Escalation Vulnerability
kev_entry,2022-03-15,exploited_in_wild,CVE-2019-1064,Microsoft,Windows,1,older CVE; ransomware; Microsoft Windows AppX Deployment Service (AppXSVC) Privilege Escalation Vulnerability
kev_entry,2022-03-15,exploited_in_wild,CVE-2019-1069,Microsoft,Task Scheduler,1,older CVE; ransomware; Microsoft Task Scheduler Privilege Escalation Vulnerability
kev_entry,2022-03-15,exploited_in_wild,CVE-2019-1129,Microsoft,Windows,1,older CVE; ransomware; Microsoft Windows AppX Deployment Service (AppXSVC) Privilege Escalation Vulnerability
kev_entry,2022-03-15,exploited_in_wild,CVE-2019-1132,Microsoft,Win32k,1,older CVE; Microsoft Win32k Privilege Escalation Vulnerability
kev_entry,2022-03-15,exploited_in_wild,CVE-2019-1253,Microsoft,Windows,1,older CVE; ransomware; Microsoft Windows AppX Deployment Server Privilege Escalation Vulnerability
kev_entry,2022-03-15,exploited_in_wild,CVE-2019-1315,Microsoft,Windows,1,older CVE; ransomware; Microsoft Windows Error Reporting Manager Privilege Escalation Vulnerability
kev_entry,2022-03-15,exploited_in_wild,CVE-2019-1322,Microsoft,Windows,1,older CVE; ransomware; Microsoft Windows Privilege Escalation Vulnerability
kev_entry,2022-03-15,exploited_in_wild,CVE-2019-1405,Microsoft,Windows,1,older CVE; ransomware; Microsoft Windows Universal Plug and Play (UPnP) Service Privilege Escalation Vulnerability
kev_entry,2022-03-15,exploited_in_wild,CVE-2020-5135,SonicWall,SonicOS,1,older CVE; ransomware; SonicWall SonicOS Buffer Overflow Vulnerability
kev_entry,2022-03-25,exploited_in_wild,CVE-2005-2773,Hewlett Packard (HP),OpenView Network Node Manager,1,older CVE; HP OpenView Network Node Manager Remote Code Execution Vulnerability
kev_entry,2022-03-25,exploited_in_wild,CVE-2009-0927,Adobe,Reader and Acrobat,1,older CVE; Adobe Reader and Adobe Acrobat Stack-Based Buffer Overflow Vulnerability
kev_entry,2022-03-25,exploited_in_wild,CVE-2009-1151,phpMyAdmin,phpMyAdmin,1,older CVE; phpMyAdmin Remote Code Execution Vulnerability
kev_entry,2022-03-25,exploited_in_wild,CVE-2009-2055,Cisco,IOS XR,1,older CVE; Cisco IOS XR Border Gateway Protocol (BGP) Denial-of-Service Vulnerability
kev_entry,2022-03-25,exploited_in_wild,CVE-2010-2861,Adobe,ColdFusion,1,older CVE; ransomware; Adobe ColdFusion Directory Traversal Vulnerability
kev_entry,2022-03-25,exploited_in_wild,CVE-2010-3035,Cisco,IOS XR,1,older CVE; Cisco IOS XR Border Gateway Protocol (BGP) Denial-of-Service Vulnerability
kev_entry,2022-03-25,exploited_in_wild,CVE-2010-4344,Exim,Exim,1,older CVE; Exim Heap-Based Buffer Overflow Vulnerability
kev_entry,2022-03-25,exploited_in_wild,CVE-2010-4345,Exim,Exim,1,older CVE; Exim Privilege Escalation Vulnerability
kev_entry,2022-03-25,exploited_in_wild,CVE-2012-1823,PHP,PHP,1,older CVE; PHP-CGI Query String Parameter Vulnerability
kev_entry,2022-03-25,exploited_in_wild,CVE-2013-2251,Apache,Struts,1,older CVE; Apache Struts Improper Input Validation Vulnerability
kev_entry,2022-03-25,exploited_in_wild,CVE-2013-4810,Hewlett Packard (HP),"ProCurve Manager (PCM), PCM+, Identity Driven Manager (IDM), and Application Lifecycle Management",1,older CVE; HP Multiple Products Remote Code Execution Vulnerability
kev_entry,2022-03-25,exploited_in_wild,CVE-2013-5223,D-Link,DSL-2760U,1,older CVE; D-Link DSL-2760U Gateway Cross-Site Scripting Vulnerability
kev_entry,2022-03-25,exploited_in_wild,CVE-2014-0130,Rails,Ruby on Rails,1,older CVE; Ruby on Rails Directory Traversal Vulnerability
kev_entry,2022-03-25,exploited_in_wild,CVE-2014-3120,Elastic,Elasticsearch,1,older CVE; Elasticsearch Remote Code Execution Vulnerability
kev_entry,2022-03-25,exploited_in_wild,CVE-2014-6287,Rejetto,HTTP File Server (HFS),1,older CVE; Rejetto HTTP File Server (HFS) Remote Code Execution Vulnerability
kev_entry,2022-03-25,exploited_in_wild,CVE-2014-6324,Microsoft,Kerberos Key Distribution Center (KDC),1,older CVE; Microsoft Kerberos Key Distribution Center (KDC) Privilege Escalation Vulnerability
kev_entry,2022-03-25,exploited_in_wild,CVE-2014-6332,Microsoft,Windows,1,older CVE; Microsoft Windows Object Linking & Embedding (OLE) Automation Array Remote Code Execution Vulnerability
kev_entry,2022-03-25,exploited_in_wild,CVE-2015-0666,Cisco,Prime Data Center Network Manager (DCNM),1,older CVE; Cisco Prime Data Center Network Manager (DCNM) Directory Traversal Vulnerability
kev_entry,2022-03-25,exploited_in_wild,CVE-2015-1187,D-Link and TRENDnet,Multiple Devices,1,older CVE; D-Link and TRENDnet Multiple Devices Remote Code Execution Vulnerability
kev_entry,2022-03-25,exploited_in_wild,CVE-2015-1427,Elastic,Elasticsearch,1,older CVE; Elasticsearch Groovy Scripting Engine Remote Code Execution Vulnerability
kev_entry,2022-03-25,exploited_in_wild,CVE-2015-3035,TP-Link,Multiple Archer Devices,1,older CVE; TP-Link Multiple Archer Devices Directory Traversal Vulnerability
kev_entry,2022-03-25,exploited_in_wild,CVE-2015-4068,Arcserve,Unified Data Protection (UDP),1,older CVE; Arcserve Unified Data Protection (UDP) Directory Traversal Vulnerability
kev_entry,2022-03-25,exploited_in_wild,CVE-2016-0752,Rails,Ruby on Rails,1,older CVE; Ruby on Rails Directory Traversal Vulnerability
kev_entry,2022-03-25,exploited_in_wild,CVE-2016-10174,NETGEAR,WNR2000v5 Router,1,older CVE; NETGEAR WNR2000v5 Router Buffer Overflow Vulnerability
kev_entry,2022-03-25,exploited_in_wild,CVE-2016-11021,D-Link,DCS-930L Devices,1,older CVE; D-Link DCS-930L Devices OS Command Injection Vulnerability
kev_entry,2022-03-25,exploited_in_wild,CVE-2016-1555,NETGEAR,Wireless Access Point (WAP) Devices,1,older CVE; NETGEAR Multiple WAP Devices Command Injection Vulnerability
kev_entry,2022-03-25,exploited_in_wild,CVE-2016-4171,Adobe,Flash Player,1,older CVE; Adobe Flash Player Remote Code Execution Vulnerability
kev_entry,2022-03-25,exploited_in_wild,CVE-2016-7892,Adobe,Flash Player,1,older CVE; Adobe Flash Player Use-After-Free Vulnerability
kev_entry,2022-03-25,exploited_in_wild,CVE-2017-0146,Microsoft,Windows,1,older CVE; ransomware; Microsoft Windows SMB Remote Code Execution Vulnerability
kev_entry,2022-03-25,exploited_in_wild,CVE-2017-12615,Apache,Tomcat,1,older CVE; ransomware; Apache Tomcat on Windows Remote Code Execution Vulnerability
kev_entry,2022-03-25,exploited_in_wild,CVE-2017-12617,Apache,Tomcat,1,older CVE; Apache Tomcat Remote Code Execution Vulnerability
kev_entry,2022-03-25,exploited_in_wild,CVE-2017-3881,Cisco,IOS and IOS XE,1,older CVE; Cisco IOS and IOS XE Remote Code Execution Vulnerability
kev_entry,2022-03-25,exploited_in_wild,CVE-2017-6316,Citrix,"NetScaler SD-WAN Enterprise, CloudBridge Virtual WAN, and XenMobile Server",1,older CVE; Citrix Multiple Products Remote Code Execution Vulnerability
kev_entry,2022-03-25,exploited_in_wild,CVE-2017-6334,NETGEAR,DGN2200 Devices,1,older CVE; NETGEAR DGN2200 Devices OS Command Injection Vulnerability
kev_entry,2022-03-25,exploited_in_wild,CVE-2018-0125,Cisco,VPN Routers,1,older CVE; Cisco VPN Routers Remote Code Execution Vulnerability
kev_entry,2022-03-25,exploited_in_wild,CVE-2018-0147,Cisco,Secure Access Control System (ACS),1,older CVE; Cisco Secure Access Control System Java Deserialization Vulnerability
kev_entry,2022-03-25,exploited_in_wild,CVE-2018-11138,Quest,KACE System Management Appliance,1,older CVE; ransomware; Quest KACE System Management Appliance Remote Command Execution Vulnerability
kev_entry,2022-03-25,exploited_in_wild,CVE-2018-1273,VMware Tanzu,Spring Data Commons,1,older CVE; ransomware; VMware Tanzu Spring Data Commons Property Binder Vulnerability
kev_entry,2022-03-25,exploited_in_wild,CVE-2018-14839,LG,N1A1 NAS,1,older CVE; LG N1A1 NAS Remote Command Execution Vulnerability
kev_entry,2022-03-25,exploited_in_wild,CVE-2018-6961,VMware,SD-WAN Edge,1,older CVE; VMware SD-WAN Edge by VeloCloud Command Injection Vulnerability
kev_entry,2022-03-25,exploited_in_wild,CVE-2018-8373,Microsoft,Internet Explorer Scripting Engine,1,older CVE; Microsoft Scripting Engine Memory Corruption Vulnerability
kev_entry,2022-03-25,exploited_in_wild,CVE-2018-8414,Microsoft,Windows,1,older CVE; Microsoft Windows Shell Remote Code Execution Vulnerability
kev_entry,2022-03-25,exploited_in_wild,CVE-2019-0903,Microsoft,Graphics Device Interface (GDI),1,older CVE; Microsoft GDI Remote Code Execution Vulnerability
kev_entry,2022-03-25,exploited_in_wild,CVE-2019-1003030,Jenkins,Matrix Project Plugin,1,older CVE; Jenkins Matrix Project Plugin Remote Code Execution Vulnerability
kev_entry,2022-03-25,exploited_in_wild,CVE-2019-10068,Kentico,Xperience,1,older CVE; Kentico Xperience Deserialization of Untrusted Data Vulnerability
kev_entry,2022-03-25,exploited_in_wild,CVE-2019-11043,PHP,FastCGI Process Manager (FPM),1,older CVE; ransomware; PHP FastCGI Process Manager (FPM) Buffer Overflow Vulnerability
kev_entry,2022-03-25,exploited_in_wild,CVE-2019-12989,Citrix,SD-WAN and NetScaler,1,older CVE; Citrix SD-WAN and NetScaler SQL Injection Vulnerability
kev_entry,2022-03-25,exploited_in_wild,CVE-2019-12991,Citrix,SD-WAN and NetScaler,1,older CVE; Citrix SD-WAN and NetScaler Command Injection Vulnerability
kev_entry,2022-03-25,exploited_in_wild,CVE-2019-15107,Webmin,Webmin,1,older CVE; ransomware; Webmin Command Injection Vulnerability
kev_entry,2022-03-25,exploited_in_wild,CVE-2019-16920,D-Link,Multiple Routers,1,older CVE; D-Link Multiple Routers Command Injection Vulnerability
kev_entry,2022-03-25,exploited_in_wild,CVE-2019-2616,Oracle,BI Publisher (Formerly XML Publisher),1,older CVE; Oracle BI Publisher Unauthorized Access Vulnerability
kev_entry,2022-03-25,exploited_in_wild,CVE-2019-6340,Drupal,Core,1,older CVE; Drupal Core Remote Code Execution Vulnerability
kev_entry,2022-03-25,exploited_in_wild,CVE-2020-1631,Juniper,Junos OS,1,older CVE; Juniper Junos OS Path Traversal Vulnerability
kev_entry,2022-03-25,exploited_in_wild,CVE-2020-1956,Apache,Kylin,1,older CVE; Apache Kylin OS Command Injection Vulnerability
kev_entry,2022-03-25,exploited_in_wild,CVE-2020-2021,Palo Alto Networks,PAN-OS,1,older CVE; ransomware; Palo Alto Networks PAN-OS Authentication Bypass Vulnerability
kev_entry,2022-03-25,exploited_in_wild,CVE-2020-2506,QNAP Systems,Helpdesk,1,older CVE; QNAP Helpdesk Improper Access Control Vulnerability
kev_entry,2022-03-25,exploited_in_wild,CVE-2020-25223,Sophos,SG UTM,1,older CVE; Sophos SG UTM Remote Code Execution Vulnerability
kev_entry,2022-03-25,exploited_in_wild,CVE-2020-5410,VMware Tanzu,Spring Cloud Configuration (Config) Server,1,older CVE; VMware Tanzu Spring Cloud Config Directory Traversal Vulnerability
kev_entry,2022-03-25,exploited_in_wild,CVE-2020-7247,OpenBSD,OpenSMTPD,1,older CVE; OpenSMTPD Remote Code Execution Vulnerability
kev_entry,2022-03-25,exploited_in_wild,CVE-2020-9054,Zyxel,Multiple Network-Attached Storage (NAS) Devices,1,older CVE; Zyxel Multiple NAS Devices OS Command Injection Vulnerability
kev_entry,2022-03-25,exploited_in_wild,CVE-2020-9377,D-Link,DIR-610 Devices,1,older CVE; D-Link DIR-610 Devices Remote Command Execution
kev_entry,2022-03-25,exploited_in_wild,CVE-2021-22941,Citrix,ShareFile,1,older CVE; ransomware; Citrix ShareFile Improper Access Control Vulnerability
kev_entry,2022-03-25,exploited_in_wild,CVE-2021-42237,Sitecore,XP,1,older CVE; ransomware; Sitecore XP Remote Command Execution Vulnerability
kev_entry,2022-03-25,exploited_in_wild,CVE-2022-21999,Microsoft,Windows,1,same-year CVE; ransomware; Microsoft Windows Print Spooler Privilege Escalation Vulnerability
kev_entry,2022-03-25,exploited_in_wild,CVE-2022-26143,Mitel,"MiCollab, MiVoice Business Express",1,"same-year CVE; MiCollab, MiVoice Business Express Access Control Vulnerability"
kev_entry,2022-03-25,exploited_in_wild,CVE-2022-26318,WatchGuard,Firebox and XTM Appliances,1,same-year CVE; WatchGuard Firebox and XTM Appliances Arbitrary Code Execution
kev_entry,2022-03-28,exploited_in_wild,CVE-2010-4398,Microsoft,Windows,1,older CVE; Microsoft Windows Kernel Stack-Based Buffer Overflow Vulnerability
kev_entry,2022-03-28,exploited_in_wild,CVE-2011-2005,Microsoft,Ancillary Function Driver (afd.sys),1,older CVE; Microsoft Ancillary Function Driver (afd.sys) Improper Input Validation Vulnerability
kev_entry,2022-03-28,exploited_in_wild,CVE-2012-0518,Oracle,Fusion Middleware,1,older CVE; Oracle Fusion Middleware Unspecified Vulnerability
kev_entry,2022-03-28,exploited_in_wild,CVE-2012-2034,Adobe,Flash Player,1,older CVE; Adobe Flash Player Memory Corruption Vulnerability
kev_entry,2022-03-28,exploited_in_wild,CVE-2012-2539,Microsoft,Word,1,older CVE; Microsoft Word Remote Code Execution Vulnerability
kev_entry,2022-03-28,exploited_in_wild,CVE-2012-5076,Oracle,Java SE,1,older CVE; Oracle Java SE Sandbox Bypass Vulnerability
kev_entry,2022-03-28,exploited_in_wild,CVE-2013-1690,Mozilla,Firefox and Thunderbird,1,older CVE; Mozilla Firefox and Thunderbird Denial-of-Service Vulnerability
kev_entry,2022-03-28,exploited_in_wild,CVE-2013-2465,Oracle,Java SE,1,older CVE; ransomware; Oracle Java SE Unspecified Vulnerability
kev_entry,2022-03-28,exploited_in_wild,CVE-2013-2551,Microsoft,Internet Explorer,1,older CVE; ransomware; Microsoft Internet Explorer Use-After-Free Vulnerability
kev_entry,2022-03-28,exploited_in_wild,CVE-2013-2729,Adobe,Reader and Acrobat,1,older CVE; Adobe Reader and Acrobat Arbitrary Integer Overflow Vulnerability
kev_entry,2022-03-28,exploited_in_wild,CVE-2013-3660,Microsoft,Win32k,1,older CVE; Microsoft Win32k Privilege Escalation Vulnerability
kev_entry,2022-03-28,exploited_in_wild,CVE-2015-1770,Microsoft,Office,1,older CVE; Microsoft Office Uninitialized Memory Use Vulnerability
kev_entry,2022-03-28,exploited_in_wild,CVE-2015-2419,Microsoft,Internet Explorer,1,older CVE; Microsoft Internet Explorer Memory Corruption Vulnerability
kev_entry,2022-03-28,exploited_in_wild,CVE-2015-2426,Microsoft,Windows,1,older CVE; Microsoft Windows Adobe Type Manager Library Remote Code Execution Vulnerability
kev_entry,2022-03-28,exploited_in_wild,CVE-2016-0040,Microsoft,Windows,1,older CVE; Microsoft Windows Kernel Privilege Escalation Vulnerability
kev_entry,2022-03-28,exploited_in_wild,CVE-2016-0151,Microsoft,Client-Server Run-time Subsystem (CSRSS),1,older CVE; ransomware; Microsoft Windows CSRSS Security Feature Bypass Vulnerability
kev_entry,2022-03-28,exploited_in_wild,CVE-2016-0189,Microsoft,Internet Explorer,1,older CVE; ransomware; Microsoft Internet Explorer Memory Corruption Vulnerability
kev_entry,2022-03-28,exploited_in_wild,CVE-2016-7200,Microsoft,Edge,1,older CVE; Microsoft Edge Memory Corruption Vulnerability
kev_entry,2022-03-28,exploited_in_wild,CVE-2016-7201,Microsoft,Edge,1,older CVE; Microsoft Edge Memory Corruption Vulnerability
kev_entry,2022-03-28,exploited_in_wild,CVE-2017-0037,Microsoft,Edge and Internet Explorer,1,older CVE; Microsoft Edge and Internet Explorer Type Confusion Vulnerability
kev_entry,2022-03-28,exploited_in_wild,CVE-2017-0059,Microsoft,Internet Explorer,1,older CVE; Microsoft Internet Explorer Information Disclosure Vulnerability
kev_entry,2022-03-28,exploited_in_wild,CVE-2017-0213,Microsoft,Windows,1,older CVE; ransomware; Microsoft Windows Privilege Escalation Vulnerability
kev_entry,2022-03-28,exploited_in_wild,CVE-2018-8405,Microsoft,DirectX Graphics Kernel (DXGKRNL),1,older CVE; ransomware; Microsoft DirectX Graphics Kernel Privilege Escalation Vulnerability
kev_entry,2022-03-28,exploited_in_wild,CVE-2018-8406,Microsoft,DirectX Graphics Kernel (DXGKRNL),1,older CVE; ransomware; Microsoft DirectX Graphics Kernel Privilege Escalation Vulnerability
kev_entry,2022-03-28,exploited_in_wild,CVE-2018-8440,Microsoft,Windows,1,older CVE; ransomware; Microsoft Windows Privilege Escalation Vulnerability
kev_entry,2022-03-28,exploited_in_wild,CVE-2019-7483,SonicWall,SMA100,1,older CVE; SonicWall SMA100 Directory Traversal Vulnerability
kev_entry,2022-03-28,exploited_in_wild,CVE-2021-20028,SonicWall,Secure Remote Access (SRA),1,older CVE; ransomware; SonicWall Secure Remote Access (SRA) SQL Injection Vulnerability
kev_entry,2022-03-28,exploited_in_wild,CVE-2021-26085,Atlassian,Confluence Server,1,older CVE; ransomware; Atlassian Confluence Server Pre-Authorization Arbitrary File Read Vulnerability
kev_entry,2022-03-28,exploited_in_wild,CVE-2021-34486,Microsoft,Windows,1,older CVE; Microsoft Windows Event Tracing Privilege Escalation Vulnerability
kev_entry,2022-03-28,exploited_in_wild,CVE-2021-38646,Microsoft,Office,1,older CVE; ransomware; Microsoft Office Access Connectivity Engine Remote Code Execution Vulnerability
kev_entry,2022-03-28,exploited_in_wild,CVE-2022-0543,Redis,Debian-specific Redis Servers,1,same-year CVE; Debian-specific Redis Server Lua Sandbox Escape Vulnerability
kev_entry,2022-03-28,exploited_in_wild,CVE-2022-1096,Google,Chromium V8,1,same-year CVE; Google Chromium V8 Type Confusion Vulnerability
kev_entry,2022-03-31,exploited_in_wild,CVE-2018-10561,Dasan,Gigabit Passive Optical Network (GPON) Routers,1,older CVE; Dasan GPON Routers Authentication Bypass Vulnerability
kev_entry,2022-03-31,exploited_in_wild,CVE-2018-10562,Dasan,Gigabit Passive Optical Network (GPON) Routers,1,older CVE; ransomware; Dasan GPON Routers Command Injection Vulnerability
kev_entry,2022-03-31,exploited_in_wild,CVE-2021-21551,Dell,dbutil Driver,1,older CVE; Dell dbutil Driver Insufficient Access Control Vulnerability
kev_entry,2022-03-31,exploited_in_wild,CVE-2021-28799,QNAP,Network Attached Storage (NAS),1,older CVE; ransomware; QNAP NAS Improper Authorization Vulnerability
kev_entry,2022-03-31,exploited_in_wild,CVE-2021-34484,Microsoft,Windows,1,older CVE; Microsoft Windows User Profile Service Privilege Escalation Vulnerability
kev_entry,2022-03-31,exploited_in_wild,CVE-2022-1040,Sophos,Firewall,1,same-year CVE; Sophos Firewall Authentication Bypass Vulnerability
kev_entry,2022-03-31,exploited_in_wild,CVE-2022-26871,Trend Micro,Apex Central,1,same-year CVE; Trend Micro Apex Central Arbitrary File Upload Vulnerability
kev_entry,2022-04-04,exploited_in_wild,CVE-2021-45382,D-Link,Multiple Routers,1,older CVE; D-Link Multiple Routers Remote Code Execution Vulnerability
kev_entry,2022-04-04,exploited_in_wild,CVE-2022-22674,Apple,macOS,1,same-year CVE; Apple macOS Out-of-Bounds Read Vulnerability
kev_entry,2022-04-04,exploited_in_wild,CVE-2022-22675,Apple,macOS,1,same-year CVE; Apple macOS Out-of-Bounds Write Vulnerability
kev_entry,2022-04-04,exploited_in_wild,CVE-2022-22965,VMware,Spring Framework,1,same-year CVE; Spring Framework JDK 9+ Remote Code Execution Vulnerability
kev_entry,2022-04-06,exploited_in_wild,CVE-2017-0148,Microsoft,SMBv1 server,1,older CVE; ransomware; Microsoft SMBv1 Server Remote Code Execution Vulnerability
kev_entry,2022-04-06,exploited_in_wild,CVE-2021-31166,Microsoft,HTTP Protocol Stack,1,older CVE; Microsoft HTTP Protocol Stack Remote Code Execution Vulnerability
kev_entry,2022-04-06,exploited_in_wild,CVE-2021-3156,Sudo,Sudo,1,older CVE; Sudo Heap-Based Buffer Overflow Vulnerability
kev_entry,2022-04-11,exploited_in_wild,CVE-2017-11317,Telerik,User Interface (UI) for ASP.NET AJAX,1,older CVE; Telerik UI for ASP.NET AJAX Unrestricted File Upload Vulnerability
kev_entry,2022-04-11,exploited_in_wild,CVE-2020-2509,QNAP,QNAP Network-Attached Storage (NAS),1,older CVE; QNAP Network-Attached Storage (NAS) Command Injection Vulnerability
kev_entry,2022-04-11,exploited_in_wild,CVE-2021-22600,Linux,Kernel,1,older CVE; Linux Kernel Privilege Escalation Vulnerability
kev_entry,2022-04-11,exploited_in_wild,CVE-2021-27852,Checkbox,Checkbox Survey,1,older CVE; Checkbox Survey Deserialization of Untrusted Data Vulnerability
kev_entry,2022-04-11,exploited_in_wild,CVE-2021-39793,Google,Pixel,1,older CVE; Google Pixel Out-of-Bounds Write Vulnerability
kev_entry,2022-04-11,exploited_in_wild,CVE-2021-42278,Microsoft,Active Directory,1,older CVE; ransomware; Microsoft Active Directory Domain Services Privilege Escalation Vulnerability
kev_entry,2022-04-11,exploited_in_wild,CVE-2021-42287,Microsoft,Active Directory,1,older CVE; ransomware; Microsoft Active Directory Domain Services Privilege Escalation Vulnerability
kev_entry,2022-04-11,exploited_in_wild,CVE-2022-23176,WatchGuard,Firebox and XTM,1,same-year CVE; WatchGuard Firebox and XTM Privilege Escalation Vulnerability
kev_entry,2022-04-13,exploited_in_wild,CVE-2014-9163,Adobe,Flash Player,1,older CVE; Adobe Flash Player Stack-Based Buffer Overflow Vulnerability
kev_entry,2022-04-13,exploited_in_wild,CVE-2015-0311,Adobe,Flash Player,1,older CVE; Adobe Flash Player Remote Code Execution Vulnerability
kev_entry,2022-04-13,exploited_in_wild,CVE-2015-0313,Adobe,Flash Player,1,older CVE; Adobe Flash Player Use-After-Free Vulnerability
kev_entry,2022-04-13,exploited_in_wild,CVE-2015-2502,Microsoft,Internet Explorer,1,older CVE; Microsoft Internet Explorer Memory Corruption Vulnerability
kev_entry,2022-04-13,exploited_in_wild,CVE-2015-3113,Adobe,Flash Player,1,older CVE; Adobe Flash Player Heap-Based Buffer Overflow Vulnerability
kev_entry,2022-04-13,exploited_in_wild,CVE-2015-5122,Adobe,Flash Player,1,older CVE; Adobe Flash Player Use-After-Free Vulnerability
kev_entry,2022-04-13,exploited_in_wild,CVE-2015-5123,Adobe,Flash Player,1,older CVE; Adobe Flash Player Use-After-Free Vulnerability
kev_entry,2022-04-13,exploited_in_wild,CVE-2018-20753,Kaseya,Virtual System/Server Administrator (VSA),1,older CVE; ransomware; Kaseya VSA Remote Code Execution Vulnerability
kev_entry,2022-04-13,exploited_in_wild,CVE-2018-7602,Drupal,Core,1,older CVE; ransomware; Drupal Core Remote Code Execution Vulnerability
kev_entry,2022-04-13,exploited_in_wild,CVE-2022-24521,Microsoft,Windows,1,same-year CVE; ransomware; Microsoft Windows CLFS Driver Privilege Escalation Vulnerability
kev_entry,2022-04-14,exploited_in_wild,CVE-2022-22954,VMware,Workspace ONE Access and Identity Manager,1,same-year CVE; ransomware; VMware Workspace ONE Access and Identity Manager Server-Side Template Injection Vulnerability
kev_entry,2022-04-15,exploited_in_wild,CVE-2007-3010,Alcatel,OmniPCX Enterprise,1,older CVE; Alcatel OmniPCX Enterprise Remote Code Execution Vulnerability
kev_entry,2022-04-15,exploited_in_wild,CVE-2010-5330,Ubiquiti,AirOS,1,older CVE; Ubiquiti AirOS Command Injection Vulnerability
kev_entry,2022-04-15,exploited_in_wild,CVE-2014-0780,InduSoft,Web Studio,1,older CVE; InduSoft Web Studio NTWebServer Directory Traversal Vulnerability
kev_entry,2022-04-15,exploited_in_wild,CVE-2016-4523,Trihedral,VTScada (formerly VTS),1,older CVE; Trihedral VTScada (formerly VTS) Denial-of-Service Vulnerability
kev_entry,2022-04-15,exploited_in_wild,CVE-2018-7841,Schneider Electric,U.motion Builder,1,older CVE; Schneider Electric U.motion Builder SQL Injection Vulnerability
kev_entry,2022-04-15,exploited_in_wild,CVE-2019-16057,D-Link,DNS-320 Storage Device,1,older CVE; ransomware; D-Link DNS-320 Remote Code Execution Vulnerability
kev_entry,2022-04-15,exploited_in_wild,CVE-2019-3929,Crestron,Multiple Products,1,older CVE; Crestron Multiple Products Command Injection Vulnerability
kev_entry,2022-04-15,exploited_in_wild,CVE-2022-1364,Google,Chromium V8,1,same-year CVE; Google Chromium V8 Type Confusion Vulnerability
kev_entry,2022-04-15,exploited_in_wild,CVE-2022-22960,VMware,Multiple Products,1,same-year CVE; VMware Multiple Products Privilege Escalation Vulnerability
kev_entry,2022-04-19,exploited_in_wild,CVE-2018-6882,Synacor,Zimbra Collaboration Suite (ZCS),1,older CVE; ransomware; Synacor Zimbra Collaboration Suite (ZCS) Cross-Site Scripting (XSS) Vulnerability
kev_entry,2022-04-19,exploited_in_wild,CVE-2019-3568,Meta Platforms,WhatsApp,1,older CVE; WhatsApp VOIP Stack Buffer Overflow Vulnerability
kev_entry,2022-04-19,exploited_in_wild,CVE-2022-22718,Microsoft,Windows,1,same-year CVE; Microsoft Windows Print Spooler Privilege Escalation Vulnerability
kev_entry,2022-04-25,exploited_in_wild,CVE-2019-1003029,Jenkins,Script Security Plugin,1,older CVE; Jenkins Script Security Plugin Sandbox Bypass Vulnerability
kev_entry,2022-04-25,exploited_in_wild,CVE-2021-40450,Microsoft,Win32k,1,older CVE; Microsoft Win32k Privilege Escalation Vulnerability
kev_entry,2022-04-25,exploited_in_wild,CVE-2021-41357,Microsoft,Win32k,1,older CVE; Microsoft Win32k Privilege Escalation Vulnerability
kev_entry,2022-04-25,exploited_in_wild,CVE-2022-0847,Linux,Kernel,1,same-year CVE; Linux Kernel Privilege Escalation Vulnerability
kev_entry,2022-04-25,exploited_in_wild,CVE-2022-21919,Microsoft,Windows,1,same-year CVE; Microsoft Windows User Profile Service Privilege Escalation Vulnerability
kev_entry,2022-04-25,exploited_in_wild,CVE-2022-26904,Microsoft,Windows,1,same-year CVE; Microsoft Windows User Profile Service Privilege Escalation Vulnerability
kev_entry,2022-04-25,exploited_in_wild,CVE-2022-29464,WSO2,Multiple Products,1,same-year CVE; ransomware; WSO2 Multiple Products Unrestrictive Upload of File Vulnerability
kev_entry,2022-05-04,exploited_in_wild,CVE-2014-0160,OpenSSL,OpenSSL,1,older CVE; OpenSSL Information Disclosure Vulnerability
kev_entry,2022-05-04,exploited_in_wild,CVE-2014-0322,Microsoft,Internet Explorer,1,older CVE; Microsoft Internet Explorer Use-After-Free Vulnerability
kev_entry,2022-05-04,exploited_in_wild,CVE-2014-4113,Microsoft,Win32k,1,older CVE; Microsoft Win32k Privilege Escalation Vulnerability
kev_entry,2022-05-04,exploited_in_wild,CVE-2019-8506,Apple,Multiple Products,1,older CVE; Apple Multiple Products Type Confusion Vulnerability
kev_entry,2022-05-04,exploited_in_wild,CVE-2021-1789,Apple,Multiple Products,1,older CVE; Apple Multiple Products Type Confusion Vulnerability
kev_entry,2022-05-10,exploited_in_wild,CVE-2022-1388,F5,BIG-IP,1,same-year CVE; ransomware; F5 BIG-IP Missing Authentication Vulnerability
kev_entry,2022-05-16,exploited_in_wild,CVE-2022-22947,VMware,Spring Cloud Gateway,1,same-year CVE; VMware Spring Cloud Gateway Code Injection Vulnerability
kev_entry,2022-05-16,exploited_in_wild,CVE-2022-30525,Zyxel,Multiple Firewalls,1,same-year CVE; Zyxel Multiple Firewalls OS Command Injection Vulnerability
kev_entry,2022-05-23,exploited_in_wild,CVE-2018-5002,Adobe,Flash Player,1,older CVE; Adobe Flash Player Stack-based Buffer Overflow Vulnerability
kev_entry,2022-05-23,exploited_in_wild,CVE-2018-8589,Microsoft,Win32k,1,older CVE; Microsoft Win32k Privilege Escalation Vulnerability
kev_entry,2022-05-23,exploited_in_wild,CVE-2019-0676,Microsoft,Internet Explorer,1,older CVE; Microsoft Internet Explorer Information Disclosure Vulnerability
kev_entry,2022-05-23,exploited_in_wild,CVE-2019-0703,Microsoft,Windows,1,older CVE; Microsoft Windows SMB Information Disclosure Vulnerability
kev_entry,2022-05-23,exploited_in_wild,CVE-2019-0880,Microsoft,Windows,1,older CVE; Microsoft Windows Privilege Escalation Vulnerability
kev_entry,2022-05-23,exploited_in_wild,CVE-2019-1130,Microsoft,Windows,1,older CVE; ransomware; Microsoft Windows AppX Deployment Service Privilege Escalation Vulnerability
kev_entry,2022-05-23,exploited_in_wild,CVE-2019-11707,Mozilla,Firefox and Thunderbird,1,older CVE; Mozilla Firefox and Thunderbird Type Confusion Vulnerability
kev_entry,2022-05-23,exploited_in_wild,CVE-2019-11708,Mozilla,Firefox and Thunderbird,1,older CVE; Mozilla Firefox and Thunderbird Sandbox Escape Vulnerability
kev_entry,2022-05-23,exploited_in_wild,CVE-2019-13720,Google,Chrome WebAudio,1,older CVE; Google Chrome WebAudio Use-After-Free Vulnerability
kev_entry,2022-05-23,exploited_in_wild,CVE-2019-1385,Microsoft,Windows,1,older CVE; ransomware; Microsoft Windows AppX Deployment Extensions Privilege Escalation Vulnerability
kev_entry,2022-05-23,exploited_in_wild,CVE-2019-18426,Meta Platforms,WhatsApp,1,older CVE; WhatsApp Cross-Site Scripting Vulnerability
kev_entry,2022-05-23,exploited_in_wild,CVE-2019-5786,Google,Chrome Blink,1,older CVE; Google Chrome Blink Use-After-Free Vulnerability
kev_entry,2022-05-23,exploited_in_wild,CVE-2019-7286,Apple,Multiple Products,1,older CVE; Apple Multiple Products Memory Corruption Vulnerability
kev_entry,2022-05-23,exploited_in_wild,CVE-2019-7287,Apple,iOS,1,older CVE; Apple iOS Memory Corruption Vulnerability
kev_entry,2022-05-23,exploited_in_wild,CVE-2019-8720,WebKitGTK,WebKitGTK,1,older CVE; WebKitGTK Memory Corruption Vulnerability
kev_entry,2022-05-23,exploited_in_wild,CVE-2020-0638,Microsoft,Update Notification Manager,1,older CVE; ransomware; Microsoft Update Notification Manager Privilege Escalation Vulnerability
kev_entry,2022-05-23,exploited_in_wild,CVE-2020-1027,Microsoft,Windows,1,older CVE; Microsoft Windows Kernel Privilege Escalation Vulnerability
kev_entry,2022-05-23,exploited_in_wild,CVE-2021-0920,Android,Kernel,1,older CVE; Android Kernel Race Condition Vulnerability
kev_entry,2022-05-23,exploited_in_wild,CVE-2021-1048,Android,Kernel,1,older CVE; Android Kernel Use-After-Free Vulnerability
kev_entry,2022-05-23,exploited_in_wild,CVE-2021-30883,Apple,Multiple Products,1,older CVE; Apple Multiple Products Memory Corruption Vulnerability
kev_entry,2022-05-23,exploited_in_wild,CVE-2022-20821,Cisco,IOS XR,1,same-year CVE; Cisco IOS XR Open Port Vulnerability
kev_entry,2022-05-24,exploited_in_wild,CVE-2016-0162,Microsoft,Internet Explorer,1,older CVE; Microsoft Internet Explorer Information Disclosure Vulnerability
kev_entry,2022-05-24,exploited_in_wild,CVE-2016-3298,Microsoft,Internet Explorer,1,older CVE; Microsoft Internet Explorer Messaging API Information Disclosure Vulnerability
kev_entry,2022-05-24,exploited_in_wild,CVE-2016-3351,Microsoft,Internet Explorer and Edge,1,older CVE; ransomware; Microsoft Internet Explorer and Edge Information Disclosure Vulnerability
kev_entry,2022-05-24,exploited_in_wild,CVE-2016-4655,Apple,iOS,1,older CVE; Apple iOS Information Disclosure Vulnerability
kev_entry,2022-05-24,exploited_in_wild,CVE-2016-4656,Apple,iOS,1,older CVE; Apple iOS Memory Corruption Vulnerability
kev_entry,2022-05-24,exploited_in_wild,CVE-2016-4657,Apple,iOS,1,older CVE; Apple iOS Webkit Memory Corruption Vulnerability
kev_entry,2022-05-24,exploited_in_wild,CVE-2016-6366,Cisco,Adaptive Security Appliance (ASA),1,older CVE; Cisco Adaptive Security Appliance (ASA) SNMP Buffer Overflow Vulnerability
kev_entry,2022-05-24,exploited_in_wild,CVE-2016-6367,Cisco,Adaptive Security Appliance (ASA),1,older CVE; Cisco Adaptive Security Appliance (ASA) CLI Remote Code Execution Vulnerability
kev_entry,2022-05-24,exploited_in_wild,CVE-2017-0005,Microsoft,Windows,1,older CVE; Microsoft Windows Graphics Device Interface (GDI) Privilege Escalation Vulnerability
kev_entry,2022-05-24,exploited_in_wild,CVE-2017-0022,Microsoft,XML Core Services,1,older CVE; Microsoft XML Core Services Information Disclosure Vulnerability
kev_entry,2022-05-24,exploited_in_wild,CVE-2017-0147,Microsoft,SMBv1 server,1,older CVE; ransomware; Microsoft Windows SMBv1 Information Disclosure Vulnerability
kev_entry,2022-05-24,exploited_in_wild,CVE-2017-0149,Microsoft,Internet Explorer,1,older CVE; Microsoft Internet Explorer Memory Corruption Vulnerability
kev_entry,2022-05-24,exploited_in_wild,CVE-2017-0210,Microsoft,Internet Explorer,1,older CVE; Microsoft Internet Explorer Privilege Escalation Vulnerability
kev_entry,2022-05-24,exploited_in_wild,CVE-2017-18362,Kaseya,Virtual System/Server Administrator (VSA),1,older CVE; ransomware; Kaseya VSA SQL Injection Vulnerability
kev_entry,2022-05-24,exploited_in_wild,CVE-2017-8291,Artifex,Ghostscript,1,older CVE; Artifex Ghostscript Type Confusion Vulnerability
kev_entry,2022-05-24,exploited_in_wild,CVE-2017-8543,Microsoft,Windows,1,older CVE; Microsoft Windows Search Remote Code Execution Vulnerability
kev_entry,2022-05-24,exploited_in_wild,CVE-2018-19943,QNAP,Network Attached Storage (NAS),1,older CVE; ransomware; QNAP NAS File Station Cross-Site Scripting Vulnerability
kev_entry,2022-05-24,exploited_in_wild,CVE-2018-19949,QNAP,Network Attached Storage (NAS),1,older CVE; ransomware; QNAP NAS File Station Command Injection Vulnerability
kev_entry,2022-05-24,exploited_in_wild,CVE-2018-19953,QNAP,Network Attached Storage (NAS),1,older CVE; ransomware; QNAP NAS File Station Cross-Site Scripting Vulnerability
kev_entry,2022-05-24,exploited_in_wild,CVE-2018-8611,Microsoft,Windows,1,older CVE; Microsoft Windows Kernel Privilege Escalation Vulnerability
kev_entry,2022-05-25,exploited_in_wild,CVE-2010-0738,Red Hat,JBoss,1,older CVE; ransomware; Red Hat JBoss Authentication Bypass Vulnerability
kev_entry,2022-05-25,exploited_in_wild,CVE-2010-0840,Oracle,Java Runtime Environment (JRE),1,older CVE; Oracle JRE Unspecified Vulnerability
kev_entry,2022-05-25,exploited_in_wild,CVE-2010-1428,Red Hat,JBoss,1,older CVE; ransomware; Red Hat JBoss Information Disclosure Vulnerability
kev_entry,2022-05-25,exploited_in_wild,CVE-2012-1710,Oracle,Fusion Middleware,1,older CVE; ransomware; Oracle Fusion Middleware Unspecified Vulnerability
kev_entry,2022-05-25,exploited_in_wild,CVE-2013-0074,Microsoft,Silverlight,1,older CVE; ransomware; Microsoft Silverlight Double Dereference Vulnerability
kev_entry,2022-05-25,exploited_in_wild,CVE-2013-0422,Oracle,Java Runtime Environment (JRE),1,older CVE; ransomware; Oracle JRE Remote Code Execution Vulnerability
kev_entry,2022-05-25,exploited_in_wild,CVE-2013-0431,Oracle,Java Runtime Environment (JRE),1,older CVE; ransomware; Oracle JRE Sandbox Bypass Vulnerability
kev_entry,2022-05-25,exploited_in_wild,CVE-2013-2423,Oracle,Java Runtime Environment (JRE),1,older CVE; Oracle JRE Unspecified Vulnerability
kev_entry,2022-05-25,exploited_in_wild,CVE-2013-3896,Microsoft,Silverlight,1,older CVE; Microsoft Silverlight Information Disclosure Vulnerability
kev_entry,2022-05-25,exploited_in_wild,CVE-2013-3993,IBM,InfoSphere BigInsights,1,older CVE; ransomware; IBM InfoSphere BigInsights Invalid Input Vulnerability
kev_entry,2022-05-25,exploited_in_wild,CVE-2013-7331,Microsoft,Internet Explorer,1,older CVE; Microsoft Internet Explorer Information Disclosure Vulnerability
kev_entry,2022-05-25,exploited_in_wild,CVE-2014-0546,Adobe,Reader and Acrobat,1,older CVE; Adobe Reader and Acrobat Sandbox Bypass Vulnerability
kev_entry,2022-05-25,exploited_in_wild,CVE-2014-2817,Microsoft,Internet Explorer,1,older CVE; Microsoft Internet Explorer Privilege Escalation Vulnerability
kev_entry,2022-05-25,exploited_in_wild,CVE-2014-3153,Linux,Kernel,1,older CVE; Linux Kernel Privilege Escalation Vulnerability
kev_entry,2022-05-25,exploited_in_wild,CVE-2014-4077,Microsoft,Input Method Editor (IME) Japanese,1,older CVE; Microsoft IME Japanese Privilege Escalation Vulnerability
kev_entry,2022-05-25,exploited_in_wild,CVE-2014-4123,Microsoft,Internet Explorer,1,older CVE; Microsoft Internet Explorer Privilege Escalation Vulnerability
kev_entry,2022-05-25,exploited_in_wild,CVE-2014-4148,Microsoft,Windows,1,older CVE; Microsoft Windows Remote Code Execution Vulnerability
kev_entry,2022-05-25,exploited_in_wild,CVE-2014-8439,Adobe,Flash Player,1,older CVE; Adobe Flash Player Dereferenced Pointer Vulnerability
kev_entry,2022-05-25,exploited_in_wild,CVE-2015-0016,Microsoft,Windows,1,older CVE; Microsoft Windows TS WebProxy Directory Traversal Vulnerability
kev_entry,2022-05-25,exploited_in_wild,CVE-2015-0071,Microsoft,Internet Explorer,1,older CVE; Microsoft Internet Explorer ASLR Bypass Vulnerability
kev_entry,2022-05-25,exploited_in_wild,CVE-2015-0310,Adobe,Flash Player,1,older CVE; Adobe Flash Player ASLR Bypass Vulnerability
kev_entry,2022-05-25,exploited_in_wild,CVE-2015-1671,Microsoft,Windows,1,older CVE; Microsoft Windows Remote Code Execution Vulnerability
kev_entry,2022-05-25,exploited_in_wild,CVE-2015-1769,Microsoft,Windows,1,older CVE; Microsoft Windows Mount Manager Privilege Escalation Vulnerability
kev_entry,2022-05-25,exploited_in_wild,CVE-2015-2360,Microsoft,Win32k,1,older CVE; Microsoft Win32k Privilege Escalation Vulnerability
kev_entry,2022-05-25,exploited_in_wild,CVE-2015-2425,Microsoft,Internet Explorer,1,older CVE; Microsoft Internet Explorer Memory Corruption Vulnerability
kev_entry,2022-05-25,exploited_in_wild,CVE-2015-4495,Mozilla,Firefox,1,older CVE; Mozilla Firefox Security Feature Bypass Vulnerability
kev_entry,2022-05-25,exploited_in_wild,CVE-2015-6175,Microsoft,Windows,1,older CVE; Microsoft Windows Kernel Privilege Escalation Vulnerability
kev_entry,2022-05-25,exploited_in_wild,CVE-2015-8651,Adobe,Flash Player,1,older CVE; Adobe Flash Player Integer Overflow Vulnerability
kev_entry,2022-05-25,exploited_in_wild,CVE-2016-0034,Microsoft,Silverlight,1,older CVE; ransomware; Microsoft Silverlight Runtime Remote Code Execution Vulnerability
kev_entry,2022-05-25,exploited_in_wild,CVE-2016-0984,Adobe,Flash Player and AIR,1,older CVE; Adobe Flash Player and AIR Use-After-Free Vulnerability
kev_entry,2022-05-25,exploited_in_wild,CVE-2016-1010,Adobe,Flash Player and AIR,1,older CVE; Adobe Flash Player and AIR Integer Overflow Vulnerability
kev_entry,2022-05-25,exploited_in_wild,CVE-2016-3393,Microsoft,Windows,1,older CVE; Microsoft Windows Graphics Device Interface (GDI) Remote Code Execution Vulnerability
kev_entry,2022-05-25,exploited_in_wild,CVE-2016-7256,Microsoft,Windows,1,older CVE; Microsoft Windows Open Type Font Remote Code Execution Vulnerability
kev_entry,2022-05-25,exploited_in_wild,CVE-2019-3010,Oracle,Solaris,1,older CVE; Oracle Solaris Privilege Escalation Vulnerability
kev_entry,2022-06-02,exploited_in_wild,CVE-2022-26134,Atlassian,Confluence Server/Data Center,1,same-year CVE; ransomware; Atlassian Confluence Server and Data Center Remote Code Execution Vulnerability
kev_entry,2022-06-08,exploited_in_wild,CVE-2006-2492,Microsoft,Word,1,older CVE; Microsoft Word Malformed Object Pointer Vulnerability
kev_entry,2022-06-08,exploited_in_wild,CVE-2007-5659,Adobe,Acrobat and Reader,1,older CVE; Adobe Acrobat and Reader Buffer Overflow Vulnerability
kev_entry,2022-06-08,exploited_in_wild,CVE-2008-0655,Adobe,Acrobat and Reader,1,older CVE; Adobe Acrobat and Reader Unspecified Vulnerability
kev_entry,2022-06-08,exploited_in_wild,CVE-2009-0557,Microsoft,Office,1,older CVE; Microsoft Office Object Record Corruption Vulnerability
kev_entry,2022-06-08,exploited_in_wild,CVE-2009-0563,Microsoft,Office,1,older CVE; Microsoft Office Buffer Overflow Vulnerability
kev_entry,2022-06-08,exploited_in_wild,CVE-2009-1862,Adobe,"Acrobat and Reader, Flash Player",1,"older CVE; Adobe Acrobat and Reader, Flash Player Unspecified Vulnerability"
kev_entry,2022-06-08,exploited_in_wild,CVE-2009-3953,Adobe,Acrobat and Reader,1,older CVE; Adobe Acrobat and Reader Universal 3D Remote Code Execution Vulnerability
kev_entry,2022-06-08,exploited_in_wild,CVE-2009-4324,Adobe,Acrobat and Reader,1,older CVE; Adobe Acrobat and Reader Use-After-Free Vulnerability
kev_entry,2022-06-08,exploited_in_wild,CVE-2010-1297,Adobe,Flash Player,1,older CVE; Adobe Flash Player Memory Corruption Vulnerability
kev_entry,2022-06-08,exploited_in_wild,CVE-2010-2572,Microsoft,PowerPoint,1,older CVE; Microsoft PowerPoint Buffer Overflow Vulnerability
kev_entry,2022-06-08,exploited_in_wild,CVE-2010-2883,Adobe,Acrobat and Reader,1,older CVE; Adobe Acrobat and Reader Stack-Based Buffer Overflow Vulnerability
kev_entry,2022-06-08,exploited_in_wild,CVE-2011-0609,Adobe,Flash Player,1,older CVE; Adobe Flash Player Unspecified Vulnerability
kev_entry,2022-06-08,exploited_in_wild,CVE-2011-2462,Adobe,Reader and Acrobat,1,older CVE; Adobe Reader and Acrobat Universal 3D Memory Corruption Vulnerability
kev_entry,2022-06-08,exploited_in_wild,CVE-2012-0151,Microsoft,Windows,1,older CVE; Microsoft Windows Authenticode Signature Verification Remote Code Execution Vulnerability
kev_entry,2022-06-08,exploited_in_wild,CVE-2012-0754,Adobe,Flash Player,1,older CVE; Adobe Flash Player Memory Corruption Vulnerability
kev_entry,2022-06-08,exploited_in_wild,CVE-2012-0767,Adobe,Flash Player,1,older CVE; Adobe Flash Player Cross-Site Scripting (XSS) Vulnerability
kev_entry,2022-06-08,exploited_in_wild,CVE-2012-1889,Microsoft,XML Core Services,1,older CVE; Microsoft XML Core Services Memory Corruption Vulnerability
kev_entry,2022-06-08,exploited_in_wild,CVE-2012-4969,Microsoft,Internet Explorer,1,older CVE; Microsoft Internet Explorer Use-After-Free Vulnerability
kev_entry,2022-06-08,exploited_in_wild,CVE-2012-5054,Adobe,Flash Player,1,older CVE; Adobe Flash Player Integer Overflow Vulnerability
kev_entry,2022-06-08,exploited_in_wild,CVE-2013-1331,Microsoft,Office,1,older CVE; Microsoft Office Buffer Overflow Vulnerability
kev_entry,2022-06-08,exploited_in_wild,CVE-2016-1646,Google,Chromium V8,1,older CVE; Google Chromium V8 Out-of-Bounds Read Vulnerability
kev_entry,2022-06-08,exploited_in_wild,CVE-2016-5198,Google,Chromium V8,1,older CVE; Google Chromium V8 Out-of-Bounds Memory Vulnerability
kev_entry,2022-06-08,exploited_in_wild,CVE-2017-5030,Google,Chromium V8,1,older CVE; Google Chromium V8 Memory Corruption Vulnerability
kev_entry,2022-06-08,exploited_in_wild,CVE-2017-5070,Google,Chromium V8,1,older CVE; Google Chromium V8 Type Confusion Vulnerability
kev_entry,2022-06-08,exploited_in_wild,CVE-2017-6862,NETGEAR,Multiple Devices,1,older CVE; NETGEAR Multiple Devices Buffer Overflow Vulnerability
kev_entry,2022-06-08,exploited_in_wild,CVE-2018-17463,Google,Chromium V8,1,older CVE; Google Chromium V8 Remote Code Execution Vulnerability
kev_entry,2022-06-08,exploited_in_wild,CVE-2018-17480,Google,Chromium V8,1,older CVE; Google Chromium V8 Out-of-Bounds Write Vulnerability
kev_entry,2022-06-08,exploited_in_wild,CVE-2018-4990,Adobe,Acrobat and Reader,1,older CVE; Adobe Acrobat and Reader Double Free Vulnerability
kev_entry,2022-06-08,exploited_in_wild,CVE-2018-6065,Google,Chromium V8,1,older CVE; Google Chromium V8 Integer Overflow Vulnerability
kev_entry,2022-06-08,exploited_in_wild,CVE-2019-15271,Cisco,RV Series Routers,1,older CVE; Cisco RV Series Routers Deserialization of Untrusted Data Vulnerability
kev_entry,2022-06-08,exploited_in_wild,CVE-2019-5825,Google,Chromium V8,1,older CVE; Google Chromium V8 Out-of-Bounds Write Vulnerability
kev_entry,2022-06-08,exploited_in_wild,CVE-2019-7192,QNAP,Photo Station,1,older CVE; ransomware; QNAP Photo Station Improper Access Control Vulnerability
kev_entry,2022-06-08,exploited_in_wild,CVE-2019-7193,QNAP,QTS,1,older CVE; ransomware; QNAP QTS Improper Input Validation Vulnerability
kev_entry,2022-06-08,exploited_in_wild,CVE-2019-7194,QNAP,Photo Station,1,older CVE; ransomware; QNAP Photo Station Path Traversal Vulnerability
kev_entry,2022-06-08,exploited_in_wild,CVE-2019-7195,QNAP,Photo Station,1,older CVE; ransomware; QNAP Photo Station Path Traversal Vulnerability
kev_entry,2022-06-09,exploited_in_wild,CVE-2016-2386,SAP,NetWeaver,1,older CVE; SAP NetWeaver SQL Injection Vulnerability
kev_entry,2022-06-09,exploited_in_wild,CVE-2016-2388,SAP,NetWeaver,1,older CVE; SAP NetWeaver Information Disclosure Vulnerability
kev_entry,2022-06-09,exploited_in_wild,CVE-2021-38163,SAP,NetWeaver,1,older CVE; SAP NetWeaver Unrestricted File Upload Vulnerability
kev_entry,2022-06-14,exploited_in_wild,CVE-2022-30190,Microsoft,Windows,1,same-year CVE; ransomware; Microsoft Windows Support Diagnostic Tool (MSDT) Remote Code Execution Vulnerability
kev_entry,2022-06-27,exploited_in_wild,CVE-2018-4344,Apple,Multiple Products,1,older CVE; Apple Multiple Products Memory Corruption Vulnerability
kev_entry,2022-06-27,exploited_in_wild,CVE-2019-8605,Apple,Multiple Products,1,older CVE; Apple Multiple Products Use-After-Free Vulnerability
kev_entry,2022-06-27,exploited_in_wild,CVE-2020-3837,Apple,Multiple Products,1,older CVE; Apple Multiple Products Memory Corruption Vulnerability
kev_entry,2022-06-27,exploited_in_wild,CVE-2020-9907,Apple,Multiple Products,1,older CVE; Apple Multiple Products Memory Corruption Vulnerability
kev_entry,2022-06-27,exploited_in_wild,CVE-2021-30533,Google,Chromium PopupBlocker,1,older CVE; Google Chromium PopupBlocker Security Bypass Vulnerability
kev_entry,2022-06-27,exploited_in_wild,CVE-2021-30983,Apple,iOS and iPadOS,1,older CVE; Apple iOS and iPadOS Buffer Overflow Vulnerability
kev_entry,2022-06-27,exploited_in_wild,CVE-2021-4034,Red Hat,Polkit,1,older CVE; ransomware; Red Hat Polkit Out-of-Bounds Read and Write Vulnerability
kev_entry,2022-06-27,exploited_in_wild,CVE-2022-29499,Mitel,MiVoice Connect,1,same-year CVE; ransomware; Mitel MiVoice Connect Data Validation Vulnerability
kev_entry,2022-07-01,exploited_in_wild,CVE-2022-26925,Microsoft,Windows,1,same-year CVE; Microsoft Windows LSA Spoofing Vulnerability
kev_entry,2022-07-12,exploited_in_wild,CVE-2022-22047,Microsoft,Windows,1,same-year CVE; Microsoft Windows Client Server Runtime Subsystem (CSRSS) Privilege Escalation Vulnerability
kev_entry,2022-07-29,exploited_in_wild,CVE-2022-26138,Atlassian,Confluence,1,same-year CVE; Atlassian Questions For Confluence App Hard-coded Credentials Vulnerability
kev_entry,2022-08-04,exploited_in_wild,CVE-2022-27924,Synacor,Zimbra Collaboration Suite (ZCS),1,same-year CVE; ransomware; Synacor Zimbra Collaboration Suite (ZCS) Command Injection Vulnerability
kev_entry,2022-08-09,exploited_in_wild,CVE-2022-30333,RARLAB,UnRAR,1,same-year CVE; ransomware; RARLAB UnRAR Directory Traversal Vulnerability
kev_entry,2022-08-09,exploited_in_wild,CVE-2022-34713,Microsoft,Windows,1,same-year CVE; Microsoft Windows Support Diagnostic Tool (MSDT) Remote Code Execution Vulnerability
kev_entry,2022-08-11,exploited_in_wild,CVE-2022-27925,Synacor,Zimbra Collaboration Suite (ZCS),1,same-year CVE; ransomware; Synacor Zimbra Collaboration Suite (ZCS) Arbitrary File Upload Vulnerability
kev_entry,2022-08-11,exploited_in_wild,CVE-2022-37042,Synacor,Zimbra Collaboration Suite (ZCS),1,same-year CVE; ransomware; Synacor Zimbra Collaboration Suite (ZCS) Authentication Bypass Vulnerability
kev_entry,2022-08-18,exploited_in_wild,CVE-2017-15944,Palo Alto Networks,PAN-OS,1,older CVE; Palo Alto Networks PAN-OS Remote Code Execution Vulnerability
kev_entry,2022-08-18,exploited_in_wild,CVE-2022-21971,Microsoft,Windows,1,same-year CVE; Microsoft Windows Runtime Remote Code Execution Vulnerability
kev_entry,2022-08-18,exploited_in_wild,CVE-2022-22536,SAP,Multiple Products,1,same-year CVE; SAP Multiple Products HTTP Request Smuggling Vulnerability
kev_entry,2022-08-18,exploited_in_wild,CVE-2022-26923,Microsoft,Active Directory,1,same-year CVE; Microsoft Active Directory Domain Services Privilege Escalation Vulnerability
kev_entry,2022-08-18,exploited_in_wild,CVE-2022-2856,Google,Chromium Intents,1,same-year CVE; Google Chromium Intents Insufficient Input Validation Vulnerability
kev_entry,2022-08-18,exploited_in_wild,CVE-2022-32893,Apple,iOS and macOS,1,same-year CVE; Apple iOS and macOS Out-of-Bounds Write Vulnerability
kev_entry,2022-08-18,exploited_in_wild,CVE-2022-32894,Apple,iOS and macOS,1,same-year CVE; Apple iOS and macOS Out-of-Bounds Write Vulnerability
kev_entry,2022-08-22,exploited_in_wild,CVE-2022-0028,Palo Alto Networks,PAN-OS,1,same-year CVE; Palo Alto Networks PAN-OS Reflected Amplification Denial-of-Service Vulnerability
kev_entry,2022-08-25,exploited_in_wild,CVE-2020-28949,PEAR,Archive_Tar,1,older CVE; PEAR Archive_Tar Deserialization of Untrusted Data Vulnerability
kev_entry,2022-08-25,exploited_in_wild,CVE-2020-36193,PEAR,Archive_Tar,1,older CVE; PEAR Archive_Tar Improper Link Resolution Vulnerability
kev_entry,2022-08-25,exploited_in_wild,CVE-2021-31010,Apple,"iOS, macOS, watchOS",1,"older CVE; Apple iOS, macOS, watchOS Sandbox Bypass Vulnerability"
kev_entry,2022-08-25,exploited_in_wild,CVE-2021-38406,Delta Electronics,DOPSoft 2,1,older CVE; Delta Electronics DOPSoft 2 Improper Input Validation Vulnerability
kev_entry,2022-08-25,exploited_in_wild,CVE-2021-39226,Grafana Labs,Grafana,1,older CVE; Grafana Authentication Bypass Vulnerability
kev_entry,2022-08-25,exploited_in_wild,CVE-2022-2294,WebRTC,WebRTC,1,same-year CVE; ransomware; WebRTC Heap Buffer Overflow Vulnerability
kev_entry,2022-08-25,exploited_in_wild,CVE-2022-22963,VMware Tanzu,Spring Cloud,1,same-year CVE; VMware Tanzu Spring Cloud Function Remote Code Execution Vulnerability
kev_entry,2022-08-25,exploited_in_wild,CVE-2022-24112,Apache,APISIX,1,same-year CVE; Apache APISIX Authentication Bypass Vulnerability
kev_entry,2022-08-25,exploited_in_wild,CVE-2022-24706,Apache,CouchDB,1,same-year CVE; Apache CouchDB Insecure Default Initialization of Resource Vulnerability
kev_entry,2022-08-25,exploited_in_wild,CVE-2022-26352,dotCMS,dotCMS,1,same-year CVE; ransomware; dotCMS Unrestricted Upload of File Vulnerability
kev_entry,2022-09-08,exploited_in_wild,CVE-2011-1823,Android,Android OS,1,older CVE; Android OS Privilege Escalation Vulnerability
kev_entry,2022-09-08,exploited_in_wild,CVE-2011-4723,D-Link,DIR-300 Router,1,older CVE; D-Link DIR-300 Router Cleartext Storage of a Password Vulnerability
kev_entry,2022-09-08,exploited_in_wild,CVE-2017-5521,NETGEAR,Multiple Devices,1,older CVE; NETGEAR Multiple Devices Exposure of Sensitive Information Vulnerability
kev_entry,2022-09-08,exploited_in_wild,CVE-2018-13374,Fortinet,FortiOS and FortiADC,1,older CVE; ransomware; Fortinet FortiOS and FortiADC Improper Access Control Vulnerability
kev_entry,2022-09-08,exploited_in_wild,CVE-2018-2628,Oracle,WebLogic Server,1,older CVE; Oracle WebLogic Server Unspecified Vulnerability
kev_entry,2022-09-08,exploited_in_wild,CVE-2018-6530,D-Link,Multiple Routers,1,older CVE; ransomware; D-Link Multiple Routers OS Command Injection Vulnerability
kev_entry,2022-09-08,exploited_in_wild,CVE-2018-7445,MikroTik,RouterOS,1,older CVE; MikroTik RouterOS Stack-Based Buffer Overflow Vulnerability
kev_entry,2022-09-08,exploited_in_wild,CVE-2020-9934,Apple,"iOS, iPadOS, and macOS",1,"older CVE; Apple iOS, iPadOS, and macOS Input Validation Vulnerability"
kev_entry,2022-09-08,exploited_in_wild,CVE-2022-26258,D-Link,DIR-820L,1,same-year CVE; D-Link DIR-820L Remote Code Execution Vulnerability
kev_entry,2022-09-08,exploited_in_wild,CVE-2022-27593,QNAP,Photo Station,1,same-year CVE; ransomware; QNAP Photo Station Externally Controlled Reference Vulnerability
kev_entry,2022-09-08,exploited_in_wild,CVE-2022-3075,Google,Chromium Mojo,1,same-year CVE; Google Chromium Mojo Insufficient Data Validation Vulnerability
kev_entry,2022-09-14,exploited_in_wild,CVE-2022-32917,Apple,"iOS, iPadOS, and macOS",1,"same-year CVE; Apple iOS, iPadOS, and macOS Remote Code Execution Vulnerability"
kev_entry,2022-09-14,exploited_in_wild,CVE-2022-37969,Microsoft,Windows,1,same-year CVE; ransomware; Microsoft Windows Common Log File System (CLFS) Driver Privilege Escalation Vulnerability
kev_entry,2022-09-15,exploited_in_wild,CVE-2010-2568,Microsoft,Windows,1,older CVE; Microsoft Windows Remote Code Execution Vulnerability
kev_entry,2022-09-15,exploited_in_wild,CVE-2013-2094,Linux,Kernel,1,older CVE; Linux Kernel Privilege Escalation Vulnerability
kev_entry,2022-09-15,exploited_in_wild,CVE-2013-2596,Linux,Kernel,1,older CVE; Linux Kernel Integer Overflow Vulnerability
kev_entry,2022-09-15,exploited_in_wild,CVE-2013-2597,Code Aurora,ACDB Audio Driver,1,older CVE; Code Aurora ACDB Audio Driver Stack-based Buffer Overflow Vulnerability
kev_entry,2022-09-15,exploited_in_wild,CVE-2013-6282,Linux,Kernel,1,older CVE; Linux Kernel Improper Input Validation Vulnerability
kev_entry,2022-09-15,exploited_in_wild,CVE-2022-40139,Trend Micro,Apex One and Apex One as a Service,1,same-year CVE; Trend Micro Apex One and Apex One as a Service Improper Validation Vulnerability
kev_entry,2022-09-22,exploited_in_wild,CVE-2022-35405,Zoho,ManageEngine,1,same-year CVE; Zoho ManageEngine Multiple Products Remote Code Execution Vulnerability
kev_entry,2022-09-23,exploited_in_wild,CVE-2022-3236,Sophos,Firewall,1,same-year CVE; Sophos Firewall Code Injection Vulnerability
kev_entry,2022-09-30,exploited_in_wild,CVE-2022-36804,Atlassian,Bitbucket Server and Data Center,1,same-year CVE; Atlassian Bitbucket Server and Data Center Command Injection Vulnerability
kev_entry,2022-09-30,exploited_in_wild,CVE-2022-41040,Microsoft,Exchange Server,1,same-year CVE; ransomware; Microsoft Exchange Server Server-Side Request Forgery Vulnerability
kev_entry,2022-09-30,exploited_in_wild,CVE-2022-41082,Microsoft,Exchange Server,1,same-year CVE; ransomware; Microsoft Exchange Server Remote Code Execution Vulnerability
kev_entry,2022-10-11,exploited_in_wild,CVE-2022-40684,Fortinet,Multiple Products,1,same-year CVE; ransomware; Fortinet Multiple Products Authentication Bypass Vulnerability
kev_entry,2022-10-11,exploited_in_wild,CVE-2022-41033,Microsoft,Windows COM+ Event System Service,1,same-year CVE; Microsoft Windows COM+ Event System Service Privilege Escalation Vulnerability
kev_entry,2022-10-20,exploited_in_wild,CVE-2021-3493,Linux,Kernel,1,older CVE; Linux Kernel Privilege Escalation Vulnerability
kev_entry,2022-10-20,exploited_in_wild,CVE-2022-41352,Synacor,Zimbra Collaboration Suite (ZCS),1,same-year CVE; Synacor Zimbra Collaboration Suite (ZCS) Arbitrary File Upload Vulnerability
kev_entry,2022-10-24,exploited_in_wild,CVE-2018-19320,GIGABYTE,Multiple Products,1,older CVE; ransomware; GIGABYTE Multiple Products Unspecified Vulnerability
kev_entry,2022-10-24,exploited_in_wild,CVE-2018-19321,GIGABYTE,Multiple Products,1,older CVE; ransomware; GIGABYTE Multiple Products Privilege Escalation Vulnerability
kev_entry,2022-10-24,exploited_in_wild,CVE-2018-19322,GIGABYTE,Multiple Products,1,older CVE; ransomware; GIGABYTE Multiple Products Code Execution Vulnerability
kev_entry,2022-10-24,exploited_in_wild,CVE-2018-19323,GIGABYTE,Multiple Products,1,older CVE; ransomware; GIGABYTE Multiple Products Privilege Escalation Vulnerability
kev_entry,2022-10-24,exploited_in_wild,CVE-2020-3153,Cisco,AnyConnect Secure,1,older CVE; ransomware; Cisco AnyConnect Secure Mobility Client for Windows Uncontrolled Search Path Vulnerability
kev_entry,2022-10-24,exploited_in_wild,CVE-2020-3433,Cisco,AnyConnect Secure,1,older CVE; ransomware; Cisco AnyConnect Secure Mobility Client for Windows DLL Hijacking Vulnerability
kev_entry,2022-10-25,exploited_in_wild,CVE-2022-42827,Apple,iOS and iPadOS,1,same-year CVE; Apple iOS and iPadOS Out-of-Bounds Write Vulnerability
kev_entry,2022-10-28,exploited_in_wild,CVE-2022-3723,Google,Chromium V8,1,same-year CVE; Google Chromium V8 Type Confusion Vulnerability
kev_entry,2022-11-08,exploited_in_wild,CVE-2021-25337,Samsung,Mobile Devices,1,older CVE; Samsung Mobile Devices Improper Access Control Vulnerability
kev_entry,2022-11-08,exploited_in_wild,CVE-2021-25369,Samsung,Mobile Devices,1,older CVE; Samsung Mobile Devices Improper Access Control Vulnerability
kev_entry,2022-11-08,exploited_in_wild,CVE-2021-25370,Samsung,Mobile Devices,1,older CVE; Samsung Mobile Devices Memory Corruption Vulnerability
kev_entry,2022-11-08,exploited_in_wild,CVE-2022-41073,Microsoft,Windows,1,same-year CVE; ransomware; Microsoft Windows Print Spooler Privilege Escalation Vulnerability
kev_entry,2022-11-08,exploited_in_wild,CVE-2022-41091,Microsoft,Windows,1,same-year CVE; ransomware; Microsoft Windows Mark of the Web (MOTW) Security Feature Bypass Vulnerability
kev_entry,2022-11-08,exploited_in_wild,CVE-2022-41125,Microsoft,Windows,1,same-year CVE; Microsoft Windows CNG Key Isolation Service Privilege Escalation Vulnerability
kev_entry,2022-11-08,exploited_in_wild,CVE-2022-41128,Microsoft,Windows,1,same-year CVE; Microsoft Windows Scripting Languages Remote Code Execution Vulnerability
kev_entry,2022-11-14,exploited_in_wild,CVE-2022-41049,Microsoft,Windows,1,same-year CVE; Microsoft Windows Mark of the Web (MOTW) Security Feature Bypass Vulnerability
kev_entry,2022-11-28,exploited_in_wild,CVE-2021-35587,Oracle,Fusion Middleware,1,older CVE; Oracle Fusion Middleware Unspecified Vulnerability
kev_entry,2022-11-28,exploited_in_wild,CVE-2022-4135,Google,Chromium GPU,1,same-year CVE; Google Chromium GPU Heap Buffer Overflow Vulnerability
kev_entry,2022-12-05,exploited_in_wild,CVE-2022-4262,Google,Chromium V8,1,same-year CVE; Google Chromium V8 Type Confusion Vulnerability
kev_entry,2022-12-13,exploited_in_wild,CVE-2022-26500,Veeam,Backup & Replication,1,same-year CVE; ransomware; Veeam Backup & Replication Remote Code Execution Vulnerability
kev_entry,2022-12-13,exploited_in_wild,CVE-2022-26501,Veeam,Backup & Replication,1,same-year CVE; ransomware; Veeam Backup & Replication Remote Code Execution Vulnerability
kev_entry,2022-12-13,exploited_in_wild,CVE-2022-27518,Citrix,Application Delivery Controller (ADC) and Gateway,1,same-year CVE; Citrix Application Delivery Controller (ADC) and Gateway Authentication Bypass Vulnerability
kev_entry,2022-12-13,exploited_in_wild,CVE-2022-42475,Fortinet,FortiOS,1,same-year CVE; ransomware; Fortinet FortiOS Heap-Based Buffer Overflow Vulnerability
kev_entry,2022-12-13,exploited_in_wild,CVE-2022-44698,Microsoft,Defender,1,same-year CVE; ransomware; Microsoft Defender SmartScreen Security Feature Bypass Vulnerability
kev_entry,2022-12-14,exploited_in_wild,CVE-2022-42856,Apple,iOS,1,same-year CVE; Apple iOS Type Confusion Vulnerability
kev_entry,2022-12-29,exploited_in_wild,CVE-2018-18809,TIBCO,JasperReports,1,older CVE; TIBCO JasperReports Library Directory Traversal Vulnerability
kev_entry,2022-12-29,exploited_in_wild,CVE-2018-5430,TIBCO,JasperReports,1,older CVE; TIBCO JasperReports Server Information Disclosure Vulnerability
kev_entry,2023-01-10,exploited_in_wild,CVE-2022-41080,Microsoft,Exchange Server,1,older CVE; ransomware; Microsoft Exchange Server Privilege Escalation Vulnerability
kev_entry,2023-01-10,exploited_in_wild,CVE-2023-21674,Microsoft,Windows,1,same-year CVE; Microsoft Windows Advanced Local Procedure Call (ALPC) Privilege Escalation Vulnerability
kev_entry,2023-01-17,exploited_in_wild,CVE-2022-44877,CWP,Control Web Panel,1,older CVE; CWP Control Web Panel OS Command Injection Vulnerability
kev_entry,2023-01-23,exploited_in_wild,CVE-2022-47966,Zoho,ManageEngine,1,older CVE; ransomware; Zoho ManageEngine Multiple Products Remote Code Execution Vulnerability
kev_entry,2023-01-26,exploited_in_wild,CVE-2017-11357,Telerik,User Interface (UI) for ASP.NET AJAX,1,older CVE; ransomware; Telerik UI for ASP.NET AJAX Insecure Direct Object Reference Vulnerability
kev_entry,2023-02-02,exploited_in_wild,CVE-2022-21587,Oracle,E-Business Suite,1,older CVE; ransomware; Oracle E-Business Suite Unspecified Vulnerability
kev_entry,2023-02-02,exploited_in_wild,CVE-2023-22952,SugarCRM,Multiple Products,1,same-year CVE; Multiple SugarCRM Products Remote Code Execution Vulnerability
kev_entry,2023-02-10,exploited_in_wild,CVE-2015-2291,Intel,Ethernet Diagnostics Driver for Windows,1,older CVE; ransomware; Intel Ethernet Diagnostics Driver for Windows Denial-of-Service Vulnerability
kev_entry,2023-02-10,exploited_in_wild,CVE-2022-24990,TerraMaster,TerraMaster OS,1,older CVE; ransomware; TerraMaster OS Remote Command Execution Vulnerability
kev_entry,2023-02-10,exploited_in_wild,CVE-2023-0669,Fortra,GoAnywhere MFT,1,same-year CVE; ransomware; Fortra GoAnywhere MFT Remote Code Execution Vulnerability
kev_entry,2023-02-14,exploited_in_wild,CVE-2023-21715,Microsoft,Office,1,same-year CVE; Microsoft Office Publisher Security Feature Bypass Vulnerability
kev_entry,2023-02-14,exploited_in_wild,CVE-2023-21823,Microsoft,Windows,1,same-year CVE; Microsoft Windows Graphic Component Privilege Escalation Vulnerability
kev_entry,2023-02-14,exploited_in_wild,CVE-2023-23376,Microsoft,Windows,1,same-year CVE; ransomware; Microsoft Windows Common Log File System (CLFS) Driver Privilege Escalation Vulnerability
kev_entry,2023-02-14,exploited_in_wild,CVE-2023-23529,Apple,Multiple Products,1,same-year CVE; Apple Multiple Products WebKit Type Confusion Vulnerability
kev_entry,2023-02-16,exploited_in_wild,CVE-2022-46169,Cacti,Cacti,1,older CVE; Cacti Command Injection Vulnerability
kev_entry,2023-02-21,exploited_in_wild,CVE-2022-40765,Mitel,MiVoice Connect,1,older CVE; ransomware; Mitel MiVoice Connect Command Injection Vulnerability
kev_entry,2023-02-21,exploited_in_wild,CVE-2022-41223,Mitel,MiVoice Connect,1,older CVE; ransomware; Mitel MiVoice Connect Code Injection Vulnerability
kev_entry,2023-02-21,exploited_in_wild,CVE-2022-47986,IBM,Aspera Faspex,1,older CVE; ransomware; IBM Aspera Faspex Code Execution Vulnerability
kev_entry,2023-02-27,exploited_in_wild,CVE-2022-36537,ZK Framework,AuUploader,1,older CVE; ransomware; ZK Framework AuUploader Unspecified Vulnerability
kev_entry,2023-03-07,exploited_in_wild,CVE-2022-28810,Zoho,ManageEngine,1,older CVE; Zoho ManageEngine ADSelfService Plus Remote Code Execution Vulnerability
kev_entry,2023-03-07,exploited_in_wild,CVE-2022-33891,Apache,Spark,1,older CVE; Apache Spark Command Injection Vulnerability
kev_entry,2023-03-07,exploited_in_wild,CVE-2022-35914,Teclib,GLPI,1,older CVE; Teclib GLPI Remote Code Execution Vulnerability
kev_entry,2023-03-10,exploited_in_wild,CVE-2020-5741,Plex,Media Server,1,older CVE; Plex Media Server Remote Code Execution Vulnerability
kev_entry,2023-03-10,exploited_in_wild,CVE-2021-39144,XStream,XStream,1,older CVE; XStream Remote Code Execution Vulnerability
kev_entry,2023-03-14,exploited_in_wild,CVE-2022-41328,Fortinet,FortiOS,1,older CVE; Fortinet FortiOS Path Traversal Vulnerability
kev_entry,2023-03-14,exploited_in_wild,CVE-2023-23397,Microsoft,Office,1,same-year CVE; Microsoft Office Outlook Privilege Escalation Vulnerability
kev_entry,2023-03-14,exploited_in_wild,CVE-2023-24880,Microsoft,Windows,1,same-year CVE; ransomware; Microsoft Windows SmartScreen Security Feature Bypass Vulnerability
kev_entry,2023-03-15,exploited_in_wild,CVE-2023-26360,Adobe,ColdFusion,1,same-year CVE; Adobe ColdFusion Deserialization of Untrusted Data Vulnerability
kev_entry,2023-03-30,exploited_in_wild,CVE-2013-3163,Microsoft,Internet Explorer,1,older CVE; Microsoft Internet Explorer Memory Corruption Vulnerability
kev_entry,2023-03-30,exploited_in_wild,CVE-2017-7494,Samba,Samba,1,older CVE; ransomware; Samba Remote Code Execution Vulnerability
kev_entry,2023-03-30,exploited_in_wild,CVE-2021-30900,Apple,"iOS, iPadOS, and macOS",1,"older CVE; Apple iOS, iPadOS, and macOS Out-of-Bounds Write Vulnerability"
kev_entry,2023-03-30,exploited_in_wild,CVE-2022-22706,Arm,Mali Graphics Processing Unit (GPU),1,older CVE; Arm Mali GPU Kernel Driver Unspecified Vulnerability
kev_entry,2023-03-30,exploited_in_wild,CVE-2022-3038,Google,Chromium Network Service,1,older CVE; Google Chromium Network Service Use-After-Free Vulnerability
kev_entry,2023-03-30,exploited_in_wild,CVE-2022-38181,Arm,Mali Graphics Processing Unit (GPU),1,older CVE; Arm Mali GPU Kernel Driver Use-After-Free Vulnerability
kev_entry,2023-03-30,exploited_in_wild,CVE-2022-39197,Fortra,Cobalt Strike,1,older CVE; Fortra Cobalt Strike Teamserver Cross-Site Scripting (XSS) Vulnerability
kev_entry,2023-03-30,exploited_in_wild,CVE-2022-42948,Fortra,Cobalt Strike,1,older CVE; Fortra Cobalt Strike User Interface Remote Code Execution Vulnerability
kev_entry,2023-03-30,exploited_in_wild,CVE-2023-0266,Linux,Kernel,1,same-year CVE; Linux Kernel Use-After-Free Vulnerability
kev_entry,2023-04-03,exploited_in_wild,CVE-2022-27926,Synacor,Zimbra Collaboration Suite (ZCS),1,older CVE; Synacor Zimbra Collaboration Suite (ZCS) Cross-Site Scripting (XSS) Vulnerability
kev_entry,2023-04-07,exploited_in_wild,CVE-2019-1388,Microsoft,Windows,1,older CVE; ransomware; Microsoft Windows Certificate Dialog Privilege Escalation Vulnerability
kev_entry,2023-04-07,exploited_in_wild,CVE-2021-27876,Veritas,Backup Exec Agent,1,older CVE; ransomware; Veritas Backup Exec Agent File Access Vulnerability
kev_entry,2023-04-07,exploited_in_wild,CVE-2021-27877,Veritas,Backup Exec Agent,1,older CVE; ransomware; Veritas Backup Exec Agent Improper Authentication Vulnerability
kev_entry,2023-04-07,exploited_in_wild,CVE-2021-27878,Veritas,Backup Exec Agent,1,older CVE; ransomware; Veritas Backup Exec Agent Command Execution Vulnerability
kev_entry,2023-04-07,exploited_in_wild,CVE-2023-26083,Arm,Mali Graphics Processing Unit (GPU),1,same-year CVE; Arm Mali GPU Kernel Driver Information Disclosure Vulnerability
kev_entry,2023-04-10,exploited_in_wild,CVE-2023-28205,Apple,Multiple Products,1,same-year CVE; Apple Multiple Products WebKit Use-After-Free Vulnerability
kev_entry,2023-04-10,exploited_in_wild,CVE-2023-28206,Apple,"iOS, iPadOS, and macOS",1,"same-year CVE; Apple iOS, iPadOS, and macOS IOSurfaceAccelerator Out-of-Bounds Write Vulnerability"
kev_entry,2023-04-11,exploited_in_wild,CVE-2023-28252,Microsoft,Windows,1,same-year CVE; ransomware; Microsoft Windows Common Log File System (CLFS) Driver Privilege Escalation Vulnerability
kev_entry,2023-04-13,exploited_in_wild,CVE-2023-20963,Android,Framework,1,same-year CVE; Android Framework Privilege Escalation Vulnerability
kev_entry,2023-04-13,exploited_in_wild,CVE-2023-29492,Novi Survey,Novi Survey,1,same-year CVE; Novi Survey Insecure Deserialization Vulnerability
kev_entry,2023-04-17,exploited_in_wild,CVE-2019-8526,Apple,macOS,1,older CVE; Apple macOS Use-After-Free Vulnerability
kev_entry,2023-04-17,exploited_in_wild,CVE-2023-2033,Google,Chromium V8,1,same-year CVE; Google Chromium V8 Type Confusion Vulnerability
kev_entry,2023-04-19,exploited_in_wild,CVE-2017-6742,Cisco,IOS and IOS XE Software,1,older CVE; Cisco IOS and IOS XE Software SNMP Remote Code Execution Vulnerability
kev_entry,2023-04-21,exploited_in_wild,CVE-2023-2136,Google,Chromium Skia,1,same-year CVE; Google Chrome Skia Integer Overflow Vulnerability
kev_entry,2023-04-21,exploited_in_wild,CVE-2023-27350,PaperCut,MF/NG,1,same-year CVE; ransomware; PaperCut MF/NG Improper Access Control Vulnerability
kev_entry,2023-04-21,exploited_in_wild,CVE-2023-28432,MinIO,MinIO,1,same-year CVE; MinIO Information Disclosure Vulnerability
kev_entry,2023-05-01,exploited_in_wild,CVE-2021-45046,Apache,Log4j2,1,older CVE; ransomware; Apache Log4j2 Deserialization of Untrusted Data Vulnerability
kev_entry,2023-05-01,exploited_in_wild,CVE-2023-1389,TP-Link,Archer AX21,1,same-year CVE; TP-Link Archer AX-21 Command Injection Vulnerability
kev_entry,2023-05-01,exploited_in_wild,CVE-2023-21839,Oracle,WebLogic Server,1,same-year CVE; Oracle WebLogic Server Unspecified Vulnerability
kev_entry,2023-05-09,exploited_in_wild,CVE-2023-29336,Microsoft,Win32k,1,same-year CVE; Microsoft Win32K Privilege Escalation Vulnerability
kev_entry,2023-05-12,exploited_in_wild,CVE-2010-3904,Linux,Kernel,1,older CVE; Linux Kernel Improper Input Validation Vulnerability
kev_entry,2023-05-12,exploited_in_wild,CVE-2014-0196,Linux,Kernel,1,older CVE; Linux Kernel Race Condition Vulnerability
kev_entry,2023-05-12,exploited_in_wild,CVE-2015-5317,Jenkins,Jenkins User Interface (UI),1,older CVE; Jenkins User Interface (UI) Information Disclosure Vulnerability
kev_entry,2023-05-12,exploited_in_wild,CVE-2016-3427,Oracle,Java SE and JRockit,1,older CVE; Oracle Java SE and JRockit Unspecified Vulnerability
kev_entry,2023-05-12,exploited_in_wild,CVE-2016-8735,Apache,Tomcat,1,older CVE; Apache Tomcat Remote Code Execution Vulnerability
kev_entry,2023-05-12,exploited_in_wild,CVE-2021-3560,Red Hat,Polkit,1,older CVE; Red Hat Polkit Incorrect Authorization Vulnerability
kev_entry,2023-05-12,exploited_in_wild,CVE-2023-25717,Ruckus Wireless,Multiple Products,1,same-year CVE; Multiple Ruckus Wireless Products CSRF and RCE Vulnerability
kev_entry,2023-05-19,exploited_in_wild,CVE-2004-1464,Cisco,IOS,1,older CVE; Cisco IOS Denial-of-Service Vulnerability
kev_entry,2023-05-19,exploited_in_wild,CVE-2016-6415,Cisco,"IOS, IOS XR, and IOS XE",1,"older CVE; Cisco IOS, IOS XR, and IOS XE IKEv1 Information Disclosure Vulnerability"
kev_entry,2023-05-19,exploited_in_wild,CVE-2023-21492,Samsung,Mobile Devices,1,same-year CVE; Samsung Mobile Devices Insertion of Sensitive Information Into Log File Vulnerability
kev_entry,2023-05-22,exploited_in_wild,CVE-2023-28204,Apple,Multiple Products,1,same-year CVE; Apple Multiple Products WebKit Out-of-Bounds Read Vulnerability
kev_entry,2023-05-22,exploited_in_wild,CVE-2023-32373,Apple,Multiple Products,1,same-year CVE; Apple Multiple Products WebKit Use-After-Free Vulnerability
kev_entry,2023-05-22,exploited_in_wild,CVE-2023-32409,Apple,Multiple Products,1,same-year CVE; Apple Multiple Products WebKit Sandbox Escape Vulnerability
kev_entry,2023-05-26,exploited_in_wild,CVE-2023-2868,Barracuda Networks,Email Security Gateway (ESG) Appliance,1,same-year CVE; Barracuda Networks ESG Appliance Improper Input Validation Vulnerability
kev_entry,2023-05-31,exploited_in_wild,CVE-2023-28771,Zyxel,Multiple Firewalls,1,same-year CVE; Zyxel Multiple Firewalls OS Command Injection Vulnerability
kev_entry,2023-06-02,exploited_in_wild,CVE-2023-34362,Progress,MOVEit Transfer,1,same-year CVE; ransomware; Progress MOVEit Transfer SQL Injection Vulnerability
kev_entry,2023-06-05,exploited_in_wild,CVE-2023-33009,Zyxel,Multiple Firewalls,1,same-year CVE; Zyxel Multiple Firewalls Buffer Overflow Vulnerability
kev_entry,2023-06-05,exploited_in_wild,CVE-2023-33010,Zyxel,Multiple Firewalls,1,same-year CVE; Zyxel Multiple Firewalls Buffer Overflow Vulnerability
kev_entry,2023-06-07,exploited_in_wild,CVE-2023-3079,Google,Chromium V8,1,same-year CVE; Google Chromium V8 Type Confusion Vulnerability
kev_entry,2023-06-13,exploited_in_wild,CVE-2023-27997,Fortinet,FortiOS and FortiProxy SSL-VPN,1,same-year CVE; ransomware; Fortinet FortiOS and FortiProxy SSL-VPN Heap-Based Buffer Overflow Vulnerability
kev_entry,2023-06-22,exploited_in_wild,CVE-2016-0165,Microsoft,Win32k,1,older CVE; Microsoft Win32k Privilege Escalation Vulnerability
kev_entry,2023-06-22,exploited_in_wild,CVE-2016-9079,Mozilla,"Firefox, Firefox ESR, and Thunderbird",1,"older CVE; Mozilla Firefox, Firefox ESR, and Thunderbird Use-After-Free Vulnerability"
kev_entry,2023-06-22,exploited_in_wild,CVE-2020-12641,Roundcube,Roundcube Webmail,1,older CVE; Roundcube Webmail Remote Code Execution Vulnerability
kev_entry,2023-06-22,exploited_in_wild,CVE-2020-35730,Roundcube,Roundcube Webmail,1,older CVE; Roundcube Webmail Cross-Site Scripting (XSS) Vulnerability
kev_entry,2023-06-22,exploited_in_wild,CVE-2021-44026,Roundcube,Roundcube Webmail,1,older CVE; Roundcube Webmail SQL Injection Vulnerability
kev_entry,2023-06-22,exploited_in_wild,CVE-2023-20887,VMware,Aria Operations for Networks,1,same-year CVE; Vmware Aria Operations for Networks Command Injection Vulnerability
kev_entry,2023-06-23,exploited_in_wild,CVE-2023-20867,VMware,Tools,1,same-year CVE; VMware Tools Authentication Bypass Vulnerability
kev_entry,2023-06-23,exploited_in_wild,CVE-2023-27992,Zyxel,Multiple Network-Attached Storage (NAS) Devices,1,same-year CVE; Zyxel Multiple NAS Devices Command Injection Vulnerability
kev_entry,2023-06-23,exploited_in_wild,CVE-2023-32434,Apple,Multiple Products,1,same-year CVE; Apple Multiple Products Integer Overflow Vulnerability
kev_entry,2023-06-23,exploited_in_wild,CVE-2023-32435,Apple,Multiple Products,1,same-year CVE; Apple Multiple Products WebKit Memory Corruption Vulnerability
kev_entry,2023-06-23,exploited_in_wild,CVE-2023-32439,Apple,Multiple Products,1,same-year CVE; Apple Multiple Products WebKit Type Confusion Vulnerability
kev_entry,2023-06-29,exploited_in_wild,CVE-2019-17621,D-Link,DIR-859 Router,1,older CVE; D-Link DIR-859 Router Command Execution Vulnerability
kev_entry,2023-06-29,exploited_in_wild,CVE-2019-20500,D-Link,DWL-2600AP Access Point,1,older CVE; D-Link DWL-2600AP Access Point Command Injection Vulnerability
kev_entry,2023-06-29,exploited_in_wild,CVE-2021-25371,Samsung,Mobile Devices,1,older CVE; Samsung Mobile Devices Unspecified Vulnerability
kev_entry,2023-06-29,exploited_in_wild,CVE-2021-25372,Samsung,Mobile Devices,1,older CVE; Samsung Mobile Devices Improper Boundary Check Vulnerability
kev_entry,2023-06-29,exploited_in_wild,CVE-2021-25394,Samsung,Mobile Devices,1,older CVE; Samsung Mobile Devices Race Condition Vulnerability
kev_entry,2023-06-29,exploited_in_wild,CVE-2021-25395,Samsung,Mobile Devices,1,older CVE; Samsung Mobile Devices Race Condition Vulnerability
kev_entry,2023-06-29,exploited_in_wild,CVE-2021-25487,Samsung,Mobile Devices,1,older CVE; Samsung Mobile Devices Out-of-Bounds Read Vulnerability
kev_entry,2023-06-29,exploited_in_wild,CVE-2021-25489,Samsung,Mobile Devices,1,older CVE; Samsung Mobile Devices Improper Input Validation Vulnerability
kev_entry,2023-07-07,exploited_in_wild,CVE-2021-29256,Arm,Mali Graphics Processing Unit (GPU),1,older CVE; Arm Mali GPU Kernel Driver Use-After-Free Vulnerability
kev_entry,2023-07-11,exploited_in_wild,CVE-2022-31199,Netwrix,Auditor,1,older CVE; ransomware; Netwrix Auditor Insecure Object Deserialization Vulnerability
kev_entry,2023-07-11,exploited_in_wild,CVE-2023-32046,Microsoft,Windows,1,same-year CVE; Microsoft Windows MSHTML Platform Privilege Escalation Vulnerability
kev_entry,2023-07-11,exploited_in_wild,CVE-2023-32049,Microsoft,Windows,1,same-year CVE; Microsoft Windows Defender SmartScreen Security Feature Bypass Vulnerability
kev_entry,2023-07-11,exploited_in_wild,CVE-2023-35311,Microsoft,Outlook,1,same-year CVE; Microsoft Outlook Security Feature Bypass Vulnerability
kev_entry,2023-07-11,exploited_in_wild,CVE-2023-36874,Microsoft,Windows,1,same-year CVE; Microsoft Windows Error Reporting Service Privilege Escalation Vulnerability
kev_entry,2023-07-13,exploited_in_wild,CVE-2022-29303,SolarView,Compact,1,older CVE; SolarView Compact Command Injection Vulnerability
kev_entry,2023-07-13,exploited_in_wild,CVE-2023-37450,Apple,Multiple Products,1,same-year CVE; Apple Multiple Products WebKit Code Execution Vulnerability
kev_entry,2023-07-17,exploited_in_wild,CVE-2023-36884,Microsoft,Windows,1,same-year CVE; ransomware; Microsoft Windows Search Remote Code Execution Vulnerability
kev_entry,2023-07-19,exploited_in_wild,CVE-2023-3519,Citrix,NetScaler ADC and NetScaler Gateway,1,same-year CVE; ransomware; Citrix NetScaler ADC and NetScaler Gateway Code Injection Vulnerability
kev_entry,2023-07-20,exploited_in_wild,CVE-2023-29298,Adobe,ColdFusion,1,same-year CVE; Adobe ColdFusion Improper Access Control Vulnerability
kev_entry,2023-07-20,exploited_in_wild,CVE-2023-38205,Adobe,ColdFusion,1,same-year CVE; Adobe ColdFusion Improper Access Control Vulnerability
kev_entry,2023-07-25,exploited_in_wild,CVE-2023-35078,Ivanti,Endpoint Manager Mobile (EPMM),1,same-year CVE; ransomware; Ivanti Endpoint Manager Mobile Authentication Bypass Vulnerability
kev_entry,2023-07-26,exploited_in_wild,CVE-2023-38606,Apple,Multiple Products,1,same-year CVE; Apple Multiple Products Kernel Unspecified Vulnerability
kev_entry,2023-07-27,exploited_in_wild,CVE-2023-37580,Synacor,Zimbra Collaboration Suite (ZCS),1,same-year CVE; Synacor Zimbra Collaboration Suite (ZCS) Cross-Site Scripting (XSS) Vulnerability
kev_entry,2023-07-31,exploited_in_wild,CVE-2023-35081,Ivanti,Endpoint Manager Mobile (EPMM),1,same-year CVE; Ivanti Endpoint Manager Mobile (EPMM) Path Traversal Vulnerability
kev_entry,2023-08-07,exploited_in_wild,CVE-2017-18368,Zyxel,P660HN-T1A Routers,1,older CVE; Zyxel P660HN-T1A Routers Command Injection Vulnerability
kev_entry,2023-08-09,exploited_in_wild,CVE-2023-38180,Microsoft,.NET Core and Visual Studio,1,same-year CVE; Microsoft .NET Core and Visual Studio Denial-of-Service Vulnerability
kev_entry,2023-08-16,exploited_in_wild,CVE-2023-24489,Citrix,Content Collaboration,1,same-year CVE; Citrix Content Collaboration ShareFile Improper Access Control Vulnerability
kev_entry,2023-08-21,exploited_in_wild,CVE-2023-26359,Adobe,ColdFusion,1,same-year CVE; Adobe ColdFusion Deserialization of Untrusted Data Vulnerability
kev_entry,2023-08-22,exploited_in_wild,CVE-2023-27532,Veeam,Backup & Replication,1,same-year CVE; ransomware; Veeam Backup & Replication Cloud Connect Missing Authentication for Critical Function Vulnerability
kev_entry,2023-08-22,exploited_in_wild,CVE-2023-38035,Ivanti,Sentry,1,same-year CVE; ransomware; Ivanti Sentry Authentication Bypass Vulnerability
kev_entry,2023-08-24,exploited_in_wild,CVE-2023-32315,Ignite Realtime,Openfire,1,same-year CVE; Ignite Realtime Openfire Path Traversal Vulnerability
kev_entry,2023-08-24,exploited_in_wild,CVE-2023-38831,RARLAB,WinRAR,1,same-year CVE; ransomware; RARLAB WinRAR Code Execution Vulnerability
kev_entry,2023-09-06,exploited_in_wild,CVE-2023-33246,Apache,RocketMQ,1,same-year CVE; Apache RocketMQ Command Execution Vulnerability
kev_entry,2023-09-11,exploited_in_wild,CVE-2023-41061,Apple,"iOS, iPadOS, and watchOS",1,"same-year CVE; Apple iOS, iPadOS, and watchOS Wallet Code Execution Vulnerability"
kev_entry,2023-09-11,exploited_in_wild,CVE-2023-41064,Apple,"iOS, iPadOS, and macOS",1,"same-year CVE; Apple iOS, iPadOS, and macOS ImageIO Buffer Overflow Vulnerability"
kev_entry,2023-09-12,exploited_in_wild,CVE-2023-36761,Microsoft,Word,1,same-year CVE; Microsoft Word Information Disclosure Vulnerability
kev_entry,2023-09-12,exploited_in_wild,CVE-2023-36802,Microsoft,Streaming Service Proxy,1,same-year CVE; Microsoft Streaming Service Proxy Privilege Escalation Vulnerability
kev_entry,2023-09-13,exploited_in_wild,CVE-2023-20269,Cisco,Adaptive Security Appliance and Firepower Threat Defense,1,same-year CVE; ransomware; Cisco Adaptive Security Appliance and Firepower Threat Defense Unauthorized Access Vulnerability
kev_entry,2023-09-13,exploited_in_wild,CVE-2023-35674,Android,Framework,1,same-year CVE; Android Framework Privilege Escalation Vulnerability
kev_entry,2023-09-13,exploited_in_wild,CVE-2023-4863,Google,Chromium WebP,1,same-year CVE; Google Chromium WebP Heap-Based Buffer Overflow Vulnerability
kev_entry,2023-09-14,exploited_in_wild,CVE-2023-26369,Adobe,Acrobat and Reader,1,same-year CVE; Adobe Acrobat and Reader Out-of-Bounds Write Vulnerability
kev_entry,2023-09-18,exploited_in_wild,CVE-2014-8361,Realtek,SDK,1,older CVE; Realtek SDK Improper Input Validation Vulnerability
kev_entry,2023-09-18,exploited_in_wild,CVE-2017-6884,Zyxel,EMG2926 Routers,1,older CVE; ransomware; Zyxel EMG2926 Routers Command Injection Vulnerability
kev_entry,2023-09-18,exploited_in_wild,CVE-2021-3129,Laravel,Ignition,1,older CVE; ransomware; Laravel Ignition File Upload Vulnerability
kev_entry,2023-09-18,exploited_in_wild,CVE-2022-22265,Samsung,Mobile Devices,1,older CVE; Samsung Mobile Devices Use-After-Free Vulnerability
kev_entry,2023-09-19,exploited_in_wild,CVE-2023-28434,MinIO,MinIO,1,same-year CVE; MinIO Security Feature Bypass Vulnerability
kev_entry,2023-09-21,exploited_in_wild,CVE-2023-41179,Trend Micro,Apex One and Worry-Free Business Security,1,same-year CVE; Trend Micro Apex One and Worry-Free Business Security Remote Code Execution Vulnerability
kev_entry,2023-09-25,exploited_in_wild,CVE-2023-41991,Apple,Multiple Products,1,same-year CVE; Apple Multiple Products Improper Certificate Validation Vulnerability
kev_entry,2023-09-25,exploited_in_wild,CVE-2023-41992,Apple,Multiple Products,1,same-year CVE; Apple Multiple Products Kernel Privilege Escalation Vulnerability
kev_entry,2023-09-25,exploited_in_wild,CVE-2023-41993,Apple,Multiple Products,1,same-year CVE; Apple Multiple Products WebKit Code Execution Vulnerability
kev_entry,2023-09-28,exploited_in_wild,CVE-2018-14667,Red Hat,JBoss RichFaces Framework,1,older CVE; Red Hat JBoss RichFaces Framework Expression Language Injection Vulnerability
kev_entry,2023-10-02,exploited_in_wild,CVE-2023-5217,Google,Chromium libvpx,1,same-year CVE; Google Chromium libvpx Heap Buffer Overflow Vulnerability
kev_entry,2023-10-03,exploited_in_wild,CVE-2023-4211,Arm,Mali GPU Kernel Driver,1,same-year CVE; Arm Mali GPU Kernel Driver Use-After-Free Vulnerability
kev_entry,2023-10-04,exploited_in_wild,CVE-2023-28229,Microsoft,Windows CNG Key Isolation Service,1,same-year CVE; Microsoft Windows CNG Key Isolation Service Privilege Escalation Vulnerability
kev_entry,2023-10-04,exploited_in_wild,CVE-2023-42793,JetBrains,TeamCity,1,same-year CVE; ransomware; JetBrains TeamCity Authentication Bypass Vulnerability
kev_entry,2023-10-05,exploited_in_wild,CVE-2023-22515,Atlassian,Confluence Data Center and Server,1,same-year CVE; ransomware; Atlassian Confluence Data Center and Server Broken Access Control Vulnerability
kev_entry,2023-10-05,exploited_in_wild,CVE-2023-40044,Progress,WS_FTP Server,1,same-year CVE; ransomware; Progress WS_FTP Server Deserialization of Untrusted Data Vulnerability
kev_entry,2023-10-05,exploited_in_wild,CVE-2023-42824,Apple,iOS and iPadOS,1,same-year CVE; Apple iOS and iPadOS Kernel Privilege Escalation Vulnerability
kev_entry,2023-10-10,exploited_in_wild,CVE-2023-20109,Cisco,IOS and IOS XE,1,same-year CVE; Cisco IOS and IOS XE Group Encrypted Transport VPN Out-of-Bounds Write Vulnerability
kev_entry,2023-10-10,exploited_in_wild,CVE-2023-21608,Adobe,Acrobat and Reader,1,same-year CVE; Adobe Acrobat and Reader Use-After-Free Vulnerability
kev_entry,2023-10-10,exploited_in_wild,CVE-2023-36563,Microsoft,WordPad,1,same-year CVE; Microsoft WordPad Information Disclosure Vulnerability
kev_entry,2023-10-10,exploited_in_wild,CVE-2023-41763,Microsoft,Skype for Business,1,same-year CVE; Microsoft Skype for Business Privilege Escalation Vulnerability
kev_entry,2023-10-10,exploited_in_wild,CVE-2023-44487,IETF,HTTP/2,1,same-year CVE; HTTP/2 Rapid Reset Attack Vulnerability
kev_entry,2023-10-16,exploited_in_wild,CVE-2023-20198,Cisco,IOS XE Web UI,1,same-year CVE; Cisco IOS XE Web UI Privilege Escalation Vulnerability
kev_entry,2023-10-18,exploited_in_wild,CVE-2023-4966,Citrix,NetScaler ADC and NetScaler Gateway,1,same-year CVE; ransomware; Citrix NetScaler ADC and NetScaler Gateway Buffer Overflow Vulnerability
kev_entry,2023-10-23,exploited_in_wild,CVE-2023-20273,Cisco,Cisco IOS XE Web UI,1,same-year CVE; Cisco IOS XE Web UI Command Injection Vulnerability
kev_entry,2023-10-26,exploited_in_wild,CVE-2023-5631,Roundcube,Webmail,1,same-year CVE; Roundcube Webmail Persistent Cross-Site Scripting (XSS) Vulnerability
kev_entry,2023-10-31,exploited_in_wild,CVE-2023-46747,F5,BIG-IP Configuration Utility,1,same-year CVE; ransomware; F5 BIG-IP Configuration Utility Authentication Bypass Vulnerability
kev_entry,2023-10-31,exploited_in_wild,CVE-2023-46748,F5,BIG-IP Configuration Utility,1,same-year CVE; F5 BIG-IP Configuration Utility SQL Injection Vulnerability
kev_entry,2023-11-02,exploited_in_wild,CVE-2023-46604,Apache,ActiveMQ,1,same-year CVE; ransomware; Apache ActiveMQ Deserialization of Untrusted Data Vulnerability
kev_entry,2023-11-07,exploited_in_wild,CVE-2023-22518,Atlassian,Confluence Data Center and Server,1,same-year CVE; ransomware; Atlassian Confluence Data Center and Server Improper Authorization Vulnerability
kev_entry,2023-11-08,exploited_in_wild,CVE-2023-29552,IETF,Service Location Protocol (SLP),1,same-year CVE; Service Location Protocol (SLP) Denial-of-Service Vulnerability
kev_entry,2023-11-13,exploited_in_wild,CVE-2023-36844,Juniper,Junos OS,1,same-year CVE; Juniper Junos OS EX Series PHP External Variable Modification Vulnerability
kev_entry,2023-11-13,exploited_in_wild,CVE-2023-36845,Juniper,Junos OS,1,same-year CVE; Juniper Junos OS EX Series and SRX Series PHP External Variable Modification Vulnerability
kev_entry,2023-11-13,exploited_in_wild,CVE-2023-36846,Juniper,Junos OS,1,same-year CVE; Juniper Junos OS SRX Series Missing Authentication for Critical Function Vulnerability
kev_entry,2023-11-13,exploited_in_wild,CVE-2023-36847,Juniper,Junos OS,1,same-year CVE; Juniper Junos OS EX Series Missing Authentication for Critical Function Vulnerability
kev_entry,2023-11-13,exploited_in_wild,CVE-2023-36851,Juniper,Junos OS,1,same-year CVE; Juniper Junos OS SRX Series Missing Authentication for Critical Function Vulnerability
kev_entry,2023-11-13,exploited_in_wild,CVE-2023-47246,SysAid,SysAid Server,1,same-year CVE; ransomware; SysAid Server Path Traversal Vulnerability
kev_entry,2023-11-14,exploited_in_wild,CVE-2023-36025,Microsoft,Windows,1,same-year CVE; Microsoft Windows SmartScreen Security Feature Bypass Vulnerability
kev_entry,2023-11-14,exploited_in_wild,CVE-2023-36033,Microsoft,Windows,1,same-year CVE; Microsoft Windows Desktop Window Manager (DWM) Core Library Privilege Escalation Vulnerability
kev_entry,2023-11-14,exploited_in_wild,CVE-2023-36036,Microsoft,Windows,1,same-year CVE; Microsoft Windows Cloud Files Mini Filter Driver Privilege Escalation Vulnerability
kev_entry,2023-11-16,exploited_in_wild,CVE-2020-2551,Oracle,Fusion Middleware,1,older CVE; Oracle Fusion Middleware Unspecified Vulnerability
kev_entry,2023-11-16,exploited_in_wild,CVE-2023-1671,Sophos,Web Appliance,1,same-year CVE; Sophos Web Appliance Command Injection Vulnerability
kev_entry,2023-11-16,exploited_in_wild,CVE-2023-36584,Microsoft,Windows,1,same-year CVE; Microsoft Windows Mark of the Web (MOTW) Security Feature Bypass Vulnerability
kev_entry,2023-11-21,exploited_in_wild,CVE-2023-4911,GNU,GNU C Library,1,same-year CVE; GNU C Library Buffer Overflow Vulnerability
kev_entry,2023-11-30,exploited_in_wild,CVE-2023-49103,ownCloud,ownCloud graphapi,1,same-year CVE; ownCloud graphapi Information Disclosure Vulnerability
kev_entry,2023-11-30,exploited_in_wild,CVE-2023-6345,Google,Chromium Skia,1,same-year CVE; Google Skia Integer Overflow Vulnerability
kev_entry,2023-12-04,exploited_in_wild,CVE-2023-42916,Apple,Multiple Products,1,same-year CVE; Apple Multiple Products WebKit Out-of-Bounds Read Vulnerability
kev_entry,2023-12-04,exploited_in_wild,CVE-2023-42917,Apple,Multiple Products,1,same-year CVE; Apple Multiple Products WebKit Memory Corruption Vulnerability
kev_entry,2023-12-05,exploited_in_wild,CVE-2022-22071,Qualcomm,Multiple Chipsets,1,older CVE; Qualcomm Multiple Chipsets Use-After-Free Vulnerability
kev_entry,2023-12-05,exploited_in_wild,CVE-2023-33063,Qualcomm,Multiple Chipsets,1,same-year CVE; Qualcomm Multiple Chipsets Use-After-Free Vulnerability
kev_entry,2023-12-05,exploited_in_wild,CVE-2023-33106,Qualcomm,Multiple Chipsets,1,same-year CVE; Qualcomm Multiple Chipsets Use of Out-of-Range Pointer Offset Vulnerability
kev_entry,2023-12-05,exploited_in_wild,CVE-2023-33107,Qualcomm,Multiple Chipsets,1,same-year CVE; Qualcomm Multiple Chipsets Integer Overflow Vulnerability
kev_entry,2023-12-07,exploited_in_wild,CVE-2023-41265,Qlik,Sense,1,same-year CVE; ransomware; Qlik Sense HTTP Tunneling Vulnerability
kev_entry,2023-12-07,exploited_in_wild,CVE-2023-41266,Qlik,Sense,1,same-year CVE; ransomware; Qlik Sense Path Traversal Vulnerability
kev_entry,2023-12-11,exploited_in_wild,CVE-2023-6448,Unitronics,Vision PLC and HMI,1,same-year CVE; Unitronics Vision PLC and HMI Insecure Default Password Vulnerability
kev_entry,2023-12-21,exploited_in_wild,CVE-2023-47565,QNAP,VioStor NVR,1,same-year CVE; QNAP VioStor NVR OS Command Injection Vulnerability
kev_entry,2023-12-21,exploited_in_wild,CVE-2023-49897,FXC,"AE1021, AE1021PE",1,"same-year CVE; FXC AE1021, AE1021PE OS Command Injection Vulnerability"
kev_entry,2024-01-02,exploited_in_wild,CVE-2023-7024,Google,Chromium WebRTC,1,older CVE; Google Chromium WebRTC Heap Buffer Overflow Vulnerability
kev_entry,2024-01-02,exploited_in_wild,CVE-2023-7101,Spreadsheet::ParseExcel,Spreadsheet::ParseExcel,1,older CVE; Spreadsheet::ParseExcel Remote Code Execution Vulnerability
kev_entry,2024-01-08,exploited_in_wild,CVE-2016-20017,D-Link,DSL-2750B Devices,1,older CVE; D-Link DSL-2750B Devices Command Injection Vulnerability
kev_entry,2024-01-08,exploited_in_wild,CVE-2023-23752,Joomla!,Joomla!,1,older CVE; Joomla! Improper Access Control Vulnerability
kev_entry,2024-01-08,exploited_in_wild,CVE-2023-27524,Apache,Superset,1,older CVE; Apache Superset Insecure Default Initialization of Resource Vulnerability
kev_entry,2024-01-08,exploited_in_wild,CVE-2023-29300,Adobe,ColdFusion,1,older CVE; ransomware; Adobe ColdFusion Deserialization of Untrusted Data Vulnerability
kev_entry,2024-01-08,exploited_in_wild,CVE-2023-38203,Adobe,ColdFusion,1,older CVE; ransomware; Adobe ColdFusion Deserialization of Untrusted Data Vulnerability
kev_entry,2024-01-08,exploited_in_wild,CVE-2023-41990,Apple,Multiple Products,1,older CVE; Apple Multiple Products Code Execution Vulnerability
kev_entry,2024-01-10,exploited_in_wild,CVE-2023-29357,Microsoft,SharePoint Server,1,older CVE; ransomware; Microsoft SharePoint Server Privilege Escalation Vulnerability
kev_entry,2024-01-10,exploited_in_wild,CVE-2023-46805,Ivanti,Connect Secure and Policy Secure,1,older CVE; ransomware; Ivanti Connect Secure and Policy Secure Authentication Bypass Vulnerability
kev_entry,2024-01-10,exploited_in_wild,CVE-2024-21887,Ivanti,Connect Secure and Policy Secure,1,same-year CVE; ransomware; Ivanti Connect Secure and Policy Secure Command Injection Vulnerability
kev_entry,2024-01-16,exploited_in_wild,CVE-2018-15133,Laravel,Laravel Framework,1,older CVE; Laravel Deserialization of Untrusted Data Vulnerability
kev_entry,2024-01-17,exploited_in_wild,CVE-2023-6548,Citrix,NetScaler ADC and NetScaler Gateway,1,older CVE; Citrix NetScaler ADC and NetScaler Gateway Code Injection Vulnerability
kev_entry,2024-01-17,exploited_in_wild,CVE-2023-6549,Citrix,NetScaler ADC and NetScaler Gateway,1,older CVE; Citrix NetScaler ADC and NetScaler Gateway Buffer Overflow Vulnerability
kev_entry,2024-01-17,exploited_in_wild,CVE-2024-0519,Google,Chromium V8,1,same-year CVE; Google Chromium V8 Out-of-Bounds Memory Access Vulnerability
kev_entry,2024-01-18,exploited_in_wild,CVE-2023-35082,Ivanti,Endpoint Manager Mobile (EPMM) and MobileIron Core,1,older CVE; ransomware; Ivanti Endpoint Manager Mobile (EPMM) and MobileIron Core Authentication Bypass Vulnerability
kev_entry,2024-01-22,exploited_in_wild,CVE-2023-34048,VMware,vCenter Server,1,older CVE; VMware vCenter Server Out-of-Bounds Write Vulnerability
kev_entry,2024-01-23,exploited_in_wild,CVE-2024-23222,Apple,Multiple Products,1,same-year CVE; Apple Multiple Products WebKit Type Confusion Vulnerability
kev_entry,2024-01-24,exploited_in_wild,CVE-2023-22527,Atlassian,Confluence Data Center and Server,1,older CVE; ransomware; Atlassian Confluence Data Center and Server Template Injection Vulnerability
kev_entry,2024-01-31,exploited_in_wild,CVE-2022-48618,Apple,Multiple Products,1,older CVE; Apple Multiple Products Memory Corruption Vulnerability
kev_entry,2024-01-31,exploited_in_wild,CVE-2024-21893,Ivanti,"Connect Secure, Policy Secure, and Neurons",1,"same-year CVE; ransomware; Ivanti Connect Secure, Policy Secure, and Neurons Server-Side Request Forgery (SSRF) Vulnerability"
kev_entry,2024-02-06,exploited_in_wild,CVE-2023-4762,Google,Chromium V8,1,older CVE; Google Chromium V8 Type Confusion Vulnerability
kev_entry,2024-02-09,exploited_in_wild,CVE-2024-21762,Fortinet,FortiOS,1,same-year CVE; ransomware; Fortinet FortiOS Out-of-Bound Write Vulnerability
kev_entry,2024-02-12,exploited_in_wild,CVE-2023-43770,Roundcube,Webmail,1,older CVE; Roundcube Webmail Persistent Cross-Site Scripting (XSS) Vulnerability
kev_entry,2024-02-13,exploited_in_wild,CVE-2024-21351,Microsoft,Windows,1,same-year CVE; Microsoft Windows SmartScreen Security Feature Bypass Vulnerability
kev_entry,2024-02-13,exploited_in_wild,CVE-2024-21412,Microsoft,Windows,1,same-year CVE; ransomware; Microsoft Windows Internet Shortcut Files Security Feature Bypass Vulnerability
kev_entry,2024-02-15,exploited_in_wild,CVE-2020-3259,Cisco,Adaptive Security Appliance (ASA) and Firepower Threat Defense (FTD),1,older CVE; ransomware; Cisco ASA and FTD Information Disclosure Vulnerability
kev_entry,2024-02-15,exploited_in_wild,CVE-2024-21410,Microsoft,Exchange Server,1,same-year CVE; Microsoft Exchange Server Privilege Escalation Vulnerability
kev_entry,2024-02-22,exploited_in_wild,CVE-2024-1709,ConnectWise,ScreenConnect,1,same-year CVE; ransomware; ConnectWise ScreenConnect Authentication Bypass Vulnerability
kev_entry,2024-02-29,exploited_in_wild,CVE-2023-29360,Microsoft,Streaming Service,1,older CVE; Microsoft Streaming Service Untrusted Pointer Dereference Vulnerability
kev_entry,2024-03-04,exploited_in_wild,CVE-2024-21338,Microsoft,Windows,1,same-year CVE; ransomware; Microsoft Windows Kernel Exposed IOCTL with Insufficient Access Control Vulnerability
kev_entry,2024-03-05,exploited_in_wild,CVE-2021-36380,Sunhillo,SureLine,1,older CVE; Sunhillo SureLine OS Command Injection Vulnerablity
kev_entry,2024-03-05,exploited_in_wild,CVE-2023-21237,Android,Pixel,1,older CVE; Android Pixel Information Disclosure Vulnerability 
kev_entry,2024-03-06,exploited_in_wild,CVE-2024-23225,Apple,Multiple Products,1,same-year CVE; Apple Multiple Products Memory Corruption Vulnerability
kev_entry,2024-03-06,exploited_in_wild,CVE-2024-23296,Apple,Multiple Products,1,same-year CVE; Apple Multiple Products Memory Corruption Vulnerability
kev_entry,2024-03-07,exploited_in_wild,CVE-2024-27198,JetBrains,TeamCity,1,same-year CVE; ransomware; JetBrains TeamCity Authentication Bypass Vulnerability
kev_entry,2024-03-25,exploited_in_wild,CVE-2019-7256,Nice,Linear eMerge E3-Series,1,older CVE; Nice Linear eMerge E3-Series OS Command Injection Vulnerability
kev_entry,2024-03-25,exploited_in_wild,CVE-2021-44529,Ivanti,Endpoint Manager Cloud Service Appliance (EPM CSA),1,older CVE; ransomware; Ivanti Endpoint Manager Cloud Service Appliance (EPM CSA) Code Injection Vulnerability 
kev_entry,2024-03-25,exploited_in_wild,CVE-2023-48788,Fortinet,FortiClient EMS,1,older CVE; ransomware; Fortinet FortiClient EMS SQL Injection Vulnerability
kev_entry,2024-03-26,exploited_in_wild,CVE-2023-24955,Microsoft,SharePoint Server,1,older CVE; ransomware; Microsoft SharePoint Server Code Injection Vulnerability
kev_entry,2024-04-04,exploited_in_wild,CVE-2024-29745,Android,Pixel,1,same-year CVE; Android Pixel Information Disclosure Vulnerability
kev_entry,2024-04-04,exploited_in_wild,CVE-2024-29748,Android,Pixel,1,same-year CVE; Android Pixel Privilege Escalation Vulnerability
kev_entry,2024-04-11,exploited_in_wild,CVE-2024-3272,D-Link,Multiple NAS Devices,1,same-year CVE; D-Link Multiple NAS Devices Use of Hard-Coded Credentials Vulnerability
kev_entry,2024-04-11,exploited_in_wild,CVE-2024-3273,D-Link,Multiple NAS Devices,1,same-year CVE; D-Link Multiple NAS Devices Command Injection Vulnerability
kev_entry,2024-04-12,exploited_in_wild,CVE-2024-3400,Palo Alto Networks,PAN-OS,1,same-year CVE; ransomware; Palo Alto Networks PAN-OS Command Injection Vulnerability
kev_entry,2024-04-23,exploited_in_wild,CVE-2022-38028,Microsoft,Windows,1,older CVE; Microsoft Windows Print Spooler Privilege Escalation Vulnerability 
kev_entry,2024-04-24,exploited_in_wild,CVE-2024-20353,Cisco,Adaptive Security Appliance (ASA) and Firepower Threat Defense (FTD),1,same-year CVE; Cisco ASA and FTD Denial of Service Vulnerability
kev_entry,2024-04-24,exploited_in_wild,CVE-2024-20359,Cisco,Adaptive Security Appliance (ASA) and Firepower Threat Defense (FTD),1,same-year CVE; Cisco ASA and FTD Privilege Escalation Vulnerability
kev_entry,2024-04-24,exploited_in_wild,CVE-2024-4040,CrushFTP,CrushFTP,1,same-year CVE; CrushFTP VFS Sandbox Escape Vulnerability
kev_entry,2024-04-30,exploited_in_wild,CVE-2024-29988,Microsoft,SmartScreen Prompt,1,same-year CVE; Microsoft SmartScreen Prompt Security Feature Bypass Vulnerability
kev_entry,2024-05-01,exploited_in_wild,CVE-2023-7028,GitLab,GitLab CE/EE,1,older CVE; GitLab Community and Enterprise Editions Improper Access Control Vulnerability
kev_entry,2024-05-13,exploited_in_wild,CVE-2024-4671,Google,Chromium,1,same-year CVE; Google Chromium Visuals Use-After-Free Vulnerability
kev_entry,2024-05-14,exploited_in_wild,CVE-2024-30040,Microsoft,Windows,1,same-year CVE; Microsoft Windows MSHTML Platform Security Feature Bypass Vulnerability
kev_entry,2024-05-14,exploited_in_wild,CVE-2024-30051,Microsoft,DWM Core Library,1,same-year CVE; ransomware;  Microsoft DWM Core Library Privilege Escalation Vulnerability
kev_entry,2024-05-16,exploited_in_wild,CVE-2014-100005,D-Link,DIR-600 Router,1,older CVE; D-Link DIR-600 Router Cross-Site Request Forgery (CSRF) Vulnerability
kev_entry,2024-05-16,exploited_in_wild,CVE-2021-40655,D-Link,DIR-605 Router,1,older CVE; D-Link DIR-605 Router Information Disclosure Vulnerability
kev_entry,2024-05-16,exploited_in_wild,CVE-2024-4761,Google,Chromium V8,1,same-year CVE; Google Chromium V8 Out-of-Bounds Memory Write Vulnerability
kev_entry,2024-05-20,exploited_in_wild,CVE-2023-43208,NextGen Healthcare,Mirth Connect,1,older CVE; ransomware; NextGen Healthcare Mirth Connect Deserialization of Untrusted Data Vulnerability
kev_entry,2024-05-20,exploited_in_wild,CVE-2024-4947,Google,Chromium V8,1,same-year CVE; Google Chromium V8 Type Confusion Vulnerability
kev_entry,2024-05-23,exploited_in_wild,CVE-2020-17519,Apache,Flink,1,older CVE; Apache Flink Improper Access Control Vulnerability
kev_entry,2024-05-28,exploited_in_wild,CVE-2024-5274,Google,Chromium V8,1,same-year CVE; Google Chromium V8 Type Confusion Vulnerability
kev_entry,2024-05-29,exploited_in_wild,CVE-2024-4978,Justice AV Solutions,Viewer,1,same-year CVE; Justice AV Solutions (JAVS) Viewer Installer Embedded Malicious Code Vulnerability
kev_entry,2024-05-30,exploited_in_wild,CVE-2024-1086,Linux,Kernel,1,same-year CVE; ransomware; Linux Kernel Use-After-Free Vulnerability
kev_entry,2024-05-30,exploited_in_wild,CVE-2024-24919,Check Point,Quantum Security Gateways,1,same-year CVE; ransomware; Check Point Quantum Security Gateways Information Disclosure Vulnerability
kev_entry,2024-06-03,exploited_in_wild,CVE-2017-3506,Oracle,WebLogic Server,1,older CVE; Oracle WebLogic Server OS Command Injection Vulnerability
kev_entry,2024-06-12,exploited_in_wild,CVE-2024-4577,PHP Group,PHP,1,same-year CVE; ransomware; PHP-CGI OS Command Injection Vulnerability
kev_entry,2024-06-12,exploited_in_wild,CVE-2024-4610,Arm,Mali GPU Kernel Driver,1,same-year CVE; Arm Mali GPU Kernel Driver Use-After-Free Vulnerability
kev_entry,2024-06-13,exploited_in_wild,CVE-2024-26169,Microsoft,Windows,1,same-year CVE; ransomware; Microsoft Windows Error Reporting Service Improper Privilege Management Vulnerability
kev_entry,2024-06-13,exploited_in_wild,CVE-2024-32896,Android,Pixel,1,same-year CVE; Android Pixel Privilege Escalation Vulnerability
kev_entry,2024-06-13,exploited_in_wild,CVE-2024-4358,Progress,Telerik Report Server,1,same-year CVE; Progress Telerik Report Server Authentication Bypass by Spoofing Vulnerability
kev_entry,2024-06-26,exploited_in_wild,CVE-2020-13965,Roundcube,Webmail,1,older CVE; Roundcube Webmail Cross-Site Scripting (XSS) Vulnerability
kev_entry,2024-06-26,exploited_in_wild,CVE-2022-24816,OSGeo,JAI-EXT,1,older CVE; OSGeo GeoServer JAI-EXT Code Injection Vulnerability
kev_entry,2024-06-26,exploited_in_wild,CVE-2022-2586,Linux,Kernel,1,older CVE; Linux Kernel Use-After-Free Vulnerability
kev_entry,2024-07-02,exploited_in_wild,CVE-2024-20399,Cisco,NX-OS,1,same-year CVE; Cisco NX-OS Command Injection Vulnerability
kev_entry,2024-07-09,exploited_in_wild,CVE-2024-23692,Rejetto,HTTP File Server,1,same-year CVE; ransomware; Rejetto HTTP File Server Improper Neutralization of Special Elements Used in a Template Engine Vulnerability
kev_entry,2024-07-09,exploited_in_wild,CVE-2024-38080,Microsoft,Windows,1,same-year CVE; Microsoft Windows Hyper-V Privilege Escalation Vulnerability
kev_entry,2024-07-09,exploited_in_wild,CVE-2024-38112,Microsoft,Windows,1,same-year CVE; Microsoft Windows MSHTML Platform Spoofing Vulnerability
kev_entry,2024-07-15,exploited_in_wild,CVE-2024-36401,OSGeo,GeoServer,1,same-year CVE; OSGeo GeoServer GeoTools Eval Injection Vulnerability
kev_entry,2024-07-17,exploited_in_wild,CVE-2022-22948,VMware,vCenter Server,1,older CVE; VMware vCenter Server Incorrect Default File Permissions Vulnerability 
kev_entry,2024-07-17,exploited_in_wild,CVE-2024-28995,SolarWinds,Serv-U,1,same-year CVE; SolarWinds Serv-U Path Traversal Vulnerability 
kev_entry,2024-07-17,exploited_in_wild,CVE-2024-34102,Adobe,Commerce and Magento Open Source,1,same-year CVE; Adobe Commerce and Magento Open Source Improper Restriction of XML External Entity Reference (XXE) Vulnerabili
kev_entry,2024-07-23,exploited_in_wild,CVE-2012-4792,Microsoft,Internet Explorer,1,older CVE; Microsoft Internet Explorer Use-After-Free Vulnerability
kev_entry,2024-07-23,exploited_in_wild,CVE-2024-39891,Twilio,Authy,1,same-year CVE; Twilio Authy Information Disclosure Vulnerability
kev_entry,2024-07-29,exploited_in_wild,CVE-2023-45249,Acronis,Cyber Infrastructure (ACI),1,older CVE; Acronis Cyber Infrastructure (ACI) Insecure Default Password Vulnerability
kev_entry,2024-07-29,exploited_in_wild,CVE-2024-4879,ServiceNow,"Utah, Vancouver, and Washington DC Now Platform",1,same-year CVE; ServiceNow Improper Input Validation Vulnerability
kev_entry,2024-07-29,exploited_in_wild,CVE-2024-5217,ServiceNow,"Utah, Vancouver, and Washington DC Now Platform",1,same-year CVE; ServiceNow Incomplete List of Disallowed Inputs Vulnerability
kev_entry,2024-07-30,exploited_in_wild,CVE-2024-37085,VMware,ESXi,1,same-year CVE; ransomware; VMware ESXi Authentication Bypass Vulnerability
kev_entry,2024-08-05,exploited_in_wild,CVE-2018-0824,Microsoft,Windows,1,older CVE; Microsoft COM for Windows Deserialization of Untrusted Data Vulnerability
kev_entry,2024-08-07,exploited_in_wild,CVE-2024-32113,Apache,OFBiz,1,same-year CVE; Apache OFBiz Path Traversal Vulnerability
kev_entry,2024-08-07,exploited_in_wild,CVE-2024-36971,Android,Kernel,1,same-year CVE; Android Kernel Remote Code Execution Vulnerability
kev_entry,2024-08-13,exploited_in_wild,CVE-2024-38106,Microsoft,Windows,1,same-year CVE; Microsoft Windows Kernel Privilege Escalation Vulnerability
kev_entry,2024-08-13,exploited_in_wild,CVE-2024-38107,Microsoft,Windows,1,same-year CVE; Microsoft Windows Power Dependency Coordinator Privilege Escalation Vulnerability
kev_entry,2024-08-13,exploited_in_wild,CVE-2024-38178,Microsoft,Windows,1,same-year CVE; Microsoft Windows Scripting Engine Memory Corruption Vulnerability
kev_entry,2024-08-13,exploited_in_wild,CVE-2024-38189,Microsoft,Project,1,same-year CVE; Microsoft Project Remote Code Execution Vulnerability 
kev_entry,2024-08-13,exploited_in_wild,CVE-2024-38193,Microsoft,Windows,1,same-year CVE; Microsoft Windows Ancillary Function Driver for WinSock Privilege Escalation Vulnerability
kev_entry,2024-08-13,exploited_in_wild,CVE-2024-38213,Microsoft,Windows,1,same-year CVE; Microsoft Windows SmartScreen Security Feature Bypass Vulnerability
kev_entry,2024-08-15,exploited_in_wild,CVE-2024-28986,SolarWinds,Web Help Desk,1,same-year CVE; SolarWinds Web Help Desk Deserialization of Untrusted Data Vulnerability
kev_entry,2024-08-19,exploited_in_wild,CVE-2024-23897,Jenkins,Jenkins Command Line Interface (CLI),1,same-year CVE; ransomware; Jenkins Command Line Interface (CLI) Path Traversal Vulnerability
kev_entry,2024-08-21,exploited_in_wild,CVE-2021-31196,Microsoft,Exchange Server,1,older CVE; Microsoft Exchange Server Information Disclosure Vulnerability
kev_entry,2024-08-21,exploited_in_wild,CVE-2021-33044,Dahua,IP Camera Firmware,1,older CVE; Dahua IP Camera Authentication Bypass Vulnerability
kev_entry,2024-08-21,exploited_in_wild,CVE-2021-33045,Dahua,IP Camera Firmware,1,older CVE; Dahua IP Camera Authentication Bypass Vulnerability
kev_entry,2024-08-21,exploited_in_wild,CVE-2022-0185,Linux,Kernel,1,older CVE; Linux Kernel Heap-Based Buffer Overflow Vulnerability
kev_entry,2024-08-23,exploited_in_wild,CVE-2024-39717,Versa,Director,1,same-year CVE; Versa Director Dangerous File Type Upload Vulnerability
kev_entry,2024-08-26,exploited_in_wild,CVE-2024-7971,Google,Chromium V8,1,same-year CVE; Google Chromium V8 Type Confusion Vulnerability
kev_entry,2024-08-27,exploited_in_wild,CVE-2024-38856,Apache,OFBiz,1,same-year CVE; Apache OFBiz Incorrect Authorization Vulnerability
kev_entry,2024-08-28,exploited_in_wild,CVE-2024-7965,Google,Chromium V8,1,same-year CVE; Google Chromium V8 Inappropriate Implementation Vulnerability
kev_entry,2024-09-03,exploited_in_wild,CVE-2021-20123,DrayTek,VigorConnect,1,older CVE; Draytek VigorConnect Path Traversal Vulnerability 
kev_entry,2024-09-03,exploited_in_wild,CVE-2021-20124,DrayTek,VigorConnect,1,older CVE; Draytek VigorConnect Path Traversal Vulnerability 
kev_entry,2024-09-03,exploited_in_wild,CVE-2024-7262,Kingsoft,WPS Office,1,same-year CVE; Kingsoft WPS Office Path Traversal Vulnerability
kev_entry,2024-09-09,exploited_in_wild,CVE-2016-3714,ImageMagick,ImageMagick,1,older CVE; ImageMagick Improper Input Validation Vulnerability
kev_entry,2024-09-09,exploited_in_wild,CVE-2017-1000253,Linux,Kernel,1,older CVE; ransomware; Linux Kernel PIE Stack Buffer Corruption Vulnerability 
kev_entry,2024-09-09,exploited_in_wild,CVE-2024-40766,SonicWall,SonicOS,1,same-year CVE; ransomware; SonicWall SonicOS Improper Access Control Vulnerability
kev_entry,2024-09-10,exploited_in_wild,CVE-2024-38014,Microsoft,Windows,1,same-year CVE; Microsoft Windows Installer Improper Privilege Management Vulnerability
kev_entry,2024-09-10,exploited_in_wild,CVE-2024-38217,Microsoft,Windows,1,same-year CVE; Microsoft Windows Mark of the Web (MOTW) Protection Mechanism Failure Vulnerability
kev_entry,2024-09-10,exploited_in_wild,CVE-2024-38226,Microsoft,Publisher,1,same-year CVE; Microsoft Publisher Protection Mechanism Failure Vulnerability
kev_entry,2024-09-13,exploited_in_wild,CVE-2024-8190,Ivanti,Cloud Services Appliance,1,same-year CVE; Ivanti Cloud Services Appliance OS Command Injection Vulnerability
kev_entry,2024-09-16,exploited_in_wild,CVE-2024-43461,Microsoft,Windows,1,same-year CVE; Microsoft Windows MSHTML Platform Spoofing Vulnerability
kev_entry,2024-09-16,exploited_in_wild,CVE-2024-6670,Progress,WhatsUp Gold,1,same-year CVE; ransomware; Progress WhatsUp Gold SQL Injection Vulnerability
kev_entry,2024-09-17,exploited_in_wild,CVE-2013-0643,Adobe,Flash Player,1,older CVE; Adobe Flash Player Incorrect Default Permissions Vulnerability
kev_entry,2024-09-17,exploited_in_wild,CVE-2013-0648,Adobe,Flash Player,1,older CVE; Adobe Flash Player Code Execution Vulnerability
kev_entry,2024-09-17,exploited_in_wild,CVE-2014-0497,Adobe,Flash Player,1,older CVE; Adobe Flash Player Integer Underflow Vulnerablity
kev_entry,2024-09-17,exploited_in_wild,CVE-2014-0502,Adobe,Flash Player,1,older CVE; Adobe Flash Player Double Free Vulnerablity
kev_entry,2024-09-18,exploited_in_wild,CVE-2020-0618,Microsoft,SQL Server,1,older CVE; ransomware; Microsoft SQL Server Reporting Services Remote Code Execution Vulnerability
kev_entry,2024-09-18,exploited_in_wild,CVE-2020-14644,Oracle,WebLogic Server,1,older CVE; Oracle WebLogic Server Remote Code Execution Vulnerability
kev_entry,2024-09-18,exploited_in_wild,CVE-2022-21445,Oracle,ADF Faces,1,older CVE; Oracle ADF Faces Deserialization of Untrusted Data Vulnerability
kev_entry,2024-09-18,exploited_in_wild,CVE-2024-27348,Apache,HugeGraph-Server,1,same-year CVE; Apache HugeGraph-Server Improper Access Control Vulnerability
kev_entry,2024-09-19,exploited_in_wild,CVE-2024-8963,Ivanti,Cloud Services Appliance (CSA),1,same-year CVE; Ivanti Cloud Services Appliance (CSA) Path Traversal Vulnerability
kev_entry,2024-09-24,exploited_in_wild,CVE-2024-7593,Ivanti,Virtual Traffic Manager,1,same-year CVE; Ivanti Virtual Traffic Manager Authentication Bypass Vulnerability
kev_entry,2024-09-30,exploited_in_wild,CVE-2019-0344,SAP,Commerce Cloud,1,older CVE; SAP Commerce Cloud Deserialization of Untrusted Data Vulnerability
kev_entry,2024-09-30,exploited_in_wild,CVE-2020-15415,DrayTek,Multiple Vigor Routers,1,older CVE; DrayTek Multiple Vigor Routers OS Command Injection Vulnerability
kev_entry,2024-09-30,exploited_in_wild,CVE-2023-25280,D-Link,DIR-820 Router,1,older CVE; D-Link DIR-820 Router OS Command Injection Vulnerability
kev_entry,2024-10-02,exploited_in_wild,CVE-2024-29824,Ivanti,Endpoint Manager (EPM),1,same-year CVE; Ivanti Endpoint Manager (EPM) SQL Injection Vulnerability
kev_entry,2024-10-03,exploited_in_wild,CVE-2024-45519,Synacor,Zimbra Collaboration Suite (ZCS),1,same-year CVE; Synacor Zimbra Collaboration Suite (ZCS) Command Execution Vulnerability
kev_entry,2024-10-08,exploited_in_wild,CVE-2024-43047,Qualcomm,Multiple Chipsets,1,same-year CVE; Qualcomm Multiple Chipsets Use-After-Free Vulnerability
kev_entry,2024-10-08,exploited_in_wild,CVE-2024-43572,Microsoft,Windows,1,same-year CVE; Microsoft Windows Management Console Remote Code Execution Vulnerability
kev_entry,2024-10-08,exploited_in_wild,CVE-2024-43573,Microsoft,Windows,1,same-year CVE; Microsoft Windows MSHTML Platform Spoofing Vulnerability
kev_entry,2024-10-09,exploited_in_wild,CVE-2024-23113,Fortinet,Multiple Products,1,same-year CVE; Fortinet Multiple Products Format String Vulnerability
kev_entry,2024-10-09,exploited_in_wild,CVE-2024-9379,Ivanti,Cloud Services Appliance (CSA),1,same-year CVE; Ivanti Cloud Services Appliance (CSA) SQL Injection Vulnerability
kev_entry,2024-10-09,exploited_in_wild,CVE-2024-9380,Ivanti,Cloud Services Appliance (CSA),1,same-year CVE; Ivanti Cloud Services Appliance (CSA) OS Command Injection Vulnerability
kev_entry,2024-10-15,exploited_in_wild,CVE-2024-28987,SolarWinds,Web Help Desk,1,same-year CVE; SolarWinds Web Help Desk Hardcoded Credential Vulnerability
kev_entry,2024-10-15,exploited_in_wild,CVE-2024-30088,Microsoft,Windows,1,same-year CVE; ransomware; Microsoft Windows Kernel TOCTOU Race Condition Vulnerability
kev_entry,2024-10-15,exploited_in_wild,CVE-2024-9680,Mozilla,Firefox,1,same-year CVE; ransomware; Mozilla Firefox Use-After-Free Vulnerability
kev_entry,2024-10-17,exploited_in_wild,CVE-2024-40711,Veeam,Backup & Replication,1,same-year CVE; ransomware; Veeam Backup and Replication Deserialization Vulnerability
kev_entry,2024-10-21,exploited_in_wild,CVE-2024-9537,ScienceLogic,SL1,1,same-year CVE; ScienceLogic SL1 Unspecified Vulnerability
kev_entry,2024-10-22,exploited_in_wild,CVE-2024-38094,Microsoft,SharePoint,1,same-year CVE; ransomware; Microsoft SharePoint Deserialization Vulnerability
kev_entry,2024-10-23,exploited_in_wild,CVE-2024-47575,Fortinet,FortiManager,1,same-year CVE; Fortinet FortiManager Missing Authentication Vulnerability
kev_entry,2024-10-24,exploited_in_wild,CVE-2024-20481,Cisco,Adaptive Security Appliance (ASA) and Firepower Threat Defense (FTD),1,same-year CVE; Cisco ASA and FTD Denial-of-Service Vulnerability
kev_entry,2024-10-24,exploited_in_wild,CVE-2024-37383,Roundcube,Webmail,1,same-year CVE; RoundCube Webmail Cross-Site Scripting (XSS) Vulnerability
kev_entry,2024-11-04,exploited_in_wild,CVE-2024-8956,PTZOptics,PT30X-SDI/NDI Cameras,1,same-year CVE; PTZOptics PT30X-SDI/NDI Cameras Authentication Bypass Vulnerability
kev_entry,2024-11-04,exploited_in_wild,CVE-2024-8957,PTZOptics,PT30X-SDI/NDI Cameras,1,same-year CVE; PTZOptics PT30X-SDI/NDI Cameras OS Command Injection Vulnerability
kev_entry,2024-11-07,exploited_in_wild,CVE-2019-16278,Nostromo,nhttpd,1,older CVE; Nostromo nhttpd Directory Traversal Vulnerability
kev_entry,2024-11-07,exploited_in_wild,CVE-2024-43093,Android,Framework,1,same-year CVE; Android Framework Privilege Escalation Vulnerability
kev_entry,2024-11-07,exploited_in_wild,CVE-2024-51567,CyberPersons,CyberPanel,1,same-year CVE; ransomware; CyberPanel Incorrect Default Permissions Vulnerability
kev_entry,2024-11-07,exploited_in_wild,CVE-2024-5910,Palo Alto Networks,Expedition,1,same-year CVE; Palo Alto Networks Expedition Missing Authentication Vulnerability
kev_entry,2024-11-12,exploited_in_wild,CVE-2014-2120,Cisco,Adaptive Security Appliance (ASA),1,older CVE; Cisco Adaptive Security Appliance (ASA) Cross-Site Scripting (XSS) Vulnerability
kev_entry,2024-11-12,exploited_in_wild,CVE-2021-26086,Atlassian,Jira Server and Data Center,1,older CVE; Atlassian Jira Server and Data Center Path Traversal Vulnerability
kev_entry,2024-11-12,exploited_in_wild,CVE-2021-41277,Metabase,Metabase,1,older CVE; Metabase GeoJSON API Local File Inclusion Vulnerability
kev_entry,2024-11-12,exploited_in_wild,CVE-2024-43451,Microsoft,Windows,1,same-year CVE; Microsoft Windows NTLMv2 Hash Disclosure Spoofing Vulnerability
kev_entry,2024-11-12,exploited_in_wild,CVE-2024-49039,Microsoft,Windows,1,same-year CVE; ransomware; Microsoft Windows Task Scheduler Privilege Escalation Vulnerability
kev_entry,2024-11-14,exploited_in_wild,CVE-2024-9463,Palo Alto Networks,Expedition,1,same-year CVE; Palo Alto Networks Expedition OS Command Injection Vulnerability
kev_entry,2024-11-14,exploited_in_wild,CVE-2024-9465,Palo Alto Networks,Expedition,1,same-year CVE; Palo Alto Networks Expedition SQL Injection Vulnerability
kev_entry,2024-11-18,exploited_in_wild,CVE-2024-0012,Palo Alto Networks,PAN-OS,1,same-year CVE; ransomware; Palo Alto Networks PAN-OS Management Interface Authentication Bypass Vulnerability
kev_entry,2024-11-18,exploited_in_wild,CVE-2024-1212,Progress,Kemp LoadMaster,1,same-year CVE; Progress Kemp LoadMaster OS Command Injection Vulnerability
kev_entry,2024-11-18,exploited_in_wild,CVE-2024-9474,Palo Alto Networks,PAN-OS,1,same-year CVE; ransomware; Palo Alto Networks PAN-OS Management Interface OS Command Injection Vulnerability
kev_entry,2024-11-20,exploited_in_wild,CVE-2024-38812,VMware,vCenter Server,1,same-year CVE; VMware vCenter Server Heap-Based Buffer Overflow Vulnerability
kev_entry,2024-11-20,exploited_in_wild,CVE-2024-38813,VMware,vCenter Server,1,same-year CVE; VMware vCenter Server Privilege Escalation Vulnerability
kev_entry,2024-11-21,exploited_in_wild,CVE-2024-21287,Oracle,Agile Product Lifecycle Management (PLM),1,same-year CVE; Oracle Agile Product Lifecycle Management (PLM) Incorrect Authorization Vulnerability
kev_entry,2024-11-21,exploited_in_wild,CVE-2024-44308,Apple,Multiple Products,1,same-year CVE; Apple Multiple Products Code Execution Vulnerability
kev_entry,2024-11-21,exploited_in_wild,CVE-2024-44309,Apple,Multiple Products,1,same-year CVE; Apple Multiple Products Cross-Site Scripting (XSS) Vulnerability
kev_entry,2024-11-25,exploited_in_wild,CVE-2023-28461,Array Networks,AG/vxAG ArrayOS,1,older CVE; ransomware; Array Networks AG and vxAG ArrayOS Missing Authentication for Critical Function Vulnerability
kev_entry,2024-12-03,exploited_in_wild,CVE-2023-45727,North Grid,Proself,1,older CVE; North Grid Proself Improper Restriction of XML External Entity (XXE) Reference Vulnerability
kev_entry,2024-12-03,exploited_in_wild,CVE-2024-11667,Zyxel,Multiple Firewalls,1,same-year CVE; ransomware; Zyxel Multiple Firewalls Path Traversal Vulnerability
kev_entry,2024-12-03,exploited_in_wild,CVE-2024-11680,ProjectSend,ProjectSend,1,same-year CVE; ProjectSend Improper Authentication Vulnerability
kev_entry,2024-12-04,exploited_in_wild,CVE-2024-51378,CyberPersons,CyberPanel,1,same-year CVE; ransomware; CyberPanel Incorrect Default Permissions Vulnerability
kev_entry,2024-12-10,exploited_in_wild,CVE-2024-49138,Microsoft,Windows,1,same-year CVE; Microsoft Windows Common Log File System (CLFS) Driver Heap-Based Buffer Overflow Vulnerability
kev_entry,2024-12-13,exploited_in_wild,CVE-2024-50623,Cleo,Multiple Products,1,same-year CVE; ransomware; Cleo Multiple Products Unrestricted File Upload Vulnerability
kev_entry,2024-12-16,exploited_in_wild,CVE-2024-20767,Adobe,ColdFusion,1,same-year CVE; Adobe ColdFusion Improper Access Control Vulnerability
kev_entry,2024-12-16,exploited_in_wild,CVE-2024-35250,Microsoft,Windows,1,same-year CVE; Microsoft Windows Kernel-Mode Driver Untrusted Pointer Dereference Vulnerability 
kev_entry,2024-12-17,exploited_in_wild,CVE-2024-55956,Cleo,Multiple Products,1,same-year CVE; ransomware; Cleo Multiple Products Unauthenticated File Upload Vulnerability
kev_entry,2024-12-18,exploited_in_wild,CVE-2018-14933,NUUO,NVRmini Devices,1,older CVE; NUUO NVRmini Devices OS Command Injection Vulnerability 
kev_entry,2024-12-18,exploited_in_wild,CVE-2019-11001,Reolink,Multiple IP Cameras,1,older CVE; Reolink Multiple IP Cameras OS Command Injection Vulnerability
kev_entry,2024-12-18,exploited_in_wild,CVE-2021-40407,Reolink,RLC-410W IP Camera,1,older CVE; Reolink RLC-410W IP Camera OS Command Injection Vulnerability 
kev_entry,2024-12-18,exploited_in_wild,CVE-2022-23227,NUUO,NVRmini2 Devices,1,older CVE; NUUO NVRmini2 Devices Missing Authentication Vulnerability 
kev_entry,2024-12-19,exploited_in_wild,CVE-2024-12356,BeyondTrust,Privileged Remote Access (PRA) and Remote Support (RS),1,same-year CVE; BeyondTrust Privileged Remote Access (PRA) and Remote Support (RS) Command Injection Vulnerability 
kev_entry,2024-12-23,exploited_in_wild,CVE-2021-44207,Acclaim Systems,USAHERDS,1,older CVE; Acclaim Systems USAHERDS Use of Hard-Coded Credentials Vulnerability 
kev_entry,2024-12-30,exploited_in_wild,CVE-2024-3393,Palo Alto Networks,PAN-OS,1,same-year CVE; Palo Alto Networks PAN-OS Malicious DNS Packet Vulnerability
kev_entry,2025-01-07,exploited_in_wild,CVE-2020-2883,Oracle,WebLogic Server,1,older CVE; Oracle WebLogic Server Unspecified Vulnerability
kev_entry,2025-01-07,exploited_in_wild,CVE-2024-41713,Mitel,MiCollab,1,older CVE; ransomware; Mitel MiCollab Path Traversal Vulnerability
kev_entry,2025-01-07,exploited_in_wild,CVE-2024-55550,Mitel,MiCollab,1,older CVE; ransomware; Mitel MiCollab Path Traversal Vulnerability
kev_entry,2025-01-08,exploited_in_wild,CVE-2025-0282,Ivanti,"Connect Secure, Policy Secure, and ZTA Gateways",1,"same-year CVE; ransomware; Ivanti Connect Secure, Policy Secure, and ZTA Gateways Stack-Based Buffer Overflow Vulnerability"
kev_entry,2025-01-13,exploited_in_wild,CVE-2023-48365,Qlik,Sense,1,older CVE; ransomware; Qlik Sense HTTP Tunneling Vulnerability
kev_entry,2025-01-13,exploited_in_wild,CVE-2024-12686,BeyondTrust,Privileged Remote Access (PRA) and Remote Support (RS),1,older CVE; BeyondTrust Privileged Remote Access (PRA) and Remote Support (RS) OS Command Injection Vulnerability
kev_entry,2025-01-14,exploited_in_wild,CVE-2024-55591,Fortinet,FortiOS and FortiProxy,1,older CVE; ransomware; Fortinet FortiOS and FortiProxy Authentication Bypass Vulnerability
kev_entry,2025-01-14,exploited_in_wild,CVE-2025-21333,Microsoft,Windows,1,same-year CVE; Microsoft Windows Hyper-V NT Kernel Integration VSP Heap-based Buffer Overflow Vulnerability
kev_entry,2025-01-14,exploited_in_wild,CVE-2025-21334,Microsoft,Windows,1,same-year CVE; Microsoft Windows Hyper-V NT Kernel Integration VSP Use-After-Free Vulnerability
kev_entry,2025-01-14,exploited_in_wild,CVE-2025-21335,Microsoft,Windows,1,same-year CVE; Microsoft Windows Hyper-V NT Kernel Integration VSP Use-After-Free Vulnerability
kev_entry,2025-01-16,exploited_in_wild,CVE-2024-50603,Aviatrix,Controllers,1,older CVE; Aviatrix Controllers OS Command Injection Vulnerability
kev_entry,2025-01-23,exploited_in_wild,CVE-2020-11023,JQuery,JQuery,1,older CVE; JQuery Cross-Site Scripting (XSS) Vulnerability
kev_entry,2025-01-24,exploited_in_wild,CVE-2025-23006,SonicWall,SMA1000 Appliances,1,same-year CVE; ransomware; SonicWall SMA1000 Appliances Deserialization Vulnerability
kev_entry,2025-01-29,exploited_in_wild,CVE-2025-24085,Apple,Multiple Products,1,same-year CVE; Apple Multiple Products Use-After-Free Vulnerability
kev_entry,2025-02-04,exploited_in_wild,CVE-2018-19410,Paessler,PRTG Network Monitor,1,older CVE; Paessler PRTG Network Monitor Local File Inclusion Vulnerability
kev_entry,2025-02-04,exploited_in_wild,CVE-2018-9276,Paessler,PRTG Network Monitor,1,older CVE; Paessler PRTG Network Monitor OS Command Injection Vulnerability
kev_entry,2025-02-04,exploited_in_wild,CVE-2024-29059,Microsoft,.NET Framework,1,older CVE; Microsoft .NET Framework Information Disclosure Vulnerability
kev_entry,2025-02-04,exploited_in_wild,CVE-2024-45195,Apache,OFBiz,1,older CVE; Apache OFBiz Forced Browsing Vulnerability
kev_entry,2025-02-05,exploited_in_wild,CVE-2024-53104,Linux,Kernel,1,older CVE; Linux Kernel Out-of-Bounds Write Vulnerability
kev_entry,2025-02-06,exploited_in_wild,CVE-2020-15069,Sophos,XG Firewall,1,older CVE; Sophos XG Firewall Buffer Overflow Vulnerability
kev_entry,2025-02-06,exploited_in_wild,CVE-2020-29574,Sophos,CyberoamOS,1,older CVE; ransomware; CyberoamOS (CROS) SQL Injection Vulnerability
kev_entry,2025-02-06,exploited_in_wild,CVE-2022-23748,Audinate,Dante Discovery,1,older CVE; Dante Discovery Process Control Vulnerability
kev_entry,2025-02-06,exploited_in_wild,CVE-2024-21413,Microsoft,Office Outlook,1,older CVE; Microsoft Outlook Improper Input Validation Vulnerability
kev_entry,2025-02-06,exploited_in_wild,CVE-2025-0411,7-Zip,7-Zip,1,same-year CVE; 7-Zip Mark of the Web Bypass Vulnerability
kev_entry,2025-02-07,exploited_in_wild,CVE-2025-0994,Trimble,Cityworks,1,same-year CVE; Trimble Cityworks Deserialization Vulnerability
kev_entry,2025-02-11,exploited_in_wild,CVE-2024-40890,Zyxel,DSL CPE Devices,1,older CVE; Zyxel DSL CPE OS Command Injection Vulnerability
kev_entry,2025-02-11,exploited_in_wild,CVE-2024-40891,Zyxel,DSL CPE Devices,1,older CVE; Zyxel DSL CPE OS Command Injection Vulnerability
kev_entry,2025-02-11,exploited_in_wild,CVE-2025-21391,Microsoft,Windows,1,same-year CVE; Microsoft Windows Storage Link Following Vulnerability
kev_entry,2025-02-11,exploited_in_wild,CVE-2025-21418,Microsoft,Windows,1,same-year CVE; Microsoft Windows Ancillary Function Driver for WinSock Heap-Based Buffer Overflow Vulnerability
kev_entry,2025-02-12,exploited_in_wild,CVE-2024-41710,Mitel,SIP Phones,1,older CVE; Mitel SIP Phones Argument Injection Vulnerability
kev_entry,2025-02-12,exploited_in_wild,CVE-2025-24200,Apple,iOS and iPadOS,1,same-year CVE; Apple iOS and iPadOS Incorrect Authorization Vulnerability
kev_entry,2025-02-13,exploited_in_wild,CVE-2024-57727,SimpleHelp,SimpleHelp,1,older CVE; ransomware; SimpleHelp Path Traversal Vulnerability
kev_entry,2025-02-18,exploited_in_wild,CVE-2024-53704,SonicWall,SonicOS,1,older CVE; ransomware; SonicWall SonicOS SSLVPN Improper Authentication Vulnerability
kev_entry,2025-02-18,exploited_in_wild,CVE-2025-0108,Palo Alto Networks,PAN-OS,1,same-year CVE; Palo Alto Networks PAN-OS Authentication Bypass Vulnerability
kev_entry,2025-02-20,exploited_in_wild,CVE-2025-0111,Palo Alto Networks,PAN-OS,1,same-year CVE; Palo Alto Networks PAN-OS File Read Vulnerability
kev_entry,2025-02-20,exploited_in_wild,CVE-2025-23209,Craft CMS,Craft CMS,1,same-year CVE; Craft CMS Code Injection Vulnerability
kev_entry,2025-02-21,exploited_in_wild,CVE-2025-24989,Microsoft,Power Pages,1,same-year CVE; Microsoft Power Pages Improper Access Control Vulnerability
kev_entry,2025-02-24,exploited_in_wild,CVE-2017-3066,Adobe,ColdFusion,1,older CVE; Adobe ColdFusion Deserialization Vulnerability
kev_entry,2025-02-24,exploited_in_wild,CVE-2024-20953,Oracle,Agile Product Lifecycle Management (PLM),1,older CVE; Oracle Agile Product Lifecycle Management (PLM) Deserialization Vulnerability
kev_entry,2025-02-25,exploited_in_wild,CVE-2023-34192,Synacor,Zimbra Collaboration Suite (ZCS),1,older CVE; Synacor Zimbra Collaboration Suite (ZCS) Cross-Site Scripting (XSS) Vulnerability
kev_entry,2025-02-25,exploited_in_wild,CVE-2024-49035,Microsoft,Partner Center,1,older CVE; Microsoft Partner Center Improper Access Control Vulnerability
kev_entry,2025-03-03,exploited_in_wild,CVE-2018-8639,Microsoft,Windows,1,older CVE; ransomware; Microsoft Windows Win32k Improper Resource Shutdown or Release Vulnerability
kev_entry,2025-03-03,exploited_in_wild,CVE-2022-43769,Hitachi Vantara,Pentaho Business Analytics (BA) Server,1,older CVE; Hitachi Vantara Pentaho BA Server Special Element Injection Vulnerability
kev_entry,2025-03-03,exploited_in_wild,CVE-2022-43939,Hitachi Vantara,Pentaho Business Analytics (BA) Server,1,older CVE; Hitachi Vantara Pentaho BA Server Authorization Bypass Vulnerability
kev_entry,2025-03-03,exploited_in_wild,CVE-2023-20118,Cisco,Small Business RV Series Routers,1,older CVE; Cisco Small Business RV Series Routers Command Injection Vulnerability
kev_entry,2025-03-03,exploited_in_wild,CVE-2024-4885,Progress,WhatsUp Gold,1,older CVE; Progress WhatsUp Gold Path Traversal Vulnerability
kev_entry,2025-03-04,exploited_in_wild,CVE-2024-50302,Linux,Kernel,1,older CVE; Linux Kernel Use of Uninitialized Resource Vulnerability
kev_entry,2025-03-04,exploited_in_wild,CVE-2025-22224,VMware,ESXi and Workstation,1,same-year CVE; VMware ESXi and Workstation TOCTOU Race Condition Vulnerability
kev_entry,2025-03-04,exploited_in_wild,CVE-2025-22225,VMware,ESXi,1,same-year CVE; ransomware; VMware ESXi Arbitrary Write Vulnerability
kev_entry,2025-03-04,exploited_in_wild,CVE-2025-22226,VMware,"ESXi, Workstation, and Fusion",1,"same-year CVE; VMware ESXi, Workstation, and Fusion Information Disclosure Vulnerability"
kev_entry,2025-03-10,exploited_in_wild,CVE-2024-13159,Ivanti,Endpoint Manager (EPM),1,older CVE; Ivanti Endpoint Manager (EPM) Absolute Path Traversal Vulnerability
kev_entry,2025-03-10,exploited_in_wild,CVE-2024-13160,Ivanti,Endpoint Manager (EPM),1,older CVE; Ivanti Endpoint Manager (EPM) Absolute Path Traversal Vulnerability
kev_entry,2025-03-10,exploited_in_wild,CVE-2024-13161,Ivanti,Endpoint Manager (EPM),1,older CVE; Ivanti Endpoint Manager (EPM) Absolute Path Traversal Vulnerability
kev_entry,2025-03-10,exploited_in_wild,CVE-2024-57968,Advantive,VeraCore,1,older CVE; Advantive VeraCore Unrestricted File Upload Vulnerability
kev_entry,2025-03-10,exploited_in_wild,CVE-2025-25181,Advantive,VeraCore,1,same-year CVE;  Advantive VeraCore SQL Injection Vulnerability
kev_entry,2025-03-11,exploited_in_wild,CVE-2025-24983,Microsoft,Windows,1,same-year CVE; Microsoft Windows Win32k Use-After-Free Vulnerability
kev_entry,2025-03-11,exploited_in_wild,CVE-2025-24984,Microsoft,Windows,1,same-year CVE; Microsoft Windows NTFS Information Disclosure Vulnerability
kev_entry,2025-03-11,exploited_in_wild,CVE-2025-24985,Microsoft,Windows,1,same-year CVE; Microsoft Windows Fast FAT File System Driver Integer Overflow Vulnerability
kev_entry,2025-03-11,exploited_in_wild,CVE-2025-24991,Microsoft,Windows,1,same-year CVE; Microsoft Windows NTFS Out-Of-Bounds Read Vulnerability
kev_entry,2025-03-11,exploited_in_wild,CVE-2025-24993,Microsoft,Windows,1,same-year CVE; Microsoft Windows NTFS Heap-Based Buffer Overflow Vulnerability
kev_entry,2025-03-11,exploited_in_wild,CVE-2025-26633,Microsoft,Windows,1,same-year CVE; ransomware; Microsoft Windows Management Console (MMC) Improper Neutralization Vulnerability
kev_entry,2025-03-13,exploited_in_wild,CVE-2025-21590,Juniper,Junos OS,1,same-year CVE; Juniper Junos OS Improper Isolation or Compartmentalization Vulnerability
kev_entry,2025-03-13,exploited_in_wild,CVE-2025-24201,Apple,Multiple Products,1,same-year CVE; Apple Multiple Products WebKit Out-of-Bounds Write Vulnerability
kev_entry,2025-03-18,exploited_in_wild,CVE-2025-24472,Fortinet,FortiOS and FortiProxy,1,same-year CVE; ransomware; Fortinet FortiOS and FortiProxy Authentication Bypass Vulnerability
kev_entry,2025-03-18,exploited_in_wild,CVE-2025-30066,tj-actions,changed-files GitHub Action,1,same-year CVE; tj-actions/changed-files GitHub Action Embedded Malicious Code Vulnerability
kev_entry,2025-03-19,exploited_in_wild,CVE-2017-12637,SAP,NetWeaver,1,older CVE; SAP NetWeaver Directory Traversal Vulnerability
kev_entry,2025-03-19,exploited_in_wild,CVE-2024-48248,NAKIVO,Backup and Replication,1,older CVE; NAKIVO Backup and Replication Absolute Path Traversal Vulnerability
kev_entry,2025-03-19,exploited_in_wild,CVE-2025-1316,Edimax,IC-7100 IP Camera,1,same-year CVE; Edimax IC-7100 IP Camera OS Command Injection Vulnerability
kev_entry,2025-03-24,exploited_in_wild,CVE-2025-30154,reviewdog,action-setup GitHub Action,1,same-year CVE; reviewdog/action-setup GitHub Action Embedded Malicious Code Vulnerability
kev_entry,2025-03-26,exploited_in_wild,CVE-2019-9874,Sitecore,CMS and Experience Platform (XP),1,older CVE; Sitecore CMS and Experience Platform (XP) Deserialization Vulnerability
kev_entry,2025-03-26,exploited_in_wild,CVE-2019-9875,Sitecore,CMS and Experience Platform (XP),1,older CVE; Sitecore CMS and Experience Platform (XP) Deserialization Vulnerability
kev_entry,2025-03-27,exploited_in_wild,CVE-2025-2783,Google,Chromium Mojo,1,same-year CVE; Google Chromium Mojo Sandbox Escape Vulnerability
kev_entry,2025-03-31,exploited_in_wild,CVE-2024-20439,Cisco,Smart Licensing Utility,1,older CVE; Cisco Smart Licensing Utility Static Credential Vulnerability
kev_entry,2025-04-01,exploited_in_wild,CVE-2025-24813,Apache,Tomcat,1,same-year CVE; Apache Tomcat Path Equivalence Vulnerability
kev_entry,2025-04-04,exploited_in_wild,CVE-2025-22457,Ivanti,"Connect Secure, Policy Secure, and ZTA Gateways",1,"same-year CVE; ransomware; Ivanti Connect Secure, Policy Secure, and ZTA Gateways Stack-Based Buffer Overflow Vulnerability"
kev_entry,2025-04-07,exploited_in_wild,CVE-2025-31161,CrushFTP,CrushFTP,1,same-year CVE; ransomware; CrushFTP Authentication Bypass Vulnerability
kev_entry,2025-04-08,exploited_in_wild,CVE-2025-29824,Microsoft,Windows,1,same-year CVE; ransomware; Microsoft Windows Common Log File System (CLFS) Driver Use-After-Free Vulnerability
kev_entry,2025-04-08,exploited_in_wild,CVE-2025-30406,Gladinet,CentreStack,1,same-year CVE; Gladinet CentreStack and Triofox Use of Hard-coded Cryptographic Key Vulnerability
kev_entry,2025-04-09,exploited_in_wild,CVE-2024-53150,Linux,Kernel,1,older CVE; Linux Kernel Out-of-Bounds Read Vulnerability
kev_entry,2025-04-09,exploited_in_wild,CVE-2024-53197,Linux,Kernel,1,older CVE; Linux Kernel Out-of-Bounds Access Vulnerability
kev_entry,2025-04-16,exploited_in_wild,CVE-2021-20035,SonicWall,SMA100 Appliances,1,older CVE; SonicWall SMA100 Appliances OS Command Injection Vulnerability
kev_entry,2025-04-17,exploited_in_wild,CVE-2025-24054,Microsoft,Windows,1,same-year CVE; Microsoft Windows NTLM Hash Disclosure Spoofing Vulnerability
kev_entry,2025-04-17,exploited_in_wild,CVE-2025-31200,Apple,Multiple Products,1,same-year CVE; Apple Multiple Products Memory Corruption Vulnerability
kev_entry,2025-04-17,exploited_in_wild,CVE-2025-31201,Apple,Multiple Products,1,same-year CVE; Apple Multiple Products Arbitrary Read and Write Vulnerability
kev_entry,2025-04-28,exploited_in_wild,CVE-2025-1976,Broadcom,Brocade Fabric OS,1,same-year CVE; Broadcom Brocade Fabric OS Code Injection Vulnerability
kev_entry,2025-04-28,exploited_in_wild,CVE-2025-3928,Commvault,Web Server,1,same-year CVE; Commvault Web Server Unspecified Vulnerability
kev_entry,2025-04-28,exploited_in_wild,CVE-2025-42599,Qualitia,Active! Mail,1,same-year CVE; Qualitia Active! Mail Stack-Based Buffer Overflow Vulnerability
kev_entry,2025-04-29,exploited_in_wild,CVE-2025-31324,SAP,NetWeaver,1,same-year CVE; ransomware; SAP NetWeaver Unrestricted File Upload Vulnerability
kev_entry,2025-05-01,exploited_in_wild,CVE-2023-44221,SonicWall,SMA100 Appliances,1,older CVE; SonicWall SMA100 Appliances OS Command Injection Vulnerability
kev_entry,2025-05-01,exploited_in_wild,CVE-2024-38475,Apache,HTTP Server,1,older CVE; Apache HTTP Server Improper Escaping of Output Vulnerability
kev_entry,2025-05-02,exploited_in_wild,CVE-2024-58136,Yiiframework,Yii,1,older CVE; Yiiframework Yii Improper Protection of Alternate Path Vulnerability
kev_entry,2025-05-02,exploited_in_wild,CVE-2025-34028,Commvault,Command Center,1,same-year CVE; Commvault Command Center Path Traversal Vulnerability
kev_entry,2025-05-05,exploited_in_wild,CVE-2025-3248,Langflow,Langflow,1,same-year CVE; ransomware; Langflow Missing Authentication Vulnerability
kev_entry,2025-05-06,exploited_in_wild,CVE-2025-27363,FreeType,FreeType,1,same-year CVE; FreeType Out-of-Bounds Write Vulnerability
kev_entry,2025-05-07,exploited_in_wild,CVE-2024-11120,GeoVision,Multiple Devices,1,older CVE; GeoVision Devices OS Command Injection Vulnerability
kev_entry,2025-05-07,exploited_in_wild,CVE-2024-6047,GeoVision,Multiple Devices,1,older CVE; GeoVision Devices OS Command Injection Vulnerability
kev_entry,2025-05-12,exploited_in_wild,CVE-2025-47729,TeleMessage,TM SGNL,1,same-year CVE; TeleMessage TM SGNL Hidden Functionality Vulnerability
kev_entry,2025-05-13,exploited_in_wild,CVE-2025-30397,Microsoft,Windows,1,same-year CVE; Microsoft Windows Scripting Engine Type Confusion Vulnerability
kev_entry,2025-05-13,exploited_in_wild,CVE-2025-30400,Microsoft,Windows,1,same-year CVE; Microsoft Windows DWM Core Library Use-After-Free Vulnerability
kev_entry,2025-05-13,exploited_in_wild,CVE-2025-32701,Microsoft,Windows,1,same-year CVE; Microsoft Windows Common Log File System (CLFS) Driver Use-After-Free Vulnerability
kev_entry,2025-05-13,exploited_in_wild,CVE-2025-32706,Microsoft,Windows,1,same-year CVE; Microsoft Windows Common Log File System (CLFS) Driver Heap-Based Buffer Overflow Vulnerability
kev_entry,2025-05-13,exploited_in_wild,CVE-2025-32709,Microsoft,Windows,1,same-year CVE; Microsoft Windows Ancillary Function Driver for WinSock Use-After-Free Vulnerability
kev_entry,2025-05-14,exploited_in_wild,CVE-2025-32756,Fortinet,Multiple Products,1,same-year CVE; Fortinet Multiple Products Stack-Based Buffer Overflow Vulnerability
kev_entry,2025-05-15,exploited_in_wild,CVE-2024-12987,DrayTek,Vigor Routers,1,older CVE; DrayTek Vigor Routers OS Command Injection Vulnerability
kev_entry,2025-05-15,exploited_in_wild,CVE-2025-42999,SAP,NetWeaver,1,same-year CVE; ransomware; SAP NetWeaver Deserialization Vulnerability
kev_entry,2025-05-19,exploited_in_wild,CVE-2023-38950,ZKTeco,BioTime,1,older CVE; ZKTeco BioTime Path Traversal Vulnerability
kev_entry,2025-05-19,exploited_in_wild,CVE-2024-11182,MDaemon,Email Server,1,older CVE; MDaemon Email Server Cross-Site Scripting (XSS) Vulnerability
kev_entry,2025-05-19,exploited_in_wild,CVE-2024-27443,Synacor,Zimbra Collaboration Suite (ZCS),1,older CVE; Synacor Zimbra Collaboration Suite (ZCS) Cross-Site Scripting (XSS) Vulnerability
kev_entry,2025-05-19,exploited_in_wild,CVE-2025-27920,Srimax,Output Messenger,1,same-year CVE; Srimax Output Messenger Directory Traversal Vulnerability
kev_entry,2025-05-19,exploited_in_wild,CVE-2025-4427,Ivanti,Endpoint Manager Mobile (EPMM),1,same-year CVE; Ivanti Endpoint Manager Mobile (EPMM) Authentication Bypass Vulnerability
kev_entry,2025-05-19,exploited_in_wild,CVE-2025-4428,Ivanti,Endpoint Manager Mobile (EPMM),1,same-year CVE; Ivanti Endpoint Manager Mobile (EPMM) Code Injection Vulnerability
kev_entry,2025-05-22,exploited_in_wild,CVE-2025-4632,Samsung,MagicINFO 9 Server,1,same-year CVE; Samsung MagicINFO 9 Server Path Traversal Vulnerability
kev_entry,2025-06-02,exploited_in_wild,CVE-2021-32030,ASUS,Routers,1,older CVE; ASUS Routers Improper Authentication Vulnerability
kev_entry,2025-06-02,exploited_in_wild,CVE-2023-39780,ASUS,RT-AX55 Routers,1,older CVE; ASUS RT-AX55 Routers OS Command Injection Vulnerability
kev_entry,2025-06-02,exploited_in_wild,CVE-2024-56145,Craft CMS,Craft CMS,1,older CVE; Craft CMS Code Injection Vulnerability
kev_entry,2025-06-02,exploited_in_wild,CVE-2025-35939,Craft CMS,Craft CMS,1,same-year CVE; Craft CMS External Control of Assumed-Immutable Web Parameter Vulnerability
kev_entry,2025-06-02,exploited_in_wild,CVE-2025-3935,ConnectWise,ScreenConnect,1,same-year CVE; ConnectWise ScreenConnect Improper Authentication Vulnerability
kev_entry,2025-06-03,exploited_in_wild,CVE-2025-21479,Qualcomm,Multiple Chipsets,1,same-year CVE; Qualcomm Multiple Chipsets Incorrect Authorization Vulnerability
kev_entry,2025-06-03,exploited_in_wild,CVE-2025-21480,Qualcomm,Multiple Chipsets,1,same-year CVE; Qualcomm Multiple Chipsets Incorrect Authorization Vulnerability
kev_entry,2025-06-03,exploited_in_wild,CVE-2025-27038,Qualcomm,Multiple Chipsets,1,same-year CVE; Qualcomm Multiple Chipsets Use-After-Free Vulnerability
kev_entry,2025-06-05,exploited_in_wild,CVE-2025-5419,Google,Chromium V8,1,same-year CVE; Google Chromium V8 Out-of-Bounds Read and Write Vulnerability
kev_entry,2025-06-09,exploited_in_wild,CVE-2024-42009,Roundcube,Webmail,1,older CVE; RoundCube Webmail Cross-Site Scripting Vulnerability
kev_entry,2025-06-09,exploited_in_wild,CVE-2025-32433,Erlang,Erlang/OTP,1,same-year CVE; Erlang Erlang/OTP SSH Server Missing Authentication for Critical Function Vulnerability
kev_entry,2025-06-10,exploited_in_wild,CVE-2025-24016,Wazuh,Wazuh Server,1,same-year CVE; Wazuh Server Deserialization of Untrusted Data Vulnerability
kev_entry,2025-06-10,exploited_in_wild,CVE-2025-33053,Microsoft,Windows,1,same-year CVE;  Microsoft Windows External Control of File Name or Path Vulnerability
kev_entry,2025-06-16,exploited_in_wild,CVE-2023-33538,TP-Link,Multiple Routers,1,older CVE; TP-Link Multiple Routers Command Injection Vulnerability
kev_entry,2025-06-16,exploited_in_wild,CVE-2025-43200,Apple,Multiple Products,1,same-year CVE; Apple Multiple Products Unspecified Vulnerability
kev_entry,2025-06-17,exploited_in_wild,CVE-2023-0386,Linux,Kernel,1,older CVE; Linux Kernel Improper Ownership Management Vulnerability
kev_entry,2025-06-25,exploited_in_wild,CVE-2019-6693,Fortinet,FortiOS,1,older CVE; ransomware; Fortinet FortiOS Use of Hard-Coded Credentials Vulnerability
kev_entry,2025-06-25,exploited_in_wild,CVE-2024-0769,D-Link,DIR-859 Router,1,older CVE;  D-Link DIR-859 Router Path Traversal Vulnerability
kev_entry,2025-06-25,exploited_in_wild,CVE-2024-54085,AMI,MegaRAC SPx,1,older CVE; AMI MegaRAC SPx Authentication Bypass by Spoofing Vulnerability
kev_entry,2025-06-30,exploited_in_wild,CVE-2025-6543,Citrix,NetScaler ADC and Gateway,1,same-year CVE; Citrix NetScaler ADC and Gateway Buffer Overflow Vulnerability
kev_entry,2025-07-01,exploited_in_wild,CVE-2025-48927,TeleMessage,TM SGNL,1,same-year CVE; TeleMessage TM SGNL Initialization of a Resource with an Insecure Default Vulnerability
kev_entry,2025-07-01,exploited_in_wild,CVE-2025-48928,TeleMessage,TM SGNL,1,same-year CVE; TeleMessage TM SGNL Exposure of Core Dump File to an Unauthorized Control Sphere Vulnerability
kev_entry,2025-07-02,exploited_in_wild,CVE-2025-6554,Google,Chromium V8,1,same-year CVE; Google Chromium V8 Type Confusion Vulnerability
kev_entry,2025-07-07,exploited_in_wild,CVE-2014-3931,Looking Glass,Multi-Router Looking Glass (MRLG),1,older CVE; Multi-Router Looking Glass (MRLG) Buffer Overflow Vulnerability
kev_entry,2025-07-07,exploited_in_wild,CVE-2016-10033,PHP,PHPMailer,1,older CVE; PHPMailer Command Injection Vulnerability
kev_entry,2025-07-07,exploited_in_wild,CVE-2019-5418,Rails,Ruby on Rails,1,older CVE; Rails Ruby on Rails Path Traversal Vulnerability
kev_entry,2025-07-07,exploited_in_wild,CVE-2019-9621,Synacor,Zimbra Collaboration Suite (ZCS),1,older CVE; Synacor Zimbra Collaboration Suite (ZCS) Server-Side Request Forgery (SSRF) Vulnerability
kev_entry,2025-07-10,exploited_in_wild,CVE-2025-5777,Citrix,NetScaler ADC and Gateway,1,same-year CVE; ransomware; Citrix NetScaler ADC and Gateway Out-of-Bounds Read Vulnerability
kev_entry,2025-07-14,exploited_in_wild,CVE-2025-47812,Wing FTP Server,Wing FTP Server,1,same-year CVE; Wing FTP Server Improper Neutralization of Null Byte or NUL Character Vulnerability
kev_entry,2025-07-18,exploited_in_wild,CVE-2025-25257,Fortinet,FortiWeb,1,same-year CVE; Fortinet FortiWeb SQL Injection Vulnerability
kev_entry,2025-07-20,exploited_in_wild,CVE-2025-53770,Microsoft,SharePoint,1,same-year CVE; ransomware; Microsoft SharePoint Deserialization of Untrusted Data Vulnerability
kev_entry,2025-07-22,exploited_in_wild,CVE-2025-2775,SysAid,SysAid On-Prem,1,same-year CVE; SysAid On-Prem Improper Restriction of XML External Entity Reference Vulnerability
kev_entry,2025-07-22,exploited_in_wild,CVE-2025-2776,SysAid,SysAid On-Prem,1,same-year CVE; SysAid On-Prem Improper Restriction of XML External Entity Reference Vulnerability
kev_entry,2025-07-22,exploited_in_wild,CVE-2025-49704,Microsoft,SharePoint,1,same-year CVE; ransomware; Microsoft SharePoint Code Injection Vulnerability
kev_entry,2025-07-22,exploited_in_wild,CVE-2025-49706,Microsoft,SharePoint,1,same-year CVE; ransomware; Microsoft SharePoint Improper Authentication Vulnerability
kev_entry,2025-07-22,exploited_in_wild,CVE-2025-54309,CrushFTP,CrushFTP,1,same-year CVE;  CrushFTP Unprotected Alternate Channel Vulnerability
kev_entry,2025-07-22,exploited_in_wild,CVE-2025-6558,Google,Chromium,1,same-year CVE; Google Chromium ANGLE and GPU Improper Input Validation Vulnerability
kev_entry,2025-07-28,exploited_in_wild,CVE-2023-2533,PaperCut,NG/MF,1,older CVE; PaperCut NG/MF Cross-Site Request Forgery (CSRF) Vulnerability
kev_entry,2025-07-28,exploited_in_wild,CVE-2025-20281,Cisco,Identity Services Engine,1,same-year CVE; Cisco Identity Services Engine Injection Vulnerability
kev_entry,2025-07-28,exploited_in_wild,CVE-2025-20337,Cisco,Identity Services Engine,1,same-year CVE; Cisco Identity Services Engine Injection Vulnerability
kev_entry,2025-08-05,exploited_in_wild,CVE-2020-25078,D-Link,DCS-2530L and DCS-2670L Devices,1,older CVE; D-Link DCS-2530L and DCS-2670L Devices Unspecified Vulnerability
kev_entry,2025-08-05,exploited_in_wild,CVE-2020-25079,D-Link,DCS-2530L and DCS-2670L Devices,1,older CVE; D-Link DCS-2530L and DCS-2670L Command Injection Vulnerability
kev_entry,2025-08-05,exploited_in_wild,CVE-2022-40799,D-Link,DNR-322L,1,older CVE; D-Link DNR-322L Download of Code Without Integrity Check Vulnerability
kev_entry,2025-08-12,exploited_in_wild,CVE-2007-0671,Microsoft,Office,1,older CVE; Microsoft Office Excel Remote Code Execution Vulnerability
kev_entry,2025-08-12,exploited_in_wild,CVE-2013-3893,Microsoft,Internet Explorer,1,older CVE; Microsoft Internet Explorer Resource Management Errors Vulnerability
kev_entry,2025-08-12,exploited_in_wild,CVE-2025-8088,RARLAB,WinRAR,1,same-year CVE; ransomware; RARLAB WinRAR Path Traversal Vulnerability
kev_entry,2025-08-13,exploited_in_wild,CVE-2025-8875,N-able,N-Central,1,same-year CVE; N-able N-Central Insecure Deserialization Vulnerability
kev_entry,2025-08-13,exploited_in_wild,CVE-2025-8876,N-able,N-Central,1,same-year CVE; N-able N-Central Command Injection Vulnerability
kev_entry,2025-08-18,exploited_in_wild,CVE-2025-54948,Trend Micro,Apex One,1,same-year CVE; Trend Micro Apex One OS Command Injection Vulnerability
kev_entry,2025-08-21,exploited_in_wild,CVE-2025-43300,Apple,"iOS, iPadOS, and macOS",1,"same-year CVE; Apple iOS, iPadOS, and macOS Out-of-Bounds Write Vulnerability"
kev_entry,2025-08-25,exploited_in_wild,CVE-2024-8068,Citrix,Session Recording,1,older CVE; Citrix Session Recording Improper Privilege Management Vulnerability
kev_entry,2025-08-25,exploited_in_wild,CVE-2024-8069,Citrix,Session Recording,1,older CVE; Citrix Session Recording Deserialization of Untrusted Data Vulnerability
kev_entry,2025-08-25,exploited_in_wild,CVE-2025-48384,Git,Git,1,same-year CVE; Git Link Following Vulnerability
kev_entry,2025-08-26,exploited_in_wild,CVE-2025-7775,Citrix,NetScaler,1,same-year CVE; Citrix NetScaler Memory Overflow Vulnerability
kev_entry,2025-08-29,exploited_in_wild,CVE-2025-57819,Sangoma,FreePBX,1,same-year CVE; Sangoma FreePBX Authentication Bypass Vulnerability
kev_entry,2025-09-02,exploited_in_wild,CVE-2020-24363,TP-Link,TL-WA855RE,1,older CVE; TP-link TL-WA855RE Missing Authentication for Critical Function Vulnerability
kev_entry,2025-09-02,exploited_in_wild,CVE-2025-55177,Meta Platforms,WhatsApp,1,same-year CVE; Meta Platforms WhatsApp Incorrect Authorization Vulnerability
kev_entry,2025-09-03,exploited_in_wild,CVE-2023-50224,TP-Link,TL-WR841N,1,older CVE; TP-Link TL-WR841N Authentication Bypass by Spoofing Vulnerability
kev_entry,2025-09-03,exploited_in_wild,CVE-2025-9377,TP-Link,Multiple Routers,1,same-year CVE; TP-Link Archer C7(EU) and TL-WR841N/ND(MS) OS Command Injection Vulnerability
kev_entry,2025-09-04,exploited_in_wild,CVE-2025-38352,Linux,Kernel,1,same-year CVE; Linux Kernel Time-of-Check Time-of-Use (TOCTOU) Race Condition Vulnerability
kev_entry,2025-09-04,exploited_in_wild,CVE-2025-48543,Android,Runtime,1,same-year CVE; Android Runtime Use-After-Free Vulnerability
kev_entry,2025-09-04,exploited_in_wild,CVE-2025-53690,Sitecore,Multiple Products,1,same-year CVE; Sitecore Multiple Products Deserialization of Untrusted Data Vulnerability
kev_entry,2025-09-11,exploited_in_wild,CVE-2025-5086,Dassault Systèmes,DELMIA Apriso,1,same-year CVE; Dassault Systèmes DELMIA Apriso Deserialization of Untrusted Data Vulnerability
kev_entry,2025-09-23,exploited_in_wild,CVE-2025-10585,Google,Chromium V8,1,same-year CVE; Google Chromium V8 Type Confusion Vulnerability
kev_entry,2025-09-25,exploited_in_wild,CVE-2025-20333,Cisco,Secure Firewall Adaptive Security Appliance and Secure Firewall Threat Defense,1,same-year CVE; Cisco Secure Firewall Adaptive Security Appliance (ASA) and Secure Firewall Threat Defense (FTD) Buffer Overfl
kev_entry,2025-09-25,exploited_in_wild,CVE-2025-20362,Cisco,Secure Firewall Adaptive Security Appliance and Secure Firewall Threat Defense,1,same-year CVE; Cisco Secure Firewall Adaptive Security (ASA) Appliance and Secure Firewall Threat Defense (FTD) Missing Autho
kev_entry,2025-09-29,exploited_in_wild,CVE-2021-21311,Adminer,Adminer,1,older CVE; Adminer Server-Side Request Forgery Vulnerability
kev_entry,2025-09-29,exploited_in_wild,CVE-2025-10035,Fortra,GoAnywhere MFT,1,same-year CVE; ransomware; Fortra GoAnywhere MFT Deserialization of Untrusted Data Vulnerability
kev_entry,2025-09-29,exploited_in_wild,CVE-2025-20352,Cisco,IOS and IOS XE,1,same-year CVE; Cisco IOS and IOS XE Software SNMP Denial of Service and Remote Code Execution Vulnerability
kev_entry,2025-09-29,exploited_in_wild,CVE-2025-32463,Sudo,Sudo,1,same-year CVE; Sudo Inclusion of Functionality from Untrusted Control Sphere Vulnerability
kev_entry,2025-09-29,exploited_in_wild,CVE-2025-59689,Libraesva,Email Security Gateway,1,same-year CVE; Libraesva Email Security Gateway Command Injection Vulnerability
kev_entry,2025-10-02,exploited_in_wild,CVE-2014-6278,GNU,GNU Bash,1,older CVE; GNU Bash OS Command Injection Vulnerability
kev_entry,2025-10-02,exploited_in_wild,CVE-2015-7755,Juniper,ScreenOS,1,older CVE; Juniper ScreenOS Improper Authentication Vulnerability
kev_entry,2025-10-02,exploited_in_wild,CVE-2017-1000353,Jenkins,Jenkins,1,older CVE; Jenkins Remote Code Execution Vulnerability
kev_entry,2025-10-02,exploited_in_wild,CVE-2025-21043,Samsung,Mobile Devices,1,same-year CVE; Samsung Mobile Devices Out-of-Bounds Write Vulnerability
kev_entry,2025-10-02,exploited_in_wild,CVE-2025-4008,Smartbedded,Meteobridge,1,same-year CVE; Smartbedded Meteobridge Command Injection Vulnerability
kev_entry,2025-10-06,exploited_in_wild,CVE-2010-3765,Mozilla,Multiple Products,1,older CVE; Mozilla Multiple Products Remote Code Execution Vulnerability
kev_entry,2025-10-06,exploited_in_wild,CVE-2010-3962,Microsoft,Internet Explorer,1,older CVE; Microsoft Internet Explorer Uninitialized Memory Corruption Vulnerability
kev_entry,2025-10-06,exploited_in_wild,CVE-2011-3402,Microsoft,Windows,1,older CVE; Microsoft Windows Remote Code Execution Vulnerability
kev_entry,2025-10-06,exploited_in_wild,CVE-2013-3918,Microsoft,Windows,1,older CVE; Microsoft Windows Out-of-Bounds Write Vulnerability
kev_entry,2025-10-06,exploited_in_wild,CVE-2021-22555,Linux,Kernel,1,older CVE; Linux Kernel Heap Out-of-Bounds Write Vulnerability
kev_entry,2025-10-06,exploited_in_wild,CVE-2021-43226,Microsoft,Windows,1,older CVE; ransomware; Microsoft Windows Privilege Escalation Vulnerability
kev_entry,2025-10-06,exploited_in_wild,CVE-2025-61882,Oracle,E-Business Suite,1,same-year CVE; ransomware; Oracle E-Business Suite Unspecified Vulnerability
kev_entry,2025-10-07,exploited_in_wild,CVE-2025-27915,Synacor,Zimbra Collaboration Suite (ZCS),1,same-year CVE; Synacor Zimbra Collaboration Suite (ZCS) Cross-site Scripting Vulnerability
kev_entry,2025-10-09,exploited_in_wild,CVE-2021-43798,Grafana Labs,Grafana,1,older CVE; Grafana Path Traversal Vulnerability
kev_entry,2025-10-14,exploited_in_wild,CVE-2016-7836,SKYSEA,Client View,1,older CVE; SKYSEA Client View Improper Authentication Vulnerability
kev_entry,2025-10-14,exploited_in_wild,CVE-2025-24990,Microsoft,Windows,1,same-year CVE; Microsoft Windows Untrusted Pointer Dereference Vulnerability
kev_entry,2025-10-14,exploited_in_wild,CVE-2025-47827,IGEL,IGEL OS,1,same-year CVE; IGEL OS Use of a Key Past its Expiration Date Vulnerability
kev_entry,2025-10-14,exploited_in_wild,CVE-2025-59230,Microsoft,Windows,1,same-year CVE; Microsoft Windows Improper Access Control Vulnerability
kev_entry,2025-10-15,exploited_in_wild,CVE-2025-54253,Adobe,Experience Manager (AEM) Forms,1,same-year CVE; Adobe Experience Manager Forms Code Execution Vulnerability
kev_entry,2025-10-20,exploited_in_wild,CVE-2022-48503,Apple,Multiple Products,1,older CVE; Apple Multiple Products Unspecified Vulnerability
kev_entry,2025-10-20,exploited_in_wild,CVE-2025-2746,Kentico,Xperience CMS,1,same-year CVE; Kentico Xperience CMS Authentication Bypass Using an Alternate Path or Channel Vulnerability
kev_entry,2025-10-20,exploited_in_wild,CVE-2025-2747,Kentico,Xperience CMS,1,same-year CVE; Kentico Xperience CMS Authentication Bypass Using an Alternate Path or Channel Vulnerability
kev_entry,2025-10-20,exploited_in_wild,CVE-2025-33073,Microsoft,Windows,1,same-year CVE; Microsoft Windows SMB Client Improper Access Control Vulnerability
kev_entry,2025-10-20,exploited_in_wild,CVE-2025-61884,Oracle,E-Business Suite,1,same-year CVE; ransomware; Oracle E-Business Suite Server-Side Request Forgery (SSRF) Vulnerability
kev_entry,2025-10-22,exploited_in_wild,CVE-2025-61932,Motex,LANSCOPE Endpoint Manager,1,same-year CVE; Motex LANSCOPE Endpoint Manager Improper Verification of Source of a Communication Channel Vulnerability
kev_entry,2025-10-24,exploited_in_wild,CVE-2025-54236,Adobe,Commerce and Magento,1,same-year CVE; Adobe Commerce and Magento Improper Input Validation Vulnerability
kev_entry,2025-10-24,exploited_in_wild,CVE-2025-59287,Microsoft,Windows,1,same-year CVE; Microsoft Windows Server Update Service (WSUS) Deserialization of Untrusted Data Vulnerability
kev_entry,2025-10-28,exploited_in_wild,CVE-2025-6204,Dassault Systèmes,DELMIA Apriso,1,same-year CVE; Dassault Systèmes DELMIA Apriso Code Injection Vulnerability
kev_entry,2025-10-28,exploited_in_wild,CVE-2025-6205,Dassault Systèmes,DELMIA Apriso,1,same-year CVE; Dassault Systèmes DELMIA Apriso Missing Authorization Vulnerability
kev_entry,2025-10-30,exploited_in_wild,CVE-2025-24893,XWiki,Platform,1,same-year CVE; XWiki Platform Eval Injection Vulnerability
kev_entry,2025-10-30,exploited_in_wild,CVE-2025-41244,Broadcom,VMware Aria Operations and VMware Tools,1,same-year CVE; Broadcom VMware Aria Operations and VMware Tools Privilege Defined with Unsafe Actions Vulnerability
kev_entry,2025-11-04,exploited_in_wild,CVE-2025-11371,Gladinet,CentreStack and Triofox,1,same-year CVE; Gladinet CentreStack and Triofox Files or Directories Accessible to External Parties Vulnerability
kev_entry,2025-11-04,exploited_in_wild,CVE-2025-48703,CWP,Control Web Panel,1,same-year CVE; CWP Control Web Panel OS Command Injection Vulnerability
kev_entry,2025-11-10,exploited_in_wild,CVE-2025-21042,Samsung,Mobile Devices,1,same-year CVE; Samsung Mobile Devices Out-of-Bounds Write Vulnerability
kev_entry,2025-11-12,exploited_in_wild,CVE-2025-12480,Gladinet,Triofox,1,same-year CVE; Gladinet Triofox Improper Access Control Vulnerability
kev_entry,2025-11-12,exploited_in_wild,CVE-2025-62215,Microsoft,Windows,1,same-year CVE; Microsoft Windows Race Condition Vulnerability
kev_entry,2025-11-12,exploited_in_wild,CVE-2025-9242,WatchGuard,Firebox,1,same-year CVE; WatchGuard Firebox Out-of-Bounds Write Vulnerability
kev_entry,2025-11-14,exploited_in_wild,CVE-2025-64446,Fortinet,FortiWeb,1,same-year CVE; Fortinet FortiWeb Path Traversal Vulnerability
kev_entry,2025-11-18,exploited_in_wild,CVE-2025-58034,Fortinet,FortiWeb,1,same-year CVE; Fortinet FortiWeb OS Command Injection Vulnerability
kev_entry,2025-11-19,exploited_in_wild,CVE-2025-13223,Google,Chromium V8,1,same-year CVE; Google Chromium V8 Type Confusion Vulnerability
kev_entry,2025-11-21,exploited_in_wild,CVE-2025-61757,Oracle,Fusion Middleware,1,same-year CVE; Oracle Fusion Middleware Missing Authentication for Critical Function Vulnerability
kev_entry,2025-11-28,exploited_in_wild,CVE-2021-26829,OpenPLC,ScadaBR,1,older CVE; OpenPLC ScadaBR Cross-site Scripting Vulnerability
kev_entry,2025-12-02,exploited_in_wild,CVE-2025-48572,Android,Framework,1,same-year CVE; Android Framework Privilege Escalation Vulnerability
kev_entry,2025-12-02,exploited_in_wild,CVE-2025-48633,Android,Framework,1,same-year CVE; Android Framework Information Disclosure Vulnerability
kev_entry,2025-12-03,exploited_in_wild,CVE-2021-26828,OpenPLC,ScadaBR,1,older CVE; OpenPLC ScadaBR Unrestricted Upload of File with Dangerous Type Vulnerability
kev_entry,2025-12-05,exploited_in_wild,CVE-2025-55182,Meta,React Server Components,1,same-year CVE; ransomware; Meta React Server Components Remote Code Execution Vulnerability
kev_entry,2025-12-08,exploited_in_wild,CVE-2022-37055,D-Link,Routers,1,older CVE; D-Link Routers Buffer Overflow Vulnerability
kev_entry,2025-12-08,exploited_in_wild,CVE-2025-66644,Array Networks,ArrayOS AG,1,same-year CVE; Array Networks ArrayOS AG OS Command Injection Vulnerability
kev_entry,2025-12-09,exploited_in_wild,CVE-2025-6218,RARLAB,WinRAR,1,same-year CVE; RARLAB WinRAR Path Traversal Vulnerability
kev_entry,2025-12-09,exploited_in_wild,CVE-2025-62221,Microsoft,Windows,1,same-year CVE; Microsoft Windows Use After Free Vulnerability
kev_entry,2025-12-11,exploited_in_wild,CVE-2025-58360,OSGeo,GeoServer,1,same-year CVE; OSGeo GeoServer Improper Restriction of XML External Entity Reference Vulnerability
kev_entry,2025-12-12,exploited_in_wild,CVE-2018-4063,Sierra Wireless,AirLink ALEOS,1,older CVE; Sierra Wireless AirLink ALEOS Unrestricted Upload of File with Dangerous Type Vulnerability
kev_entry,2025-12-12,exploited_in_wild,CVE-2025-14174,Google,Chromium,1,same-year CVE; Google Chromium Out of Bounds Memory Access Vulnerability
kev_entry,2025-12-15,exploited_in_wild,CVE-2025-14611,Gladinet,CentreStack and Triofox,1,same-year CVE; Gladinet CentreStack and Triofox Hard Coded Cryptographic Vulnerability
kev_entry,2025-12-15,exploited_in_wild,CVE-2025-43529,Apple,Multiple Products,1,same-year CVE; Apple Multiple Products Use-After-Free WebKit Vulnerability
kev_entry,2025-12-16,exploited_in_wild,CVE-2025-59718,Fortinet,Multiple Products,1,same-year CVE; Fortinet Multiple Products Improper Verification of Cryptographic Signature Vulnerability
kev_entry,2025-12-17,exploited_in_wild,CVE-2025-20393,Cisco,Multiple Products,1,same-year CVE; Cisco Multiple Products Improper Input Validation Vulnerability
kev_entry,2025-12-17,exploited_in_wild,CVE-2025-40602,SonicWall,SMA1000 appliance,1,same-year CVE; SonicWall SMA1000 Missing Authorization Vulnerability
kev_entry,2025-12-17,exploited_in_wild,CVE-2025-59374,ASUS,Live Update,1,same-year CVE; ASUS Live Update Embedded Malicious Code Vulnerability
kev_entry,2025-12-19,exploited_in_wild,CVE-2025-14733,WatchGuard,Firebox,1,same-year CVE; WatchGuard Firebox Out of Bounds Write Vulnerability
kev_entry,2025-12-22,exploited_in_wild,CVE-2023-52163,Digiever,DS-2105 Pro,1,older CVE; Digiever DS-2105 Pro Missing Authorization Vulnerability
kev_entry,2025-12-29,exploited_in_wild,CVE-2025-14847,MongoDB,MongoDB and MongoDB Server,1,same-year CVE; MongoDB and MongoDB Server Improper Handling of Length Parameter Inconsistency Vulnerability
kev_entry,2026-01-07,exploited_in_wild,CVE-2009-0556,Microsoft,Office,1,older CVE; Microsoft Office PowerPoint Code Injection Vulnerability
kev_entry,2026-01-07,exploited_in_wild,CVE-2025-37164,Hewlett Packard Enterprise (HPE),OneView,1,older CVE; Hewlett Packard Enterprise (HPE) OneView Code Injection Vulnerability
kev_entry,2026-01-12,exploited_in_wild,CVE-2025-8110,Gogs,Gogs,1,older CVE; Gogs Path Traversal Vulnerability
kev_entry,2026-01-13,exploited_in_wild,CVE-2026-20805,Microsoft,Windows,1,same-year CVE; Microsoft Windows Information Disclosure Vulnerability
kev_entry,2026-01-21,exploited_in_wild,CVE-2026-20045,Cisco,Unified Communications Manager,1,same-year CVE; Cisco Unified Communications Products Code Injection Vulnerability
kev_entry,2026-01-22,exploited_in_wild,CVE-2025-31125,Vite,Vitejs,1,older CVE; Vite Vitejs Improper Access Control Vulnerability
kev_entry,2026-01-22,exploited_in_wild,CVE-2025-34026,Versa,Concerto,1,older CVE; Versa Concerto Improper Authentication Vulnerability
kev_entry,2026-01-22,exploited_in_wild,CVE-2025-54313,Prettier,eslint-config-prettier,1,older CVE; Prettier eslint-config-prettier Embedded Malicious Code Vulnerability
kev_entry,2026-01-22,exploited_in_wild,CVE-2025-68645,Synacor,Zimbra Collaboration Suite (ZCS),1,older CVE; Synacor Zimbra Collaboration Suite (ZCS) PHP Remote File Inclusion Vulnerability
kev_entry,2026-01-23,exploited_in_wild,CVE-2024-37079,Broadcom,VMware vCenter Server,1,older CVE; Broadcom VMware vCenter Server Out-of-bounds Write Vulnerability
kev_entry,2026-01-26,exploited_in_wild,CVE-2018-14634,Linux,Kernel,1,older CVE; Linux Kernel Integer Overflow Vulnerability
kev_entry,2026-01-26,exploited_in_wild,CVE-2025-52691,SmarterTools,SmarterMail,1,older CVE; ransomware; SmarterTools SmarterMail Unrestricted Upload of File with Dangerous Type Vulnerability
kev_entry,2026-01-26,exploited_in_wild,CVE-2026-21509,Microsoft,Office,1,same-year CVE; Microsoft Office Security Feature Bypass Vulnerability
kev_entry,2026-01-26,exploited_in_wild,CVE-2026-23760,SmarterTools,SmarterMail,1,same-year CVE; ransomware; SmarterTools SmarterMail Authentication Bypass Using an Alternate Path or Channel Vulnerability
kev_entry,2026-01-26,exploited_in_wild,CVE-2026-24061,GNU,InetUtils,1,same-year CVE; GNU InetUtils Argument Injection Vulnerability
kev_entry,2026-01-27,exploited_in_wild,CVE-2026-24858,Fortinet,Multiple Products,1,same-year CVE; Fortinet Multiple Products Authentication Bypass Using an Alternate Path or Channel Vulnerability
kev_entry,2026-01-29,exploited_in_wild,CVE-2026-1281,Ivanti,Endpoint Manager Mobile (EPMM),1,same-year CVE; Ivanti Endpoint Manager Mobile (EPMM) Code Injection Vulnerability
kev_entry,2026-02-03,exploited_in_wild,CVE-2019-19006,Sangoma,FreePBX,1,older CVE;  Sangoma FreePBX Improper Authentication Vulnerability
kev_entry,2026-02-03,exploited_in_wild,CVE-2021-39935,GitLab,Community and Enterprise Editions,1,older CVE; GitLab Community and Enterprise Editions Server-Side Request Forgery (SSRF) Vulnerability
kev_entry,2026-02-03,exploited_in_wild,CVE-2025-40551,SolarWinds,Web Help Desk,1,older CVE; SolarWinds Web Help Desk Deserialization of Untrusted Data Vulnerability
kev_entry,2026-02-03,exploited_in_wild,CVE-2025-64328,Sangoma,FreePBX,1,older CVE; Sangoma FreePBX OS Command Injection Vulnerability
kev_entry,2026-02-05,exploited_in_wild,CVE-2025-11953,React Native Community,CLI,1,older CVE; React Native Community CLI OS Command Injection Vulnerability
kev_entry,2026-02-05,exploited_in_wild,CVE-2026-24423,SmarterTools,SmarterMail,1,same-year CVE; ransomware; SmarterTools SmarterMail Missing Authentication for Critical Function Vulnerability
kev_entry,2026-02-10,exploited_in_wild,CVE-2026-21510,Microsoft,Windows,1,same-year CVE; Microsoft Windows Shell Protection Mechanism Failure Vulnerability
kev_entry,2026-02-10,exploited_in_wild,CVE-2026-21513,Microsoft,Windows,1,same-year CVE; Microsoft MSHTML Framework Protection Mechanism Failure Vulnerability
kev_entry,2026-02-10,exploited_in_wild,CVE-2026-21514,Microsoft,Office,1,same-year CVE; Microsoft Office Word Reliance on Untrusted Inputs in a Security Decision Vulnerability
kev_entry,2026-02-10,exploited_in_wild,CVE-2026-21519,Microsoft,Windows,1,same-year CVE; Microsoft Windows Type Confusion Vulnerability
kev_entry,2026-02-10,exploited_in_wild,CVE-2026-21525,Microsoft,Windows,1,same-year CVE; Microsoft Windows NULL Pointer Dereference Vulnerability
kev_entry,2026-02-10,exploited_in_wild,CVE-2026-21533,Microsoft,Windows,1,same-year CVE; Microsoft Windows Improper Privilege Management Vulnerability
kev_entry,2026-02-12,exploited_in_wild,CVE-2024-43468,Microsoft,Configuration Manager,1,older CVE; Microsoft Configuration Manager SQL Injection Vulnerability
kev_entry,2026-02-12,exploited_in_wild,CVE-2025-15556,Notepad++,Notepad++,1,older CVE; Notepad++ Download of Code Without Integrity Check Vulnerability
kev_entry,2026-02-12,exploited_in_wild,CVE-2025-40536,SolarWinds,Web Help Desk,1,older CVE; SolarWinds Web Help Desk Security Control Bypass Vulnerability
kev_entry,2026-02-12,exploited_in_wild,CVE-2026-20700,Apple,Multiple Products,1,same-year CVE; Apple Multiple Buffer Overflow Vulnerability
kev_entry,2026-02-13,exploited_in_wild,CVE-2026-1731,BeyondTrust,Remote Support (RS) and Privileged Remote Access (PRA),1,same-year CVE; ransomware; BeyondTrust Remote Support (RS) and Privileged Remote Access (PRA) OS Command Injection Vulnerability
kev_entry,2026-02-17,exploited_in_wild,CVE-2008-0015,Microsoft,Windows,1,older CVE;  Microsoft Windows Video ActiveX Control Remote Code Execution Vulnerability
kev_entry,2026-02-17,exploited_in_wild,CVE-2020-7796,Synacor,Zimbra Collaboration Suite,1,older CVE; Synacor Zimbra Collaboration Suite (ZCS) Server-Side Request Forgery Vulnerability
kev_entry,2026-02-17,exploited_in_wild,CVE-2024-7694,TeamT5,ThreatSonar Anti-Ransomware,1,older CVE; TeamT5 ThreatSonar Anti-Ransomware Unrestricted Upload of File with Dangerous Type Vulnerability
kev_entry,2026-02-17,exploited_in_wild,CVE-2026-2441,Google,Chromium,1,same-year CVE; Google Chromium CSS Use-After-Free Vulnerability
kev_entry,2026-02-18,exploited_in_wild,CVE-2021-22175,GitLab,GitLab,1,older CVE; GitLab Server-Side Request Forgery (SSRF) Vulnerability
kev_entry,2026-02-18,exploited_in_wild,CVE-2026-22769,Dell,RecoverPoint for Virtual Machines (RP4VMs),1,same-year CVE; Dell RecoverPoint for Virtual Machines (RP4VMs) Use of Hard-coded Credentials Vulnerability
kev_entry,2026-02-20,exploited_in_wild,CVE-2025-49113,Roundcube,Webmail,1,older CVE; RoundCube Webmail Deserialization of Untrusted Data Vulnerability
kev_entry,2026-02-20,exploited_in_wild,CVE-2025-68461,Roundcube,Webmail,1,older CVE; RoundCube Webmail Cross-site Scripting Vulnerability
kev_entry,2026-02-24,exploited_in_wild,CVE-2026-25108,Soliton Systems K.K,FileZen,1,same-year CVE; Soliton Systems K.K FileZen OS Command Injection Vulnerability
kev_entry,2026-02-25,exploited_in_wild,CVE-2022-20775,Cisco,SD-WAN,1,older CVE; Cisco SD-WAN Path Traversal Vulnerability
kev_entry,2026-02-25,exploited_in_wild,CVE-2026-20127,Cisco,Catalyst SD-WAN Controller and Manager,1,same-year CVE; Cisco Catalyst SD-WAN Controller and Manager Authentication Bypass Vulnerability
kev_entry,2026-03-03,exploited_in_wild,CVE-2026-21385,Qualcomm,Multiple Chipsets,1,same-year CVE; Qualcomm Multiple Chipsets Memory Corruption Vulnerability
kev_entry,2026-03-03,exploited_in_wild,CVE-2026-22719,Broadcom,VMware Aria Operations,1,same-year CVE; Broadcom VMware Aria Operations Command Injection Vulnerability
kev_entry,2026-03-05,exploited_in_wild,CVE-2017-7921,Hikvision,Multiple Products,1,older CVE; Hikvision Multiple Products Improper Authentication Vulnerability
kev_entry,2026-03-05,exploited_in_wild,CVE-2021-22681,Rockwell,Multiple Products,1,older CVE; Rockwell Multiple Products Insufficient Protected Credentials Vulnerability
kev_entry,2026-03-05,exploited_in_wild,CVE-2021-30952,Apple,Multiple Products,1,older CVE; Apple Multiple Products Integer Overflow or Wraparound Vulnerability
kev_entry,2026-03-05,exploited_in_wild,CVE-2023-41974,Apple,iOS and iPadOS,1,older CVE; Apple iOS and iPadOS Use-After-Free Vulnerability
kev_entry,2026-03-05,exploited_in_wild,CVE-2023-43000,Apple,Multiple Products,1,older CVE; Apple Multiple products Use-After-Free Vulnerability
kev_entry,2026-03-09,exploited_in_wild,CVE-2021-22054,Omnissa,Workspace One UEM,1,older CVE; Omnissa Workspace ONE Server-Side Request Forgery
kev_entry,2026-03-09,exploited_in_wild,CVE-2025-26399,SolarWinds,Web Help Desk,1,older CVE; ransomware; SolarWinds Web Help Desk Deserialization of Untrusted Data Vulnerability
kev_entry,2026-03-09,exploited_in_wild,CVE-2026-1603,Ivanti,Endpoint Manager (EPM),1,same-year CVE; Ivanti Endpoint Manager (EPM) Authentication Bypass Vulnerability
kev_entry,2026-03-11,exploited_in_wild,CVE-2025-68613,n8n,n8n,1,older CVE; n8n Improper Control of Dynamically-Managed Code Resources Vulnerability
kev_entry,2026-03-13,exploited_in_wild,CVE-2026-3909,Google,Skia,1,same-year CVE; Google Skia Out-of-Bounds Write Vulnerability
kev_entry,2026-03-13,exploited_in_wild,CVE-2026-3910,Google,Chromium V8,1,same-year CVE; Google Chromium V8 Improper Restriction of Operations Within the Bounds of a Memory Buffer Vulnerability
kev_entry,2026-03-16,exploited_in_wild,CVE-2025-47813,Wing FTP Server,Wing FTP Server,1,older CVE; Wing FTP Server Information Disclosure Vulnerability
kev_entry,2026-03-18,exploited_in_wild,CVE-2025-66376,Synacor,Zimbra Collaboration Suite (ZCS),1,older CVE; Synacor Zimbra Collaboration Suite (ZCS) Cross-Site Scripting Vulnerability
kev_entry,2026-03-18,exploited_in_wild,CVE-2026-20963,Microsoft,SharePoint,1,same-year CVE; Microsoft SharePoint Deserialization of Untrusted Data Vulnerability
kev_entry,2026-03-19,exploited_in_wild,CVE-2026-20131,Cisco,Secure Firewall Management Center (FMC),1,same-year CVE; ransomware; Cisco Secure Firewall Management Center (FMC) Software and Cisco Security Cloud Control (SCC) Firewall Managem
kev_entry,2026-03-20,exploited_in_wild,CVE-2025-31277,Apple,Multiple Products,1,older CVE; Apple Multiple Products Buffer Overflow Vulnerability
kev_entry,2026-03-20,exploited_in_wild,CVE-2025-32432,Craft CMS,Craft CMS,1,older CVE; Craft CMS Code Injection Vulnerability
kev_entry,2026-03-20,exploited_in_wild,CVE-2025-43510,Apple,Multiple Products,1,older CVE; Apple Multiple Products Improper Locking Vulnerability
kev_entry,2026-03-20,exploited_in_wild,CVE-2025-43520,Apple,Multiple Products,1,older CVE; Apple Multiple Products Classic Buffer Overflow Vulnerability
kev_entry,2026-03-20,exploited_in_wild,CVE-2025-54068,Laravel,Livewire,1,older CVE; Laravel Livewire Code Injection Vulnerability
kev_entry,2026-03-25,exploited_in_wild,CVE-2026-33017,Langflow,Langflow,1,same-year CVE; Langflow Code Injection Vulnerability
kev_entry,2026-03-26,exploited_in_wild,CVE-2026-33634,Aquasecurity,Trivy,1,same-year CVE; Aquasecurity Trivy Embedded Malicious Code Vulnerability
kev_entry,2026-03-27,exploited_in_wild,CVE-2025-53521,F5,BIG-IP,1,older CVE; F5 BIG-IP Stack-Based Buffer Overflow Vulnerability
kev_entry,2026-03-30,exploited_in_wild,CVE-2026-3055,Citrix,NetScaler,1,same-year CVE; Citrix NetScaler Out-of-Bounds Read Vulnerability
kev_entry,2026-04-01,exploited_in_wild,CVE-2026-5281,Google,Dawn,1,same-year CVE; Google Dawn Use-After-Free Vulnerability
kev_entry,2026-04-02,exploited_in_wild,CVE-2026-3502,TrueConf,Client,1,same-year CVE; TrueConf Client Download of Code Without Integrity Check Vulnerability
kev_entry,2026-04-06,exploited_in_wild,CVE-2026-35616,Fortinet,FortiClient EMS,1,same-year CVE; Fortinet FortiClient EMS Improper Access Control Vulnerability
kev_entry,2026-04-08,exploited_in_wild,CVE-2026-1340,Ivanti,Endpoint Manager Mobile (EPMM),1,same-year CVE; Ivanti Endpoint Manager Mobile (EPMM) Code Injection Vulnerability
kev_entry,2026-04-13,exploited_in_wild,CVE-2012-1854,Microsoft,Visual Basic for Applications (VBA),1,older CVE; Microsoft Visual Basic for Applications Insecure Library Loading Vulnerability
kev_entry,2026-04-13,exploited_in_wild,CVE-2020-9715,Adobe,Acrobat,1,older CVE; Adobe Acrobat Use-After-Free Vulnerability
kev_entry,2026-04-13,exploited_in_wild,CVE-2023-21529,Microsoft,Exchange Server,1,older CVE; ransomware; Microsoft Exchange Server Deserialization of Untrusted Data Vulnerability
kev_entry,2026-04-13,exploited_in_wild,CVE-2023-36424,Microsoft,Windows,1,older CVE; Microsoft Windows Out-of-Bounds Read Vulnerability
kev_entry,2026-04-13,exploited_in_wild,CVE-2025-60710,Microsoft,Windows,1,older CVE; ransomware; Microsoft Windows Link Following Vulnerability
kev_entry,2026-04-13,exploited_in_wild,CVE-2026-21643,Fortinet,FortiClient EMS,1,same-year CVE; Fortinet FortiClient EMS SQL Injection Vulnerability
kev_entry,2026-04-13,exploited_in_wild,CVE-2026-34621,Adobe,Acrobat and Reader,1,same-year CVE; Adobe Acrobat and Reader Prototype Pollution Vulnerability
kev_entry,2026-04-14,exploited_in_wild,CVE-2009-0238,Microsoft,Office,1,older CVE; Microsoft Office Remote Code Execution
kev_entry,2026-04-14,exploited_in_wild,CVE-2026-32201,Microsoft,SharePoint Server,1,same-year CVE; Microsoft SharePoint Server Improper Input Validation Vulnerability
kev_entry,2026-04-16,exploited_in_wild,CVE-2026-34197,Apache,ActiveMQ,1,same-year CVE; Apache ActiveMQ Improper Input Validation Vulnerability
kev_entry,2026-04-20,exploited_in_wild,CVE-2023-27351,PaperCut,NG/MF,1,older CVE; ransomware; PaperCut NG/MF Improper Authentication Vulnerability
kev_entry,2026-04-20,exploited_in_wild,CVE-2024-27199,JetBrains,TeamCity,1,older CVE; ransomware; JetBrains TeamCity Relative Path Traversal Vulnerability
kev_entry,2026-04-20,exploited_in_wild,CVE-2025-2749,Kentico,Kentico Xperience,1,older CVE; Kentico Xperience Path Traversal Vulnerability
kev_entry,2026-04-20,exploited_in_wild,CVE-2025-32975,Quest,KACE Systems Management Appliance (SMA),1,older CVE; Quest KACE Systems Management Appliance (SMA) Improper Authentication Vulnerability
kev_entry,2026-04-20,exploited_in_wild,CVE-2025-48700,Synacor,Zimbra Collaboration Suite (ZCS),1,older CVE; Synacor Zimbra Collaboration Suite (ZCS) Cross-site Scripting Vulnerability
kev_entry,2026-04-20,exploited_in_wild,CVE-2026-20122,Cisco,Catalyst SD-WAN Manger,1,same-year CVE; Cisco Catalyst SD-WAN Manager Incorrect Use of Privileged APIs Vulnerability
kev_entry,2026-04-20,exploited_in_wild,CVE-2026-20128,Cisco,Catalyst SD-WAN Manager,1,same-year CVE; Cisco Catalyst SD-WAN Manager Storing Passwords in a Recoverable Format Vulnerability
kev_entry,2026-04-20,exploited_in_wild,CVE-2026-20133,Cisco,Catalyst SD-WAN Manager,1,same-year CVE; Cisco Catalyst SD-WAN Manager Exposure of Sensitive Information to an Unauthorized Actor Vulnerability
kev_entry,2026-04-22,exploited_in_wild,CVE-2026-33825,Microsoft,Defender,1,same-year CVE; ransomware; Microsoft Defender Insufficient Granularity of Access Control Vulnerability
kev_entry,2026-04-23,exploited_in_wild,CVE-2026-39987,Marimo,Marimo,1,same-year CVE; Marimo Remote Code Execution Vulnerability
kev_entry,2026-04-24,exploited_in_wild,CVE-2024-57726,SimpleHelp,SimpleHelp,1,older CVE; ransomware; SimpleHelp Missing Authorization Vulnerability
kev_entry,2026-04-24,exploited_in_wild,CVE-2024-57728,SimpleHelp,SimpleHelp,1,older CVE; ransomware; SimpleHelp Path Traversal Vulnerability
kev_entry,2026-04-24,exploited_in_wild,CVE-2024-7399,Samsung,MagicINFO 9 Server,1,older CVE; Samsung MagicINFO 9 Server Path Traversal Vulnerability
kev_entry,2026-04-24,exploited_in_wild,CVE-2025-29635,D-Link,DIR-823X,1,older CVE; D-Link DIR-823X Command Injection Vulnerability
kev_entry,2026-04-28,exploited_in_wild,CVE-2024-1708,ConnectWise,ScreenConnect,1,older CVE; ransomware; ConnectWise ScreenConnect Path Traversal Vulnerability
kev_entry,2026-04-28,exploited_in_wild,CVE-2026-32202,Microsoft,Windows,1,same-year CVE; Microsoft Windows Protection Mechanism Failure Vulnerability
kev_entry,2026-04-30,exploited_in_wild,CVE-2026-41940,WebPros,cPanel & WHM and WP2 (WordPress Squared),1,same-year CVE; ransomware; WebPros cPanel & WHM and WP2 (WordPress Squared) Missing Authentication for Critical Function Vulnerability
kev_entry,2026-05-01,exploited_in_wild,CVE-2026-31431,Linux,Kernel,1,same-year CVE; Linux Kernel Incorrect Resource Transfer Between Spheres Vulnerability
kev_entry,2026-05-06,exploited_in_wild,CVE-2026-0300,Palo Alto Networks,PAN-OS,1,same-year CVE; Palo Alto Networks PAN-OS Out-of-bounds Write Vulnerability
kev_entry,2026-05-07,exploited_in_wild,CVE-2026-6973,Ivanti,Endpoint Manager Mobile (EPMM),1,same-year CVE; Ivanti Endpoint Manager Mobile (EPMM) Improper Input Validation Vulnerability
kev_entry,2026-05-08,exploited_in_wild,CVE-2026-42208,BerriAI,LiteLLM,1,same-year CVE; BerriAI LiteLLM SQL Injection Vulnerability
kev_entry,2026-05-14,exploited_in_wild,CVE-2026-20182,Cisco,Catalyst SD-WAN,1,same-year CVE; Cisco Catalyst SD-WAN Controller Authentication Bypass Vulnerability
kev_entry,2026-05-15,exploited_in_wild,CVE-2026-42897,Microsoft,Microsoft,1,same-year CVE; Microsoft Exchange Server Cross-Site Scripting Vulnerability
kev_entry,2026-05-20,exploited_in_wild,CVE-2008-4250,Microsoft,Windows,1,older CVE; Microsoft Windows Buffer Overflow Vulnerability
kev_entry,2026-05-20,exploited_in_wild,CVE-2009-1537,Microsoft,DirectX,1,older CVE; Microsoft DirectX NULL Byte Overwrite Vulnerability
kev_entry,2026-05-20,exploited_in_wild,CVE-2009-3459,Adobe,Acrobat and Reader,1,older CVE; Adobe Acrobat and Reader Heap-Based Buffer Overflow Vulnerability
kev_entry,2026-05-20,exploited_in_wild,CVE-2010-0249,Microsoft,Internet Explorer,1,older CVE; Microsoft Internet Explorer Use-After-Free Vulnerability
kev_entry,2026-05-20,exploited_in_wild,CVE-2010-0806,Microsoft,Internet Explorer,1,older CVE; Microsoft Internet Explorer Use-After-Free Vulnerability
kev_entry,2026-05-20,exploited_in_wild,CVE-2026-41091,Microsoft,Defender,1,same-year CVE; Microsoft Defender Link Following Vulnerability
kev_entry,2026-05-20,exploited_in_wild,CVE-2026-45498,Microsoft,Defender,1,same-year CVE; Microsoft Defender Denial of Service Vulnerability
kev_entry,2026-05-21,exploited_in_wild,CVE-2025-34291,Langflow,Langflow,1,older CVE; Langflow Origin Validation Error Vulnerability
kev_entry,2026-05-21,exploited_in_wild,CVE-2026-34926,Trend Micro,Apex One,1,same-year CVE; Trend Micro Apex One (On-Premise) Directory Traversal Vulnerability
kev_entry,2026-05-22,exploited_in_wild,CVE-2026-9082,Drupal,Core,1,same-year CVE; Drupal Core SQL Injection Vulnerability
kev_entry,2026-05-26,exploited_in_wild,CVE-2026-48172,LiteSpeed,cPanel Plugin,1,same-year CVE; LiteSpeed cPanel Plugin Privilege Escalation Vulnerability
kev_entry,2026-05-27,exploited_in_wild,CVE-2026-45321,TanStack,TanStack,1,same-year CVE; ransomware; TanStack Unspecified Vulnerability
kev_entry,2026-05-27,exploited_in_wild,CVE-2026-48027,Nx,Nx Console,1,same-year CVE; ransomware; Nx Console Embedded Malicious Code Vulnerability
kev_entry,2026-05-27,exploited_in_wild,CVE-2026-8398,Daemon,Daemon Tools Lite,1,same-year CVE; Daemon Tools Lite Embedded Malicious Code Vulnerability
kev_entry,2026-05-29,exploited_in_wild,CVE-2026-0257,Palo Alto Networks,PAN-OS,1,same-year CVE; ransomware; Palo Alto Networks PAN-OS Authentication Bypass Vulnerability
kev_entry,2026-06-01,exploited_in_wild,CVE-2024-21182,Oracle,WebLogic Server,1,older CVE; Oracle WebLogic Server Unspecified Vulnerability
kev_entry,2026-06-02,exploited_in_wild,CVE-2022-0492,Linux,Kernel,1,older CVE; Linux Kernel Improper Authentication Vulnerability
kev_entry,2026-06-02,exploited_in_wild,CVE-2025-48595,Android,Framework,1,older CVE; Android Framework Integer Overflow Vulnerability
kev_entry,2026-06-03,exploited_in_wild,CVE-2026-45247,Mirasvit,Mirasvit Full Page Cache Warmer,1,same-year CVE; Mirasvit Full Page Cache Warmer Deserialization of Untrusted Data Vulnerability
kev_entry,2026-06-05,exploited_in_wild,CVE-2026-28318,SolarWinds,Serv-U,1,same-year CVE; SolarWinds Serv-U Uncontrolled Resource Consumption Vulnerability
kev_entry,2026-06-08,exploited_in_wild,CVE-2026-42271,BerriAI,LiteLLM,1,same-year CVE; BerriAI LiteLLM Command Injection Vulnerability
kev_entry,2026-06-08,exploited_in_wild,CVE-2026-50751,Check Point,Security Gateway,1,same-year CVE; ransomware; Check Point Security Gateway Improper Authentication Vulnerability
kev_entry,2026-06-09,exploited_in_wild,CVE-2026-11645,Google,Chromium V8,1,same-year CVE; Google Chromium V8 Out-of-Bounds Read and Write Vulnerability
kev_entry,2026-06-09,exploited_in_wild,CVE-2026-20245,Cisco,Catalyst SD-WAN Manager,1,same-year CVE; Cisco Catalyst SD-WAN Manager Improper Encoding or Escaping of Output Vulnerability
kev_entry,2026-06-09,exploited_in_wild,CVE-2026-7473,Arista,Extensible Operating System,1,same-year CVE; Arista Extensible Operating System Incomplete Comparison with Missing Factors Vulnerability
kev_entry,2026-06-11,exploited_in_wild,CVE-2026-10520,Ivanti,Sentry,1,same-year CVE; Ivanti Sentry OS Command Injection Vulnerability
kev_entry,2026-06-12,exploited_in_wild,CVE-2026-35273,Oracle,PeopleSoft Enterprise PeopleTools,1,same-year CVE; ransomware; Oracle PeopleSoft Enterprise PeopleTools Missing Authentication for Critical Function Vulnerability
kev_entry,2026-06-15,exploited_in_wild,CVE-2026-20262,Cisco,Catalyst SD-WAN Manager,1,same-year CVE; Cisco Catalyst SD-WAN Manager Directory or Path Traversal Vulnerability
kev_entry,2026-06-15,exploited_in_wild,CVE-2026-54420,LiteSpeed,cPanel Plugin,1,same-year CVE; LiteSpeed cPanel Plugin UNIX Symbolic Link (Symlink) Following Vulnerability
kev_entry,2026-06-16,exploited_in_wild,CVE-2026-48907,Widget Factory,Joomla Content Editor,1,same-year CVE; Widget Factory Joomla Content Editor Improper Access Control Vulnerability
kev_entry,2026-06-18,exploited_in_wild,CVE-2026-20253,Splunk,Enterprise,1,same-year CVE; Splunk Enterprise Missing Authentication for Critical Function Vulnerability
kev_entry,2026-06-23,exploited_in_wild,CVE-2025-67038,Lantronix,EDS5000,1,older CVE; Lantronix EDS5000 Code Injection Vulnerability
kev_entry,2026-06-23,exploited_in_wild,CVE-2026-34908,Ubiquiti,UniFi OS,1,same-year CVE; Ubiquiti UniFi OS Improper Access Control Vulnerability
kev_entry,2026-06-23,exploited_in_wild,CVE-2026-34909,Ubiquiti,UniFi OS,1,same-year CVE; Ubiquiti UniFi OS Path Traversal Vulnerability
kev_entry,2026-06-23,exploited_in_wild,CVE-2026-34910,Ubiquiti,UniFi OS,1,same-year CVE; Ubiquiti UniFi OS Improper Input Validation Vulnerability
kev_entry,2026-06-25,exploited_in_wild,CVE-2026-12569,PTC,Windchill and FlexPLM,1,same-year CVE; ransomware; PTC Windchill and FlexPLM Improper Input Validation Vulnerability
kev_entry,2026-06-25,exploited_in_wild,CVE-2026-20230,Cisco,Unified Communications Manager,1,same-year CVE; Cisco Unified Communications Manager Server-Side Request Forgery (SSRF) Vulnerability
kev_entry,2026-06-29,exploited_in_wild,CVE-2026-48558,SimpleHelp,SimpleHelp,1,same-year CVE; SimpleHelp Authentication Bypass Vulnerability
kev_entry,2026-07-01,exploited_in_wild,CVE-2026-45659,Microsoft,SharePoint Server,1,same-year CVE; ransomware; Microsoft SharePoint Server Deserialization of Untrusted Data Vulnerability
kev_entry,2026-07-07,exploited_in_wild,CVE-2026-48282,Adobe,ColdFusion,1,same-year CVE; Adobe ColdFusion Path Traversal Vulnerability
kev_entry,2026-07-07,exploited_in_wild,CVE-2026-48908,JoomShaper,SP Page Builder,1,same-year CVE; JoomShaper SP Page Builder Unrestricted Upload of File with Dangerous Type Vulnerability
kev_entry,2026-07-07,exploited_in_wild,CVE-2026-55255,Langflow,Langflow,1,same-year CVE; Langflow Authorization Bypass Through User-Controlled Key Vulnerability
kev_entry,2026-07-07,exploited_in_wild,CVE-2026-56290,Joomlack,Page Builder,1,same-year CVE; Joomlack Page Builder Improper Access Control Vulnerability
kev_entry,2026-07-10,exploited_in_wild,CVE-2026-48939,iCagenda,iCagenda,1,same-year CVE; iCagenda Unrestricted Upload of File with Dangerous Type Vulnerability
kev_entry,2026-07-10,exploited_in_wild,CVE-2026-56291,Balbooa,Forms,1,same-year CVE; Balbooa Forms Unrestricted Upload of File with Dangerous Type Vulnerability
kev_entry,2026-07-13,exploited_in_wild,CVE-2008-4128,Cisco,IOS,1,older CVE; Cisco IOS Cross-Site Request Forgery Vulnerability
kev_entry,2026-07-14,exploited_in_wild,CVE-2026-15409,SonicWall,SMA1000 Appliances,1,same-year CVE; ransomware; SonicWall SMA1000 Appliances Server-Side Request Forgery Vulnerability
kev_entry,2026-07-14,exploited_in_wild,CVE-2026-15410,SonicWall,SMA1000 Appliances,1,same-year CVE; ransomware; SonicWall SMA1000 Appliances Code Injection Vulnerability
kev_entry,2026-07-14,exploited_in_wild,CVE-2026-56155,Microsoft,Active Directory Federation Services,1,same-year CVE; Microsoft Active Directory Federation Services Insufficient Granularity of Access Control Vulnerability 
kev_entry,2026-07-14,exploited_in_wild,CVE-2026-56164,Microsoft,SharePoint Server,1,same-year CVE; Microsoft SharePoint Server Missing Authentication for Critical Function Vulnerability
kev_entry,2026-07-15,exploited_in_wild,CVE-2023-4346,KNX Association,KNX Protocol Connection Authorization Option 1,1,older CVE; KNX Association KNX Protocol Connection Authorization Option 1 Overly Restrictive Account Lockout Mechanism Vu
kev_entry,2026-07-15,exploited_in_wild,CVE-2026-46817,Oracle,E-Business Suite,1,same-year CVE; Oracle E-Business Suite Improper Privilege Management Vulnerability
kev_entry,2026-07-16,exploited_in_wild,CVE-2026-25089,Fortinet,FortiSandbox,1,same-year CVE; Fortinet FortiSandbox OS Command Injection Vulnerability
kev_entry,2026-07-16,exploited_in_wild,CVE-2026-39808,Fortinet,FortiSandbox,1,same-year CVE; Fortinet FortiSandbox OS Command Injection Vulnerability
kev_entry,2026-07-16,exploited_in_wild,CVE-2026-58644,Microsoft,SharePoint,1,same-year CVE; Microsoft SharePoint Deserialization of Untrusted Data Vulnerability
kev_entry,2026-07-21,exploited_in_wild,CVE-2021-27137,DD-WRT,DD-WRT,1,older CVE; DD-WRT Stack-Based Buffer Overflow Vulnerability
kev_entry,2026-07-21,exploited_in_wild,CVE-2026-0770,Langflow,Langflow,1,same-year CVE; Langflow Inclusion of Functionality from Untrusted Control Sphere Vulnerability
kev_entry,2026-07-21,exploited_in_wild,CVE-2026-60137,WordPress,Core,1,same-year CVE; WordPress Core SQL Injection Vulnerability
kev_entry,2026-07-21,exploited_in_wild,CVE-2026-63030,WordPress,Core,1,same-year CVE; WordPress Core Interpretation Conflict Vulnerability
kev_entry,2026-07-22,exploited_in_wild,CVE-2026-16232,Check Point,SmartConsole,1,same-year CVE; Check Point SmartConsole Improper Authentication Vulnerability
kev_entry,2026-07-22,exploited_in_wild,CVE-2026-50522,Microsoft,SharePoint,1,same-year CVE; Microsoft SharePoint Deserialization of Untrusted Data Vulnerability 
kev_entry,2026-07-27,exploited_in_wild,CVE-2025-68686,Fortinet,FortiOS,1,older CVE; Fortinet FortiOS Exposure of Sensitive Information to an Unauthorized Actor Vulnerability
kev_entry,2026-07-27,exploited_in_wild,CVE-2026-16812,Arista,VeloCloud Orchestrator,1,same-year CVE; Arista VeloCloud Orchestrator On-Prem OS Command Injection Vulnerability
kev_entry,2026-07-29,exploited_in_wild,CVE-2026-20316,Cisco,Secure Firewall Management Center (FMC),1,same-year CVE; Cisco Secure Firewall Management Center Use of Hard-coded Password Vulnerability
kev_entry,2026-08-03,exploited_in_wild,CVE-2026-18577,N-able,N-central,1,same-year CVE; N-able N-central Authentication Bypass Using an Alternate Path or Channel Vulnerability
kev_entry,2026-08-04,exploited_in_wild,CVE-2026-18556,N-able,N-central,1,same-year CVE; N-able N-central Authentication Bypass Using an Alternate Path or Channel Vulnerability
kev_entry,2026-08-04,exploited_in_wild,CVE-2026-34486,Apache,Tomcat,1,same-year CVE; Apache Tomcat Missing Encryption of Sensitive Data Vulnerability
kev_entry,2026-08-04,exploited_in_wild,CVE-2026-9198,IBM,Langflow,1,same-year CVE; IBM Langflow Code Injection Vulnerability
kev_entry,2026-08-05,exploited_in_wild,CVE-2026-63077,JetBrains,TeamCity,1,same-year CVE; JetBrains TeamCity Deserialization of Untrusted Data Vulnerability
kev_entry,2026-08-07,exploited_in_wild,CVE-2026-8037,Progress,LoadMaster,1,same-year CVE; Progress LoadMaster Command Injection Vulnerability
kev_entry,2026-08-11,exploited_in_wild,CVE-2026-20349,Cisco,Secure Firewall Adaptive Security Appliance (ASA) and Secure Firewall Threat Defense (FTD),1,same-year CVE; Cisco Secure Firewall Adaptive Security Appliance (ASA) and Secure Firewall Threat Defense (FTD) Heap Inspecti
kev_entry,2026-08-11,exploited_in_wild,CVE-2026-68820,Microsoft,Windows Ancillary Function Driver for WinSock,1,same-year CVE; Microsoft Windows Ancillary Function Driver for WinSock Use-After-Free Vulnerability
kev_entry,2026-08-11,exploited_in_wild,CVE-2026-72898,Metabase,Metabase,1,same-year CVE; Metabase SQL Injection Vulnerability
kev_entry,2026-08-17,exploited_in_wild,CVE-2025-62593,Ray-Project,Ray,1,older CVE; Ray-Project Ray Code Injection Vulnerability
kev_entry,2026-08-18,exploited_in_wild,CVE-2026-33824,Microsoft,Internet Key Exchange (IKE) Service Extensions,1,same-year CVE; Microsoft Internet Key Exchange (IKE) Service Extensions Double Free Vulnerability
kev_entry,2026-08-18,exploited_in_wild,CVE-2026-55040,Microsoft,SharePoint,1,same-year CVE; Microsoft SharePoint Weak Authentication Vulnerability
kev_entry,2026-08-18,exploited_in_wild,CVE-2026-59310,Broadcom,VMware vCenter,1,same-year CVE; Broadcom VMware vCenter Path Traversal Vulnerability
kev_entry,2026-08-18,exploited_in_wild,CVE-2026-65400,Apple,macOS,1,same-year CVE; Apple macOS Improper Authentication Vulnerability
kev_entry,2026-08-19,exploited_in_wild,CVE-2026-64849,MLflow,MLflow,1,same-year CVE; MLflow Server-Side Request Forgery Vulnerability
kev_entry,2026-08-20,exploited_in_wild,CVE-2026-72529,TrueConf,Server,1,same-year CVE; TrueConf Server Missing Authentication for Critical Function Vulnerability
kev_entry,2026-08-20,exploited_in_wild,CVE-2026-72530,TrueConf,Server,1,same-year CVE; TrueConf Server Code Injection Vulnerability
kev_entry,2026-08-21,exploited_in_wild,CVE-2026-73570,Synacor,Zimbra Collaboration Suite (ZCS),1,same-year CVE; Zimbra Collaboration Suite (ZCS) OS Command Injection Vulnerability
kev_entry,2026-08-24,exploited_in_wild,CVE-2026-21962,Oracle,HTTP Server and Oracle Weblogic Server Proxy Plug-in,1,same-year CVE; Oracle HTTP Server and Oracle Weblogic Server Proxy Plug-in Improper Access Control Vulnerability
kev_entry,2026-08-25,exploited_in_wild,CVE-2026-60004,Gitea,Gitea,1,same-year CVE; Gitea Code Injection Vulnerability
kev_entry,2026-08-26,exploited_in_wild,CVE-2015-3246,Red Hat,Libuser,1,older CVE; Red Hat Libuser Race Condition Vulnerability
kev_entry,2026-08-26,exploited_in_wild,CVE-2015-5287,Red Hat,Automatic Bug Reporting Tool,1,older CVE; Red Hat Automatic Bug Reporting Tool Privilege Escalation Vulnerability
kev_entry,2026-08-26,exploited_in_wild,CVE-2019-1068,Microsoft,SQL Server,1,older CVE; Microsoft SQL Server Remote Code Execution Vulnerability
kev_entry,2026-08-26,exploited_in_wild,CVE-2021-23758,Ajax.NET Professional,Ajax.NET Professional,1,older CVE; Ajax.NET Professional Deserialization of Untrusted Data Vulnerability
kev_entry,2026-08-26,exploited_in_wild,CVE-2022-0995,Linux,Kernel,1,older CVE; Linux Kernel Out-of-Bounds Write Vulnerability
kev_entry,2026-08-26,exploited_in_wild,CVE-2026-8452,Citrix,NetScaler ADC and NetScaler Gateway,1,same-year CVE; Citrix NetScaler ADC and NetScaler Gateway Improper Restriction of Operations within the Bounds of a Memory Bu
kev_entry,2026-08-27,exploited_in_wild,CVE-2023-49105,ownCloud,ownCloud,1,older CVE; ownCloud Improper Authentication Vulnerability
kev_entry,2026-08-27,exploited_in_wild,CVE-2026-53362,Linux,Kernel,1,same-year CVE; Linux Kernel Unspecified Vulnerability
kev_entry,2026-08-27,exploited_in_wild,CVE-2026-66384,JFrog,Artifactory,1,same-year CVE; JFrog Artifactory Improper Limitation of a Pathname to a Restricted Directory Vulnerability
kev_entry,2026-08-31,exploited_in_wild,CVE-2026-81578,PaperCut,NG/MF,1,same-year CVE; PaperCut NG/MF Missing Authentication for Critical Function Vulnerability
kev_entry,2026-08-31,exploited_in_wild,CVE-2026-82078,PaperCut,NG/MF,1,same-year CVE; PaperCut NG/MF Unsafe Reflection Vulnerability
kev_entry,2026-09-02,exploited_in_wild,CVE-2026-48710,Kludex,Starlette,1,same-year CVE; Kludex Starlette HTTP Request/Response Smuggling Vulnerability
kev_entry,2026-09-02,exploited_in_wild,CVE-2026-49869,Kestra,Kestra OSS,1,same-year CVE; Kestra OSS OS Command Injection Vulnerability
kev_entry,2026-09-02,exploited_in_wild,CVE-2026-59822,BerriAI,LiteLLM,1,same-year CVE; BerriAI LiteLLM Improper Authentication Vulnerability
kev_entry,2026-09-02,exploited_in_wild,CVE-2026-82329,JFrog,Artifactory,1,same-year CVE; JFrog Artifactory Improper Authentication Vulnerability
kev_entry,2026-09-02,exploited_in_wild,CVE-2026-83548,SonicWall,SMA1000 Appliances,1,same-year CVE; SonicWall SMA1000 Appliances Server-Side Request Forgery Vulnerability
kev_entry,2026-09-02,exploited_in_wild,CVE-2026-83549,SonicWall,SMA1000 Appliances,1,same-year CVE; SonicWall SMA1000 Appliances OS Command Injection Vulnerability
kev_entry,2026-09-02,exploited_in_wild,CVE-2026-9586,Sangoma,Switchvox,1,same-year CVE; Sangoma Switchvox SQL Injection Vulnerability
kev_entry,2026-09-04,exploited_in_wild,CVE-2026-85046,Google,Chromium V8,1,same-year CVE; Google Chromium V8 Type Confusion Vulnerability
kev_weekly,2021-11-01,total,,CISA KEV,,287,
kev_weekly,2021-11-01,same_year_cve,,CISA KEV,,107,
kev_weekly,2021-11-01,older_cve,,CISA KEV,,180,
kev_weekly,2021-11-01,ransomware_linked,,CISA KEV,,76,
kev_weekly,2021-11-08,total,,CISA KEV,,0,
kev_weekly,2021-11-08,same_year_cve,,CISA KEV,,0,
kev_weekly,2021-11-08,older_cve,,CISA KEV,,0,
kev_weekly,2021-11-08,ransomware_linked,,CISA KEV,,0,
kev_weekly,2021-11-15,total,,CISA KEV,,4,
kev_weekly,2021-11-15,same_year_cve,,CISA KEV,,4,
kev_weekly,2021-11-15,older_cve,,CISA KEV,,0,
kev_weekly,2021-11-15,ransomware_linked,,CISA KEV,,2,
kev_weekly,2021-11-22,total,,CISA KEV,,0,
kev_weekly,2021-11-22,same_year_cve,,CISA KEV,,0,
kev_weekly,2021-11-22,older_cve,,CISA KEV,,0,
kev_weekly,2021-11-22,ransomware_linked,,CISA KEV,,0,
kev_weekly,2021-11-29,total,,CISA KEV,,5,
kev_weekly,2021-11-29,same_year_cve,,CISA KEV,,3,
kev_weekly,2021-11-29,older_cve,,CISA KEV,,2,
kev_weekly,2021-11-29,ransomware_linked,,CISA KEV,,1,
kev_weekly,2021-12-06,total,,CISA KEV,,13,
kev_weekly,2021-12-06,same_year_cve,,CISA KEV,,4,
kev_weekly,2021-12-06,older_cve,,CISA KEV,,9,
kev_weekly,2021-12-06,ransomware_linked,,CISA KEV,,2,
kev_weekly,2021-12-13,total,,CISA KEV,,2,
kev_weekly,2021-12-13,same_year_cve,,CISA KEV,,2,
kev_weekly,2021-12-13,older_cve,,CISA KEV,,0,
kev_weekly,2021-12-13,ransomware_linked,,CISA KEV,,1,
kev_weekly,2021-12-20,total,,CISA KEV,,0,
kev_weekly,2021-12-20,same_year_cve,,CISA KEV,,0,
kev_weekly,2021-12-20,older_cve,,CISA KEV,,0,
kev_weekly,2021-12-20,ransomware_linked,,CISA KEV,,0,
kev_weekly,2021-12-27,total,,CISA KEV,,0,
kev_weekly,2021-12-27,same_year_cve,,CISA KEV,,0,
kev_weekly,2021-12-27,older_cve,,CISA KEV,,0,
kev_weekly,2021-12-27,ransomware_linked,,CISA KEV,,0,
kev_weekly,2022-01-03,total,,CISA KEV,,0,
kev_weekly,2022-01-03,same_year_cve,,CISA KEV,,0,
kev_weekly,2022-01-03,older_cve,,CISA KEV,,0,
kev_weekly,2022-01-03,ransomware_linked,,CISA KEV,,0,
kev_weekly,2022-01-10,total,,CISA KEV,,15,
kev_weekly,2022-01-10,same_year_cve,,CISA KEV,,0,
kev_weekly,2022-01-10,older_cve,,CISA KEV,,15,
kev_weekly,2022-01-10,ransomware_linked,,CISA KEV,,5,
kev_weekly,2022-01-17,total,,CISA KEV,,17,
kev_weekly,2022-01-17,same_year_cve,,CISA KEV,,0,
kev_weekly,2022-01-17,older_cve,,CISA KEV,,17,
kev_weekly,2022-01-17,ransomware_linked,,CISA KEV,,2,
kev_weekly,2022-01-24,total,,CISA KEV,,8,
kev_weekly,2022-01-24,same_year_cve,,CISA KEV,,1,
kev_weekly,2022-01-24,older_cve,,CISA KEV,,7,
kev_weekly,2022-01-24,ransomware_linked,,CISA KEV,,2,
kev_weekly,2022-01-31,total,,CISA KEV,,1,
kev_weekly,2022-01-31,same_year_cve,,CISA KEV,,1,
kev_weekly,2022-01-31,older_cve,,CISA KEV,,0,
kev_weekly,2022-01-31,ransomware_linked,,CISA KEV,,1,
kev_weekly,2022-02-07,total,,CISA KEV,,16,
kev_weekly,2022-02-07,same_year_cve,,CISA KEV,,1,
kev_weekly,2022-02-07,older_cve,,CISA KEV,,15,
kev_weekly,2022-02-07,ransomware_linked,,CISA KEV,,4,
kev_weekly,2022-02-14,total,,CISA KEV,,9,
kev_weekly,2022-02-14,same_year_cve,,CISA KEV,,2,
kev_weekly,2022-02-14,older_cve,,CISA KEV,,7,
kev_weekly,2022-02-14,ransomware_linked,,CISA KEV,,4,
kev_weekly,2022-02-21,total,,CISA KEV,,6,
kev_weekly,2022-02-21,same_year_cve,,CISA KEV,,3,
kev_weekly,2022-02-21,older_cve,,CISA KEV,,3,
kev_weekly,2022-02-21,ransomware_linked,,CISA KEV,,1,
kev_weekly,2022-02-28,total,,CISA KEV,,95,
kev_weekly,2022-02-28,same_year_cve,,CISA KEV,,5,
kev_weekly,2022-02-28,older_cve,,CISA KEV,,90,
kev_weekly,2022-02-28,ransomware_linked,,CISA KEV,,12,
kev_weekly,2022-03-07,total,,CISA KEV,,11,
kev_weekly,2022-03-07,same_year_cve,,CISA KEV,,2,
kev_weekly,2022-03-07,older_cve,,CISA KEV,,9,
kev_weekly,2022-03-07,ransomware_linked,,CISA KEV,,1,
kev_weekly,2022-03-14,total,,CISA KEV,,15,
kev_weekly,2022-03-14,same_year_cve,,CISA KEV,,0,
kev_weekly,2022-03-14,older_cve,,CISA KEV,,15,
kev_weekly,2022-03-14,ransomware_linked,,CISA KEV,,14,
kev_weekly,2022-03-21,total,,CISA KEV,,66,
kev_weekly,2022-03-21,same_year_cve,,CISA KEV,,3,
kev_weekly,2022-03-21,older_cve,,CISA KEV,,63,
kev_weekly,2022-03-21,ransomware_linked,,CISA KEV,,11,
kev_weekly,2022-03-28,total,,CISA KEV,,39,
kev_weekly,2022-03-28,same_year_cve,,CISA KEV,,4,
kev_weekly,2022-03-28,older_cve,,CISA KEV,,35,
kev_weekly,2022-03-28,ransomware_linked,,CISA KEV,,13,
kev_weekly,2022-04-04,total,,CISA KEV,,7,
kev_weekly,2022-04-04,same_year_cve,,CISA KEV,,3,
kev_weekly,2022-04-04,older_cve,,CISA KEV,,4,
kev_weekly,2022-04-04,ransomware_linked,,CISA KEV,,1,
kev_weekly,2022-04-11,total,,CISA KEV,,28,
kev_weekly,2022-04-11,same_year_cve,,CISA KEV,,5,
kev_weekly,2022-04-11,older_cve,,CISA KEV,,23,
kev_weekly,2022-04-11,ransomware_linked,,CISA KEV,,7,
kev_weekly,2022-04-18,total,,CISA KEV,,3,
kev_weekly,2022-04-18,same_year_cve,,CISA KEV,,1,
kev_weekly,2022-04-18,older_cve,,CISA KEV,,2,
kev_weekly,2022-04-18,ransomware_linked,,CISA KEV,,1,
kev_weekly,2022-04-25,total,,CISA KEV,,7,
kev_weekly,2022-04-25,same_year_cve,,CISA KEV,,4,
kev_weekly,2022-04-25,older_cve,,CISA KEV,,3,
kev_weekly,2022-04-25,ransomware_linked,,CISA KEV,,1,
kev_weekly,2022-05-02,total,,CISA KEV,,5,
kev_weekly,2022-05-02,same_year_cve,,CISA KEV,,0,
kev_weekly,2022-05-02,older_cve,,CISA KEV,,5,
kev_weekly,2022-05-02,ransomware_linked,,CISA KEV,,0,
kev_weekly,2022-05-09,total,,CISA KEV,,1,
kev_weekly,2022-05-09,same_year_cve,,CISA KEV,,1,
kev_weekly,2022-05-09,older_cve,,CISA KEV,,0,
kev_weekly,2022-05-09,ransomware_linked,,CISA KEV,,1,
kev_weekly,2022-05-16,total,,CISA KEV,,2,
kev_weekly,2022-05-16,same_year_cve,,CISA KEV,,2,
kev_weekly,2022-05-16,older_cve,,CISA KEV,,0,
kev_weekly,2022-05-16,ransomware_linked,,CISA KEV,,0,
kev_weekly,2022-05-23,total,,CISA KEV,,75,
kev_weekly,2022-05-23,same_year_cve,,CISA KEV,,1,
kev_weekly,2022-05-23,older_cve,,CISA KEV,,74,
kev_weekly,2022-05-23,ransomware_linked,,CISA KEV,,17,
kev_weekly,2022-05-30,total,,CISA KEV,,1,
kev_weekly,2022-05-30,same_year_cve,,CISA KEV,,1,
kev_weekly,2022-05-30,older_cve,,CISA KEV,,0,
kev_weekly,2022-05-30,ransomware_linked,,CISA KEV,,1,
kev_weekly,2022-06-06,total,,CISA KEV,,38,
kev_weekly,2022-06-06,same_year_cve,,CISA KEV,,0,
kev_weekly,2022-06-06,older_cve,,CISA KEV,,38,
kev_weekly,2022-06-06,ransomware_linked,,CISA KEV,,4,
kev_weekly,2022-06-13,total,,CISA KEV,,1,
kev_weekly,2022-06-13,same_year_cve,,CISA KEV,,1,
kev_weekly,2022-06-13,older_cve,,CISA KEV,,0,
kev_weekly,2022-06-13,ransomware_linked,,CISA KEV,,1,
kev_weekly,2022-06-20,total,,CISA KEV,,0,
kev_weekly,2022-06-20,same_year_cve,,CISA KEV,,0,
kev_weekly,2022-06-20,older_cve,,CISA KEV,,0,
kev_weekly,2022-06-20,ransomware_linked,,CISA KEV,,0,
kev_weekly,2022-06-27,total,,CISA KEV,,9,
kev_weekly,2022-06-27,same_year_cve,,CISA KEV,,2,
kev_weekly,2022-06-27,older_cve,,CISA KEV,,7,
kev_weekly,2022-06-27,ransomware_linked,,CISA KEV,,2,
kev_weekly,2022-07-04,total,,CISA KEV,,0,
kev_weekly,2022-07-04,same_year_cve,,CISA KEV,,0,
kev_weekly,2022-07-04,older_cve,,CISA KEV,,0,
kev_weekly,2022-07-04,ransomware_linked,,CISA KEV,,0,
kev_weekly,2022-07-11,total,,CISA KEV,,1,
kev_weekly,2022-07-11,same_year_cve,,CISA KEV,,1,
kev_weekly,2022-07-11,older_cve,,CISA KEV,,0,
kev_weekly,2022-07-11,ransomware_linked,,CISA KEV,,0,
kev_weekly,2022-07-18,total,,CISA KEV,,0,
kev_weekly,2022-07-18,same_year_cve,,CISA KEV,,0,
kev_weekly,2022-07-18,older_cve,,CISA KEV,,0,
kev_weekly,2022-07-18,ransomware_linked,,CISA KEV,,0,
kev_weekly,2022-07-25,total,,CISA KEV,,1,
kev_weekly,2022-07-25,same_year_cve,,CISA KEV,,1,
kev_weekly,2022-07-25,older_cve,,CISA KEV,,0,
kev_weekly,2022-07-25,ransomware_linked,,CISA KEV,,0,
kev_weekly,2022-08-01,total,,CISA KEV,,1,
kev_weekly,2022-08-01,same_year_cve,,CISA KEV,,1,
kev_weekly,2022-08-01,older_cve,,CISA KEV,,0,
kev_weekly,2022-08-01,ransomware_linked,,CISA KEV,,1,
kev_weekly,2022-08-08,total,,CISA KEV,,4,
kev_weekly,2022-08-08,same_year_cve,,CISA KEV,,4,
kev_weekly,2022-08-08,older_cve,,CISA KEV,,0,
kev_weekly,2022-08-08,ransomware_linked,,CISA KEV,,3,
kev_weekly,2022-08-15,total,,CISA KEV,,7,
kev_weekly,2022-08-15,same_year_cve,,CISA KEV,,6,
kev_weekly,2022-08-15,older_cve,,CISA KEV,,1,
kev_weekly,2022-08-15,ransomware_linked,,CISA KEV,,0,
kev_weekly,2022-08-22,total,,CISA KEV,,11,
kev_weekly,2022-08-22,same_year_cve,,CISA KEV,,6,
kev_weekly,2022-08-22,older_cve,,CISA KEV,,5,
kev_weekly,2022-08-22,ransomware_linked,,CISA KEV,,2,
kev_weekly,2022-08-29,total,,CISA KEV,,0,
kev_weekly,2022-08-29,same_year_cve,,CISA KEV,,0,
kev_weekly,2022-08-29,older_cve,,CISA KEV,,0,
kev_weekly,2022-08-29,ransomware_linked,,CISA KEV,,0,
kev_weekly,2022-09-05,total,,CISA KEV,,11,
kev_weekly,2022-09-05,same_year_cve,,CISA KEV,,3,
kev_weekly,2022-09-05,older_cve,,CISA KEV,,8,
kev_weekly,2022-09-05,ransomware_linked,,CISA KEV,,3,
kev_weekly,2022-09-12,total,,CISA KEV,,8,
kev_weekly,2022-09-12,same_year_cve,,CISA KEV,,3,
kev_weekly,2022-09-12,older_cve,,CISA KEV,,5,
kev_weekly,2022-09-12,ransomware_linked,,CISA KEV,,1,
kev_weekly,2022-09-19,total,,CISA KEV,,2,
kev_weekly,2022-09-19,same_year_cve,,CISA KEV,,2,
kev_weekly,2022-09-19,older_cve,,CISA KEV,,0,
kev_weekly,2022-09-19,ransomware_linked,,CISA KEV,,0,
kev_weekly,2022-09-26,total,,CISA KEV,,3,
kev_weekly,2022-09-26,same_year_cve,,CISA KEV,,3,
kev_weekly,2022-09-26,older_cve,,CISA KEV,,0,
kev_weekly,2022-09-26,ransomware_linked,,CISA KEV,,2,
kev_weekly,2022-10-03,total,,CISA KEV,,0,
kev_weekly,2022-10-03,same_year_cve,,CISA KEV,,0,
kev_weekly,2022-10-03,older_cve,,CISA KEV,,0,
kev_weekly,2022-10-03,ransomware_linked,,CISA KEV,,0,
kev_weekly,2022-10-10,total,,CISA KEV,,2,
kev_weekly,2022-10-10,same_year_cve,,CISA KEV,,2,
kev_weekly,2022-10-10,older_cve,,CISA KEV,,0,
kev_weekly,2022-10-10,ransomware_linked,,CISA KEV,,1,
kev_weekly,2022-10-17,total,,CISA KEV,,2,
kev_weekly,2022-10-17,same_year_cve,,CISA KEV,,1,
kev_weekly,2022-10-17,older_cve,,CISA KEV,,1,
kev_weekly,2022-10-17,ransomware_linked,,CISA KEV,,0,
kev_weekly,2022-10-24,total,,CISA KEV,,8,
kev_weekly,2022-10-24,same_year_cve,,CISA KEV,,2,
kev_weekly,2022-10-24,older_cve,,CISA KEV,,6,
kev_weekly,2022-10-24,ransomware_linked,,CISA KEV,,6,
kev_weekly,2022-10-31,total,,CISA KEV,,0,
kev_weekly,2022-10-31,same_year_cve,,CISA KEV,,0,
kev_weekly,2022-10-31,older_cve,,CISA KEV,,0,
kev_weekly,2022-10-31,ransomware_linked,,CISA KEV,,0,
kev_weekly,2022-11-07,total,,CISA KEV,,7,
kev_weekly,2022-11-07,same_year_cve,,CISA KEV,,4,
kev_weekly,2022-11-07,older_cve,,CISA KEV,,3,
kev_weekly,2022-11-07,ransomware_linked,,CISA KEV,,2,
kev_weekly,2022-11-14,total,,CISA KEV,,1,
kev_weekly,2022-11-14,same_year_cve,,CISA KEV,,1,
kev_weekly,2022-11-14,older_cve,,CISA KEV,,0,
kev_weekly,2022-11-14,ransomware_linked,,CISA KEV,,0,
kev_weekly,2022-11-21,total,,CISA KEV,,0,
kev_weekly,2022-11-21,same_year_cve,,CISA KEV,,0,
kev_weekly,2022-11-21,older_cve,,CISA KEV,,0,
kev_weekly,2022-11-21,ransomware_linked,,CISA KEV,,0,
kev_weekly,2022-11-28,total,,CISA KEV,,2,
kev_weekly,2022-11-28,same_year_cve,,CISA KEV,,1,
kev_weekly,2022-11-28,older_cve,,CISA KEV,,1,
kev_weekly,2022-11-28,ransomware_linked,,CISA KEV,,0,
kev_weekly,2022-12-05,total,,CISA KEV,,1,
kev_weekly,2022-12-05,same_year_cve,,CISA KEV,,1,
kev_weekly,2022-12-05,older_cve,,CISA KEV,,0,
kev_weekly,2022-12-05,ransomware_linked,,CISA KEV,,0,
kev_weekly,2022-12-12,total,,CISA KEV,,6,
kev_weekly,2022-12-12,same_year_cve,,CISA KEV,,6,
kev_weekly,2022-12-12,older_cve,,CISA KEV,,0,
kev_weekly,2022-12-12,ransomware_linked,,CISA KEV,,4,
kev_weekly,2022-12-19,total,,CISA KEV,,0,
kev_weekly,2022-12-19,same_year_cve,,CISA KEV,,0,
kev_weekly,2022-12-19,older_cve,,CISA KEV,,0,
kev_weekly,2022-12-19,ransomware_linked,,CISA KEV,,0,
kev_weekly,2022-12-26,total,,CISA KEV,,2,
kev_weekly,2022-12-26,same_year_cve,,CISA KEV,,0,
kev_weekly,2022-12-26,older_cve,,CISA KEV,,2,
kev_weekly,2022-12-26,ransomware_linked,,CISA KEV,,0,
kev_weekly,2023-01-02,total,,CISA KEV,,0,
kev_weekly,2023-01-02,same_year_cve,,CISA KEV,,0,
kev_weekly,2023-01-02,older_cve,,CISA KEV,,0,
kev_weekly,2023-01-02,ransomware_linked,,CISA KEV,,0,
kev_weekly,2023-01-09,total,,CISA KEV,,2,
kev_weekly,2023-01-09,same_year_cve,,CISA KEV,,1,
kev_weekly,2023-01-09,older_cve,,CISA KEV,,1,
kev_weekly,2023-01-09,ransomware_linked,,CISA KEV,,1,
kev_weekly,2023-01-16,total,,CISA KEV,,1,
kev_weekly,2023-01-16,same_year_cve,,CISA KEV,,0,
kev_weekly,2023-01-16,older_cve,,CISA KEV,,1,
kev_weekly,2023-01-16,ransomware_linked,,CISA KEV,,0,
kev_weekly,2023-01-23,total,,CISA KEV,,2,
kev_weekly,2023-01-23,same_year_cve,,CISA KEV,,0,
kev_weekly,2023-01-23,older_cve,,CISA KEV,,2,
kev_weekly,2023-01-23,ransomware_linked,,CISA KEV,,2,
kev_weekly,2023-01-30,total,,CISA KEV,,2,
kev_weekly,2023-01-30,same_year_cve,,CISA KEV,,1,
kev_weekly,2023-01-30,older_cve,,CISA KEV,,1,
kev_weekly,2023-01-30,ransomware_linked,,CISA KEV,,1,
kev_weekly,2023-02-06,total,,CISA KEV,,3,
kev_weekly,2023-02-06,same_year_cve,,CISA KEV,,1,
kev_weekly,2023-02-06,older_cve,,CISA KEV,,2,
kev_weekly,2023-02-06,ransomware_linked,,CISA KEV,,3,
kev_weekly,2023-02-13,total,,CISA KEV,,5,
kev_weekly,2023-02-13,same_year_cve,,CISA KEV,,4,
kev_weekly,2023-02-13,older_cve,,CISA KEV,,1,
kev_weekly,2023-02-13,ransomware_linked,,CISA KEV,,1,
kev_weekly,2023-02-20,total,,CISA KEV,,3,
kev_weekly,2023-02-20,same_year_cve,,CISA KEV,,0,
kev_weekly,2023-02-20,older_cve,,CISA KEV,,3,
kev_weekly,2023-02-20,ransomware_linked,,CISA KEV,,3,
kev_weekly,2023-02-27,total,,CISA KEV,,1,
kev_weekly,2023-02-27,same_year_cve,,CISA KEV,,0,
kev_weekly,2023-02-27,older_cve,,CISA KEV,,1,
kev_weekly,2023-02-27,ransomware_linked,,CISA KEV,,1,
kev_weekly,2023-03-06,total,,CISA KEV,,5,
kev_weekly,2023-03-06,same_year_cve,,CISA KEV,,0,
kev_weekly,2023-03-06,older_cve,,CISA KEV,,5,
kev_weekly,2023-03-06,ransomware_linked,,CISA KEV,,0,
kev_weekly,2023-03-13,total,,CISA KEV,,4,
kev_weekly,2023-03-13,same_year_cve,,CISA KEV,,3,
kev_weekly,2023-03-13,older_cve,,CISA KEV,,1,
kev_weekly,2023-03-13,ransomware_linked,,CISA KEV,,1,
kev_weekly,2023-03-20,total,,CISA KEV,,0,
kev_weekly,2023-03-20,same_year_cve,,CISA KEV,,0,
kev_weekly,2023-03-20,older_cve,,CISA KEV,,0,
kev_weekly,2023-03-20,ransomware_linked,,CISA KEV,,0,
kev_weekly,2023-03-27,total,,CISA KEV,,9,
kev_weekly,2023-03-27,same_year_cve,,CISA KEV,,1,
kev_weekly,2023-03-27,older_cve,,CISA KEV,,8,
kev_weekly,2023-03-27,ransomware_linked,,CISA KEV,,1,
kev_weekly,2023-04-03,total,,CISA KEV,,6,
kev_weekly,2023-04-03,same_year_cve,,CISA KEV,,1,
kev_weekly,2023-04-03,older_cve,,CISA KEV,,5,
kev_weekly,2023-04-03,ransomware_linked,,CISA KEV,,4,
kev_weekly,2023-04-10,total,,CISA KEV,,5,
kev_weekly,2023-04-10,same_year_cve,,CISA KEV,,5,
kev_weekly,2023-04-10,older_cve,,CISA KEV,,0,
kev_weekly,2023-04-10,ransomware_linked,,CISA KEV,,1,
kev_weekly,2023-04-17,total,,CISA KEV,,6,
kev_weekly,2023-04-17,same_year_cve,,CISA KEV,,4,
kev_weekly,2023-04-17,older_cve,,CISA KEV,,2,
kev_weekly,2023-04-17,ransomware_linked,,CISA KEV,,1,
kev_weekly,2023-04-24,total,,CISA KEV,,0,
kev_weekly,2023-04-24,same_year_cve,,CISA KEV,,0,
kev_weekly,2023-04-24,older_cve,,CISA KEV,,0,
kev_weekly,2023-04-24,ransomware_linked,,CISA KEV,,0,
kev_weekly,2023-05-01,total,,CISA KEV,,3,
kev_weekly,2023-05-01,same_year_cve,,CISA KEV,,2,
kev_weekly,2023-05-01,older_cve,,CISA KEV,,1,
kev_weekly,2023-05-01,ransomware_linked,,CISA KEV,,1,
kev_weekly,2023-05-08,total,,CISA KEV,,8,
kev_weekly,2023-05-08,same_year_cve,,CISA KEV,,2,
kev_weekly,2023-05-08,older_cve,,CISA KEV,,6,
kev_weekly,2023-05-08,ransomware_linked,,CISA KEV,,0,
kev_weekly,2023-05-15,total,,CISA KEV,,3,
kev_weekly,2023-05-15,same_year_cve,,CISA KEV,,1,
kev_weekly,2023-05-15,older_cve,,CISA KEV,,2,
kev_weekly,2023-05-15,ransomware_linked,,CISA KEV,,0,
kev_weekly,2023-05-22,total,,CISA KEV,,4,
kev_weekly,2023-05-22,same_year_cve,,CISA KEV,,4,
kev_weekly,2023-05-22,older_cve,,CISA KEV,,0,
kev_weekly,2023-05-22,ransomware_linked,,CISA KEV,,0,
kev_weekly,2023-05-29,total,,CISA KEV,,2,
kev_weekly,2023-05-29,same_year_cve,,CISA KEV,,2,
kev_weekly,2023-05-29,older_cve,,CISA KEV,,0,
kev_weekly,2023-05-29,ransomware_linked,,CISA KEV,,1,
kev_weekly,2023-06-05,total,,CISA KEV,,3,
kev_weekly,2023-06-05,same_year_cve,,CISA KEV,,3,
kev_weekly,2023-06-05,older_cve,,CISA KEV,,0,
kev_weekly,2023-06-05,ransomware_linked,,CISA KEV,,0,
kev_weekly,2023-06-12,total,,CISA KEV,,1,
kev_weekly,2023-06-12,same_year_cve,,CISA KEV,,1,
kev_weekly,2023-06-12,older_cve,,CISA KEV,,0,
kev_weekly,2023-06-12,ransomware_linked,,CISA KEV,,1,
kev_weekly,2023-06-19,total,,CISA KEV,,11,
kev_weekly,2023-06-19,same_year_cve,,CISA KEV,,6,
kev_weekly,2023-06-19,older_cve,,CISA KEV,,5,
kev_weekly,2023-06-19,ransomware_linked,,CISA KEV,,0,
kev_weekly,2023-06-26,total,,CISA KEV,,8,
kev_weekly,2023-06-26,same_year_cve,,CISA KEV,,0,
kev_weekly,2023-06-26,older_cve,,CISA KEV,,8,
kev_weekly,2023-06-26,ransomware_linked,,CISA KEV,,0,
kev_weekly,2023-07-03,total,,CISA KEV,,1,
kev_weekly,2023-07-03,same_year_cve,,CISA KEV,,0,
kev_weekly,2023-07-03,older_cve,,CISA KEV,,1,
kev_weekly,2023-07-03,ransomware_linked,,CISA KEV,,0,
kev_weekly,2023-07-10,total,,CISA KEV,,7,
kev_weekly,2023-07-10,same_year_cve,,CISA KEV,,5,
kev_weekly,2023-07-10,older_cve,,CISA KEV,,2,
kev_weekly,2023-07-10,ransomware_linked,,CISA KEV,,1,
kev_weekly,2023-07-17,total,,CISA KEV,,4,
kev_weekly,2023-07-17,same_year_cve,,CISA KEV,,4,
kev_weekly,2023-07-17,older_cve,,CISA KEV,,0,
kev_weekly,2023-07-17,ransomware_linked,,CISA KEV,,2,
kev_weekly,2023-07-24,total,,CISA KEV,,3,
kev_weekly,2023-07-24,same_year_cve,,CISA KEV,,3,
kev_weekly,2023-07-24,older_cve,,CISA KEV,,0,
kev_weekly,2023-07-24,ransomware_linked,,CISA KEV,,1,
kev_weekly,2023-07-31,total,,CISA KEV,,1,
kev_weekly,2023-07-31,same_year_cve,,CISA KEV,,1,
kev_weekly,2023-07-31,older_cve,,CISA KEV,,0,
kev_weekly,2023-07-31,ransomware_linked,,CISA KEV,,0,
kev_weekly,2023-08-07,total,,CISA KEV,,2,
kev_weekly,2023-08-07,same_year_cve,,CISA KEV,,1,
kev_weekly,2023-08-07,older_cve,,CISA KEV,,1,
kev_weekly,2023-08-07,ransomware_linked,,CISA KEV,,0,
kev_weekly,2023-08-14,total,,CISA KEV,,1,
kev_weekly,2023-08-14,same_year_cve,,CISA KEV,,1,
kev_weekly,2023-08-14,older_cve,,CISA KEV,,0,
kev_weekly,2023-08-14,ransomware_linked,,CISA KEV,,0,
kev_weekly,2023-08-21,total,,CISA KEV,,5,
kev_weekly,2023-08-21,same_year_cve,,CISA KEV,,5,
kev_weekly,2023-08-21,older_cve,,CISA KEV,,0,
kev_weekly,2023-08-21,ransomware_linked,,CISA KEV,,3,
kev_weekly,2023-08-28,total,,CISA KEV,,0,
kev_weekly,2023-08-28,same_year_cve,,CISA KEV,,0,
kev_weekly,2023-08-28,older_cve,,CISA KEV,,0,
kev_weekly,2023-08-28,ransomware_linked,,CISA KEV,,0,
kev_weekly,2023-09-04,total,,CISA KEV,,1,
kev_weekly,2023-09-04,same_year_cve,,CISA KEV,,1,
kev_weekly,2023-09-04,older_cve,,CISA KEV,,0,
kev_weekly,2023-09-04,ransomware_linked,,CISA KEV,,0,
kev_weekly,2023-09-11,total,,CISA KEV,,8,
kev_weekly,2023-09-11,same_year_cve,,CISA KEV,,8,
kev_weekly,2023-09-11,older_cve,,CISA KEV,,0,
kev_weekly,2023-09-11,ransomware_linked,,CISA KEV,,1,
kev_weekly,2023-09-18,total,,CISA KEV,,6,
kev_weekly,2023-09-18,same_year_cve,,CISA KEV,,2,
kev_weekly,2023-09-18,older_cve,,CISA KEV,,4,
kev_weekly,2023-09-18,ransomware_linked,,CISA KEV,,2,
kev_weekly,2023-09-25,total,,CISA KEV,,4,
kev_weekly,2023-09-25,same_year_cve,,CISA KEV,,3,
kev_weekly,2023-09-25,older_cve,,CISA KEV,,1,
kev_weekly,2023-09-25,ransomware_linked,,CISA KEV,,0,
kev_weekly,2023-10-02,total,,CISA KEV,,7,
kev_weekly,2023-10-02,same_year_cve,,CISA KEV,,7,
kev_weekly,2023-10-02,older_cve,,CISA KEV,,0,
kev_weekly,2023-10-02,ransomware_linked,,CISA KEV,,3,
kev_weekly,2023-10-09,total,,CISA KEV,,5,
kev_weekly,2023-10-09,same_year_cve,,CISA KEV,,5,
kev_weekly,2023-10-09,older_cve,,CISA KEV,,0,
kev_weekly,2023-10-09,ransomware_linked,,CISA KEV,,0,
kev_weekly,2023-10-16,total,,CISA KEV,,2,
kev_weekly,2023-10-16,same_year_cve,,CISA KEV,,2,
kev_weekly,2023-10-16,older_cve,,CISA KEV,,0,
kev_weekly,2023-10-16,ransomware_linked,,CISA KEV,,1,
kev_weekly,2023-10-23,total,,CISA KEV,,2,
kev_weekly,2023-10-23,same_year_cve,,CISA KEV,,2,
kev_weekly,2023-10-23,older_cve,,CISA KEV,,0,
kev_weekly,2023-10-23,ransomware_linked,,CISA KEV,,0,
kev_weekly,2023-10-30,total,,CISA KEV,,3,
kev_weekly,2023-10-30,same_year_cve,,CISA KEV,,3,
kev_weekly,2023-10-30,older_cve,,CISA KEV,,0,
kev_weekly,2023-10-30,ransomware_linked,,CISA KEV,,2,
kev_weekly,2023-11-06,total,,CISA KEV,,2,
kev_weekly,2023-11-06,same_year_cve,,CISA KEV,,2,
kev_weekly,2023-11-06,older_cve,,CISA KEV,,0,
kev_weekly,2023-11-06,ransomware_linked,,CISA KEV,,1,
kev_weekly,2023-11-13,total,,CISA KEV,,12,
kev_weekly,2023-11-13,same_year_cve,,CISA KEV,,11,
kev_weekly,2023-11-13,older_cve,,CISA KEV,,1,
kev_weekly,2023-11-13,ransomware_linked,,CISA KEV,,1,
kev_weekly,2023-11-20,total,,CISA KEV,,1,
kev_weekly,2023-11-20,same_year_cve,,CISA KEV,,1,
kev_weekly,2023-11-20,older_cve,,CISA KEV,,0,
kev_weekly,2023-11-20,ransomware_linked,,CISA KEV,,0,
kev_weekly,2023-11-27,total,,CISA KEV,,2,
kev_weekly,2023-11-27,same_year_cve,,CISA KEV,,2,
kev_weekly,2023-11-27,older_cve,,CISA KEV,,0,
kev_weekly,2023-11-27,ransomware_linked,,CISA KEV,,0,
kev_weekly,2023-12-04,total,,CISA KEV,,8,
kev_weekly,2023-12-04,same_year_cve,,CISA KEV,,7,
kev_weekly,2023-12-04,older_cve,,CISA KEV,,1,
kev_weekly,2023-12-04,ransomware_linked,,CISA KEV,,2,
kev_weekly,2023-12-11,total,,CISA KEV,,1,
kev_weekly,2023-12-11,same_year_cve,,CISA KEV,,1,
kev_weekly,2023-12-11,older_cve,,CISA KEV,,0,
kev_weekly,2023-12-11,ransomware_linked,,CISA KEV,,0,
kev_weekly,2023-12-18,total,,CISA KEV,,2,
kev_weekly,2023-12-18,same_year_cve,,CISA KEV,,2,
kev_weekly,2023-12-18,older_cve,,CISA KEV,,0,
kev_weekly,2023-12-18,ransomware_linked,,CISA KEV,,0,
kev_weekly,2023-12-25,total,,CISA KEV,,0,
kev_weekly,2023-12-25,same_year_cve,,CISA KEV,,0,
kev_weekly,2023-12-25,older_cve,,CISA KEV,,0,
kev_weekly,2023-12-25,ransomware_linked,,CISA KEV,,0,
kev_weekly,2024-01-01,total,,CISA KEV,,2,
kev_weekly,2024-01-01,same_year_cve,,CISA KEV,,0,
kev_weekly,2024-01-01,older_cve,,CISA KEV,,2,
kev_weekly,2024-01-01,ransomware_linked,,CISA KEV,,0,
kev_weekly,2024-01-08,total,,CISA KEV,,9,
kev_weekly,2024-01-08,same_year_cve,,CISA KEV,,1,
kev_weekly,2024-01-08,older_cve,,CISA KEV,,8,
kev_weekly,2024-01-08,ransomware_linked,,CISA KEV,,5,
kev_weekly,2024-01-15,total,,CISA KEV,,5,
kev_weekly,2024-01-15,same_year_cve,,CISA KEV,,1,
kev_weekly,2024-01-15,older_cve,,CISA KEV,,4,
kev_weekly,2024-01-15,ransomware_linked,,CISA KEV,,1,
kev_weekly,2024-01-22,total,,CISA KEV,,3,
kev_weekly,2024-01-22,same_year_cve,,CISA KEV,,1,
kev_weekly,2024-01-22,older_cve,,CISA KEV,,2,
kev_weekly,2024-01-22,ransomware_linked,,CISA KEV,,1,
kev_weekly,2024-01-29,total,,CISA KEV,,2,
kev_weekly,2024-01-29,same_year_cve,,CISA KEV,,1,
kev_weekly,2024-01-29,older_cve,,CISA KEV,,1,
kev_weekly,2024-01-29,ransomware_linked,,CISA KEV,,1,
kev_weekly,2024-02-05,total,,CISA KEV,,2,
kev_weekly,2024-02-05,same_year_cve,,CISA KEV,,1,
kev_weekly,2024-02-05,older_cve,,CISA KEV,,1,
kev_weekly,2024-02-05,ransomware_linked,,CISA KEV,,1,
kev_weekly,2024-02-12,total,,CISA KEV,,5,
kev_weekly,2024-02-12,same_year_cve,,CISA KEV,,3,
kev_weekly,2024-02-12,older_cve,,CISA KEV,,2,
kev_weekly,2024-02-12,ransomware_linked,,CISA KEV,,2,
kev_weekly,2024-02-19,total,,CISA KEV,,1,
kev_weekly,2024-02-19,same_year_cve,,CISA KEV,,1,
kev_weekly,2024-02-19,older_cve,,CISA KEV,,0,
kev_weekly,2024-02-19,ransomware_linked,,CISA KEV,,1,
kev_weekly,2024-02-26,total,,CISA KEV,,1,
kev_weekly,2024-02-26,same_year_cve,,CISA KEV,,0,
kev_weekly,2024-02-26,older_cve,,CISA KEV,,1,
kev_weekly,2024-02-26,ransomware_linked,,CISA KEV,,0,
kev_weekly,2024-03-04,total,,CISA KEV,,6,
kev_weekly,2024-03-04,same_year_cve,,CISA KEV,,4,
kev_weekly,2024-03-04,older_cve,,CISA KEV,,2,
kev_weekly,2024-03-04,ransomware_linked,,CISA KEV,,2,
kev_weekly,2024-03-11,total,,CISA KEV,,0,
kev_weekly,2024-03-11,same_year_cve,,CISA KEV,,0,
kev_weekly,2024-03-11,older_cve,,CISA KEV,,0,
kev_weekly,2024-03-11,ransomware_linked,,CISA KEV,,0,
kev_weekly,2024-03-18,total,,CISA KEV,,0,
kev_weekly,2024-03-18,same_year_cve,,CISA KEV,,0,
kev_weekly,2024-03-18,older_cve,,CISA KEV,,0,
kev_weekly,2024-03-18,ransomware_linked,,CISA KEV,,0,
kev_weekly,2024-03-25,total,,CISA KEV,,4,
kev_weekly,2024-03-25,same_year_cve,,CISA KEV,,0,
kev_weekly,2024-03-25,older_cve,,CISA KEV,,4,
kev_weekly,2024-03-25,ransomware_linked,,CISA KEV,,3,
kev_weekly,2024-04-01,total,,CISA KEV,,2,
kev_weekly,2024-04-01,same_year_cve,,CISA KEV,,2,
kev_weekly,2024-04-01,older_cve,,CISA KEV,,0,
kev_weekly,2024-04-01,ransomware_linked,,CISA KEV,,0,
kev_weekly,2024-04-08,total,,CISA KEV,,3,
kev_weekly,2024-04-08,same_year_cve,,CISA KEV,,3,
kev_weekly,2024-04-08,older_cve,,CISA KEV,,0,
kev_weekly,2024-04-08,ransomware_linked,,CISA KEV,,1,
kev_weekly,2024-04-15,total,,CISA KEV,,0,
kev_weekly,2024-04-15,same_year_cve,,CISA KEV,,0,
kev_weekly,2024-04-15,older_cve,,CISA KEV,,0,
kev_weekly,2024-04-15,ransomware_linked,,CISA KEV,,0,
kev_weekly,2024-04-22,total,,CISA KEV,,4,
kev_weekly,2024-04-22,same_year_cve,,CISA KEV,,3,
kev_weekly,2024-04-22,older_cve,,CISA KEV,,1,
kev_weekly,2024-04-22,ransomware_linked,,CISA KEV,,0,
kev_weekly,2024-04-29,total,,CISA KEV,,2,
kev_weekly,2024-04-29,same_year_cve,,CISA KEV,,1,
kev_weekly,2024-04-29,older_cve,,CISA KEV,,1,
kev_weekly,2024-04-29,ransomware_linked,,CISA KEV,,0,
kev_weekly,2024-05-06,total,,CISA KEV,,0,
kev_weekly,2024-05-06,same_year_cve,,CISA KEV,,0,
kev_weekly,2024-05-06,older_cve,,CISA KEV,,0,
kev_weekly,2024-05-06,ransomware_linked,,CISA KEV,,0,
kev_weekly,2024-05-13,total,,CISA KEV,,6,
kev_weekly,2024-05-13,same_year_cve,,CISA KEV,,4,
kev_weekly,2024-05-13,older_cve,,CISA KEV,,2,
kev_weekly,2024-05-13,ransomware_linked,,CISA KEV,,1,
kev_weekly,2024-05-20,total,,CISA KEV,,3,
kev_weekly,2024-05-20,same_year_cve,,CISA KEV,,1,
kev_weekly,2024-05-20,older_cve,,CISA KEV,,2,
kev_weekly,2024-05-20,ransomware_linked,,CISA KEV,,1,
kev_weekly,2024-05-27,total,,CISA KEV,,4,
kev_weekly,2024-05-27,same_year_cve,,CISA KEV,,4,
kev_weekly,2024-05-27,older_cve,,CISA KEV,,0,
kev_weekly,2024-05-27,ransomware_linked,,CISA KEV,,2,
kev_weekly,2024-06-03,total,,CISA KEV,,1,
kev_weekly,2024-06-03,same_year_cve,,CISA KEV,,0,
kev_weekly,2024-06-03,older_cve,,CISA KEV,,1,
kev_weekly,2024-06-03,ransomware_linked,,CISA KEV,,0,
kev_weekly,2024-06-10,total,,CISA KEV,,5,
kev_weekly,2024-06-10,same_year_cve,,CISA KEV,,5,
kev_weekly,2024-06-10,older_cve,,CISA KEV,,0,
kev_weekly,2024-06-10,ransomware_linked,,CISA KEV,,2,
kev_weekly,2024-06-17,total,,CISA KEV,,0,
kev_weekly,2024-06-17,same_year_cve,,CISA KEV,,0,
kev_weekly,2024-06-17,older_cve,,CISA KEV,,0,
kev_weekly,2024-06-17,ransomware_linked,,CISA KEV,,0,
kev_weekly,2024-06-24,total,,CISA KEV,,3,
kev_weekly,2024-06-24,same_year_cve,,CISA KEV,,0,
kev_weekly,2024-06-24,older_cve,,CISA KEV,,3,
kev_weekly,2024-06-24,ransomware_linked,,CISA KEV,,0,
kev_weekly,2024-07-01,total,,CISA KEV,,1,
kev_weekly,2024-07-01,same_year_cve,,CISA KEV,,1,
kev_weekly,2024-07-01,older_cve,,CISA KEV,,0,
kev_weekly,2024-07-01,ransomware_linked,,CISA KEV,,0,
kev_weekly,2024-07-08,total,,CISA KEV,,3,
kev_weekly,2024-07-08,same_year_cve,,CISA KEV,,3,
kev_weekly,2024-07-08,older_cve,,CISA KEV,,0,
kev_weekly,2024-07-08,ransomware_linked,,CISA KEV,,1,
kev_weekly,2024-07-15,total,,CISA KEV,,4,
kev_weekly,2024-07-15,same_year_cve,,CISA KEV,,3,
kev_weekly,2024-07-15,older_cve,,CISA KEV,,1,
kev_weekly,2024-07-15,ransomware_linked,,CISA KEV,,0,
kev_weekly,2024-07-22,total,,CISA KEV,,2,
kev_weekly,2024-07-22,same_year_cve,,CISA KEV,,1,
kev_weekly,2024-07-22,older_cve,,CISA KEV,,1,
kev_weekly,2024-07-22,ransomware_linked,,CISA KEV,,0,
kev_weekly,2024-07-29,total,,CISA KEV,,4,
kev_weekly,2024-07-29,same_year_cve,,CISA KEV,,3,
kev_weekly,2024-07-29,older_cve,,CISA KEV,,1,
kev_weekly,2024-07-29,ransomware_linked,,CISA KEV,,1,
kev_weekly,2024-08-05,total,,CISA KEV,,3,
kev_weekly,2024-08-05,same_year_cve,,CISA KEV,,2,
kev_weekly,2024-08-05,older_cve,,CISA KEV,,1,
kev_weekly,2024-08-05,ransomware_linked,,CISA KEV,,0,
kev_weekly,2024-08-12,total,,CISA KEV,,7,
kev_weekly,2024-08-12,same_year_cve,,CISA KEV,,7,
kev_weekly,2024-08-12,older_cve,,CISA KEV,,0,
kev_weekly,2024-08-12,ransomware_linked,,CISA KEV,,0,
kev_weekly,2024-08-19,total,,CISA KEV,,6,
kev_weekly,2024-08-19,same_year_cve,,CISA KEV,,2,
kev_weekly,2024-08-19,older_cve,,CISA KEV,,4,
kev_weekly,2024-08-19,ransomware_linked,,CISA KEV,,1,
kev_weekly,2024-08-26,total,,CISA KEV,,3,
kev_weekly,2024-08-26,same_year_cve,,CISA KEV,,3,
kev_weekly,2024-08-26,older_cve,,CISA KEV,,0,
kev_weekly,2024-08-26,ransomware_linked,,CISA KEV,,0,
kev_weekly,2024-09-02,total,,CISA KEV,,3,
kev_weekly,2024-09-02,same_year_cve,,CISA KEV,,1,
kev_weekly,2024-09-02,older_cve,,CISA KEV,,2,
kev_weekly,2024-09-02,ransomware_linked,,CISA KEV,,0,
kev_weekly,2024-09-09,total,,CISA KEV,,7,
kev_weekly,2024-09-09,same_year_cve,,CISA KEV,,5,
kev_weekly,2024-09-09,older_cve,,CISA KEV,,2,
kev_weekly,2024-09-09,ransomware_linked,,CISA KEV,,2,
kev_weekly,2024-09-16,total,,CISA KEV,,11,
kev_weekly,2024-09-16,same_year_cve,,CISA KEV,,4,
kev_weekly,2024-09-16,older_cve,,CISA KEV,,7,
kev_weekly,2024-09-16,ransomware_linked,,CISA KEV,,2,
kev_weekly,2024-09-23,total,,CISA KEV,,1,
kev_weekly,2024-09-23,same_year_cve,,CISA KEV,,1,
kev_weekly,2024-09-23,older_cve,,CISA KEV,,0,
kev_weekly,2024-09-23,ransomware_linked,,CISA KEV,,0,
kev_weekly,2024-09-30,total,,CISA KEV,,5,
kev_weekly,2024-09-30,same_year_cve,,CISA KEV,,2,
kev_weekly,2024-09-30,older_cve,,CISA KEV,,3,
kev_weekly,2024-09-30,ransomware_linked,,CISA KEV,,0,
kev_weekly,2024-10-07,total,,CISA KEV,,6,
kev_weekly,2024-10-07,same_year_cve,,CISA KEV,,6,
kev_weekly,2024-10-07,older_cve,,CISA KEV,,0,
kev_weekly,2024-10-07,ransomware_linked,,CISA KEV,,0,
kev_weekly,2024-10-14,total,,CISA KEV,,4,
kev_weekly,2024-10-14,same_year_cve,,CISA KEV,,4,
kev_weekly,2024-10-14,older_cve,,CISA KEV,,0,
kev_weekly,2024-10-14,ransomware_linked,,CISA KEV,,3,
kev_weekly,2024-10-21,total,,CISA KEV,,5,
kev_weekly,2024-10-21,same_year_cve,,CISA KEV,,5,
kev_weekly,2024-10-21,older_cve,,CISA KEV,,0,
kev_weekly,2024-10-21,ransomware_linked,,CISA KEV,,1,
kev_weekly,2024-10-28,total,,CISA KEV,,0,
kev_weekly,2024-10-28,same_year_cve,,CISA KEV,,0,
kev_weekly,2024-10-28,older_cve,,CISA KEV,,0,
kev_weekly,2024-10-28,ransomware_linked,,CISA KEV,,0,
kev_weekly,2024-11-04,total,,CISA KEV,,6,
kev_weekly,2024-11-04,same_year_cve,,CISA KEV,,5,
kev_weekly,2024-11-04,older_cve,,CISA KEV,,1,
kev_weekly,2024-11-04,ransomware_linked,,CISA KEV,,1,
kev_weekly,2024-11-11,total,,CISA KEV,,7,
kev_weekly,2024-11-11,same_year_cve,,CISA KEV,,4,
kev_weekly,2024-11-11,older_cve,,CISA KEV,,3,
kev_weekly,2024-11-11,ransomware_linked,,CISA KEV,,1,
kev_weekly,2024-11-18,total,,CISA KEV,,8,
kev_weekly,2024-11-18,same_year_cve,,CISA KEV,,8,
kev_weekly,2024-11-18,older_cve,,CISA KEV,,0,
kev_weekly,2024-11-18,ransomware_linked,,CISA KEV,,2,
kev_weekly,2024-11-25,total,,CISA KEV,,1,
kev_weekly,2024-11-25,same_year_cve,,CISA KEV,,0,
kev_weekly,2024-11-25,older_cve,,CISA KEV,,1,
kev_weekly,2024-11-25,ransomware_linked,,CISA KEV,,1,
kev_weekly,2024-12-02,total,,CISA KEV,,4,
kev_weekly,2024-12-02,same_year_cve,,CISA KEV,,3,
kev_weekly,2024-12-02,older_cve,,CISA KEV,,1,
kev_weekly,2024-12-02,ransomware_linked,,CISA KEV,,2,
kev_weekly,2024-12-09,total,,CISA KEV,,2,
kev_weekly,2024-12-09,same_year_cve,,CISA KEV,,2,
kev_weekly,2024-12-09,older_cve,,CISA KEV,,0,
kev_weekly,2024-12-09,ransomware_linked,,CISA KEV,,1,
kev_weekly,2024-12-16,total,,CISA KEV,,8,
kev_weekly,2024-12-16,same_year_cve,,CISA KEV,,4,
kev_weekly,2024-12-16,older_cve,,CISA KEV,,4,
kev_weekly,2024-12-16,ransomware_linked,,CISA KEV,,1,
kev_weekly,2024-12-23,total,,CISA KEV,,1,
kev_weekly,2024-12-23,same_year_cve,,CISA KEV,,0,
kev_weekly,2024-12-23,older_cve,,CISA KEV,,1,
kev_weekly,2024-12-23,ransomware_linked,,CISA KEV,,0,
kev_weekly,2024-12-30,total,,CISA KEV,,1,
kev_weekly,2024-12-30,same_year_cve,,CISA KEV,,1,
kev_weekly,2024-12-30,older_cve,,CISA KEV,,0,
kev_weekly,2024-12-30,ransomware_linked,,CISA KEV,,0,
kev_weekly,2025-01-06,total,,CISA KEV,,4,
kev_weekly,2025-01-06,same_year_cve,,CISA KEV,,1,
kev_weekly,2025-01-06,older_cve,,CISA KEV,,3,
kev_weekly,2025-01-06,ransomware_linked,,CISA KEV,,3,
kev_weekly,2025-01-13,total,,CISA KEV,,7,
kev_weekly,2025-01-13,same_year_cve,,CISA KEV,,3,
kev_weekly,2025-01-13,older_cve,,CISA KEV,,4,
kev_weekly,2025-01-13,ransomware_linked,,CISA KEV,,2,
kev_weekly,2025-01-20,total,,CISA KEV,,2,
kev_weekly,2025-01-20,same_year_cve,,CISA KEV,,1,
kev_weekly,2025-01-20,older_cve,,CISA KEV,,1,
kev_weekly,2025-01-20,ransomware_linked,,CISA KEV,,1,
kev_weekly,2025-01-27,total,,CISA KEV,,1,
kev_weekly,2025-01-27,same_year_cve,,CISA KEV,,1,
kev_weekly,2025-01-27,older_cve,,CISA KEV,,0,
kev_weekly,2025-01-27,ransomware_linked,,CISA KEV,,0,
kev_weekly,2025-02-03,total,,CISA KEV,,11,
kev_weekly,2025-02-03,same_year_cve,,CISA KEV,,2,
kev_weekly,2025-02-03,older_cve,,CISA KEV,,9,
kev_weekly,2025-02-03,ransomware_linked,,CISA KEV,,1,
kev_weekly,2025-02-10,total,,CISA KEV,,7,
kev_weekly,2025-02-10,same_year_cve,,CISA KEV,,3,
kev_weekly,2025-02-10,older_cve,,CISA KEV,,4,
kev_weekly,2025-02-10,ransomware_linked,,CISA KEV,,1,
kev_weekly,2025-02-17,total,,CISA KEV,,5,
kev_weekly,2025-02-17,same_year_cve,,CISA KEV,,4,
kev_weekly,2025-02-17,older_cve,,CISA KEV,,1,
kev_weekly,2025-02-17,ransomware_linked,,CISA KEV,,1,
kev_weekly,2025-02-24,total,,CISA KEV,,4,
kev_weekly,2025-02-24,same_year_cve,,CISA KEV,,0,
kev_weekly,2025-02-24,older_cve,,CISA KEV,,4,
kev_weekly,2025-02-24,ransomware_linked,,CISA KEV,,0,
kev_weekly,2025-03-03,total,,CISA KEV,,9,
kev_weekly,2025-03-03,same_year_cve,,CISA KEV,,3,
kev_weekly,2025-03-03,older_cve,,CISA KEV,,6,
kev_weekly,2025-03-03,ransomware_linked,,CISA KEV,,2,
kev_weekly,2025-03-10,total,,CISA KEV,,13,
kev_weekly,2025-03-10,same_year_cve,,CISA KEV,,9,
kev_weekly,2025-03-10,older_cve,,CISA KEV,,4,
kev_weekly,2025-03-10,ransomware_linked,,CISA KEV,,1,
kev_weekly,2025-03-17,total,,CISA KEV,,5,
kev_weekly,2025-03-17,same_year_cve,,CISA KEV,,3,
kev_weekly,2025-03-17,older_cve,,CISA KEV,,2,
kev_weekly,2025-03-17,ransomware_linked,,CISA KEV,,1,
kev_weekly,2025-03-24,total,,CISA KEV,,4,
kev_weekly,2025-03-24,same_year_cve,,CISA KEV,,2,
kev_weekly,2025-03-24,older_cve,,CISA KEV,,2,
kev_weekly,2025-03-24,ransomware_linked,,CISA KEV,,0,
kev_weekly,2025-03-31,total,,CISA KEV,,3,
kev_weekly,2025-03-31,same_year_cve,,CISA KEV,,2,
kev_weekly,2025-03-31,older_cve,,CISA KEV,,1,
kev_weekly,2025-03-31,ransomware_linked,,CISA KEV,,1,
kev_weekly,2025-04-07,total,,CISA KEV,,5,
kev_weekly,2025-04-07,same_year_cve,,CISA KEV,,3,
kev_weekly,2025-04-07,older_cve,,CISA KEV,,2,
kev_weekly,2025-04-07,ransomware_linked,,CISA KEV,,2,
kev_weekly,2025-04-14,total,,CISA KEV,,4,
kev_weekly,2025-04-14,same_year_cve,,CISA KEV,,3,
kev_weekly,2025-04-14,older_cve,,CISA KEV,,1,
kev_weekly,2025-04-14,ransomware_linked,,CISA KEV,,0,
kev_weekly,2025-04-21,total,,CISA KEV,,0,
kev_weekly,2025-04-21,same_year_cve,,CISA KEV,,0,
kev_weekly,2025-04-21,older_cve,,CISA KEV,,0,
kev_weekly,2025-04-21,ransomware_linked,,CISA KEV,,0,
kev_weekly,2025-04-28,total,,CISA KEV,,8,
kev_weekly,2025-04-28,same_year_cve,,CISA KEV,,5,
kev_weekly,2025-04-28,older_cve,,CISA KEV,,3,
kev_weekly,2025-04-28,ransomware_linked,,CISA KEV,,1,
kev_weekly,2025-05-05,total,,CISA KEV,,4,
kev_weekly,2025-05-05,same_year_cve,,CISA KEV,,2,
kev_weekly,2025-05-05,older_cve,,CISA KEV,,2,
kev_weekly,2025-05-05,ransomware_linked,,CISA KEV,,1,
kev_weekly,2025-05-12,total,,CISA KEV,,9,
kev_weekly,2025-05-12,same_year_cve,,CISA KEV,,8,
kev_weekly,2025-05-12,older_cve,,CISA KEV,,1,
kev_weekly,2025-05-12,ransomware_linked,,CISA KEV,,1,
kev_weekly,2025-05-19,total,,CISA KEV,,7,
kev_weekly,2025-05-19,same_year_cve,,CISA KEV,,4,
kev_weekly,2025-05-19,older_cve,,CISA KEV,,3,
kev_weekly,2025-05-19,ransomware_linked,,CISA KEV,,0,
kev_weekly,2025-05-26,total,,CISA KEV,,0,
kev_weekly,2025-05-26,same_year_cve,,CISA KEV,,0,
kev_weekly,2025-05-26,older_cve,,CISA KEV,,0,
kev_weekly,2025-05-26,ransomware_linked,,CISA KEV,,0,
kev_weekly,2025-06-02,total,,CISA KEV,,9,
kev_weekly,2025-06-02,same_year_cve,,CISA KEV,,6,
kev_weekly,2025-06-02,older_cve,,CISA KEV,,3,
kev_weekly,2025-06-02,ransomware_linked,,CISA KEV,,0,
kev_weekly,2025-06-09,total,,CISA KEV,,4,
kev_weekly,2025-06-09,same_year_cve,,CISA KEV,,3,
kev_weekly,2025-06-09,older_cve,,CISA KEV,,1,
kev_weekly,2025-06-09,ransomware_linked,,CISA KEV,,0,
kev_weekly,2025-06-16,total,,CISA KEV,,3,
kev_weekly,2025-06-16,same_year_cve,,CISA KEV,,1,
kev_weekly,2025-06-16,older_cve,,CISA KEV,,2,
kev_weekly,2025-06-16,ransomware_linked,,CISA KEV,,0,
kev_weekly,2025-06-23,total,,CISA KEV,,3,
kev_weekly,2025-06-23,same_year_cve,,CISA KEV,,0,
kev_weekly,2025-06-23,older_cve,,CISA KEV,,3,
kev_weekly,2025-06-23,ransomware_linked,,CISA KEV,,1,
kev_weekly,2025-06-30,total,,CISA KEV,,4,
kev_weekly,2025-06-30,same_year_cve,,CISA KEV,,4,
kev_weekly,2025-06-30,older_cve,,CISA KEV,,0,
kev_weekly,2025-06-30,ransomware_linked,,CISA KEV,,0,
kev_weekly,2025-07-07,total,,CISA KEV,,5,
kev_weekly,2025-07-07,same_year_cve,,CISA KEV,,1,
kev_weekly,2025-07-07,older_cve,,CISA KEV,,4,
kev_weekly,2025-07-07,ransomware_linked,,CISA KEV,,1,
kev_weekly,2025-07-14,total,,CISA KEV,,3,
kev_weekly,2025-07-14,same_year_cve,,CISA KEV,,3,
kev_weekly,2025-07-14,older_cve,,CISA KEV,,0,
kev_weekly,2025-07-14,ransomware_linked,,CISA KEV,,1,
kev_weekly,2025-07-21,total,,CISA KEV,,6,
kev_weekly,2025-07-21,same_year_cve,,CISA KEV,,6,
kev_weekly,2025-07-21,older_cve,,CISA KEV,,0,
kev_weekly,2025-07-21,ransomware_linked,,CISA KEV,,2,
kev_weekly,2025-07-28,total,,CISA KEV,,3,
kev_weekly,2025-07-28,same_year_cve,,CISA KEV,,2,
kev_weekly,2025-07-28,older_cve,,CISA KEV,,1,
kev_weekly,2025-07-28,ransomware_linked,,CISA KEV,,0,
kev_weekly,2025-08-04,total,,CISA KEV,,3,
kev_weekly,2025-08-04,same_year_cve,,CISA KEV,,0,
kev_weekly,2025-08-04,older_cve,,CISA KEV,,3,
kev_weekly,2025-08-04,ransomware_linked,,CISA KEV,,0,
kev_weekly,2025-08-11,total,,CISA KEV,,5,
kev_weekly,2025-08-11,same_year_cve,,CISA KEV,,3,
kev_weekly,2025-08-11,older_cve,,CISA KEV,,2,
kev_weekly,2025-08-11,ransomware_linked,,CISA KEV,,1,
kev_weekly,2025-08-18,total,,CISA KEV,,2,
kev_weekly,2025-08-18,same_year_cve,,CISA KEV,,2,
kev_weekly,2025-08-18,older_cve,,CISA KEV,,0,
kev_weekly,2025-08-18,ransomware_linked,,CISA KEV,,0,
kev_weekly,2025-08-25,total,,CISA KEV,,5,
kev_weekly,2025-08-25,same_year_cve,,CISA KEV,,3,
kev_weekly,2025-08-25,older_cve,,CISA KEV,,2,
kev_weekly,2025-08-25,ransomware_linked,,CISA KEV,,0,
kev_weekly,2025-09-01,total,,CISA KEV,,7,
kev_weekly,2025-09-01,same_year_cve,,CISA KEV,,5,
kev_weekly,2025-09-01,older_cve,,CISA KEV,,2,
kev_weekly,2025-09-01,ransomware_linked,,CISA KEV,,0,
kev_weekly,2025-09-08,total,,CISA KEV,,1,
kev_weekly,2025-09-08,same_year_cve,,CISA KEV,,1,
kev_weekly,2025-09-08,older_cve,,CISA KEV,,0,
kev_weekly,2025-09-08,ransomware_linked,,CISA KEV,,0,
kev_weekly,2025-09-15,total,,CISA KEV,,0,
kev_weekly,2025-09-15,same_year_cve,,CISA KEV,,0,
kev_weekly,2025-09-15,older_cve,,CISA KEV,,0,
kev_weekly,2025-09-15,ransomware_linked,,CISA KEV,,0,
kev_weekly,2025-09-22,total,,CISA KEV,,3,
kev_weekly,2025-09-22,same_year_cve,,CISA KEV,,3,
kev_weekly,2025-09-22,older_cve,,CISA KEV,,0,
kev_weekly,2025-09-22,ransomware_linked,,CISA KEV,,0,
kev_weekly,2025-09-29,total,,CISA KEV,,10,
kev_weekly,2025-09-29,same_year_cve,,CISA KEV,,6,
kev_weekly,2025-09-29,older_cve,,CISA KEV,,4,
kev_weekly,2025-09-29,ransomware_linked,,CISA KEV,,1,
kev_weekly,2025-10-06,total,,CISA KEV,,9,
kev_weekly,2025-10-06,same_year_cve,,CISA KEV,,2,
kev_weekly,2025-10-06,older_cve,,CISA KEV,,7,
kev_weekly,2025-10-06,ransomware_linked,,CISA KEV,,2,
kev_weekly,2025-10-13,total,,CISA KEV,,5,
kev_weekly,2025-10-13,same_year_cve,,CISA KEV,,4,
kev_weekly,2025-10-13,older_cve,,CISA KEV,,1,
kev_weekly,2025-10-13,ransomware_linked,,CISA KEV,,0,
kev_weekly,2025-10-20,total,,CISA KEV,,8,
kev_weekly,2025-10-20,same_year_cve,,CISA KEV,,7,
kev_weekly,2025-10-20,older_cve,,CISA KEV,,1,
kev_weekly,2025-10-20,ransomware_linked,,CISA KEV,,1,
kev_weekly,2025-10-27,total,,CISA KEV,,4,
kev_weekly,2025-10-27,same_year_cve,,CISA KEV,,4,
kev_weekly,2025-10-27,older_cve,,CISA KEV,,0,
kev_weekly,2025-10-27,ransomware_linked,,CISA KEV,,0,
kev_weekly,2025-11-03,total,,CISA KEV,,2,
kev_weekly,2025-11-03,same_year_cve,,CISA KEV,,2,
kev_weekly,2025-11-03,older_cve,,CISA KEV,,0,
kev_weekly,2025-11-03,ransomware_linked,,CISA KEV,,0,
kev_weekly,2025-11-10,total,,CISA KEV,,5,
kev_weekly,2025-11-10,same_year_cve,,CISA KEV,,5,
kev_weekly,2025-11-10,older_cve,,CISA KEV,,0,
kev_weekly,2025-11-10,ransomware_linked,,CISA KEV,,0,
kev_weekly,2025-11-17,total,,CISA KEV,,3,
kev_weekly,2025-11-17,same_year_cve,,CISA KEV,,3,
kev_weekly,2025-11-17,older_cve,,CISA KEV,,0,
kev_weekly,2025-11-17,ransomware_linked,,CISA KEV,,0,
kev_weekly,2025-11-24,total,,CISA KEV,,1,
kev_weekly,2025-11-24,same_year_cve,,CISA KEV,,0,
kev_weekly,2025-11-24,older_cve,,CISA KEV,,1,
kev_weekly,2025-11-24,ransomware_linked,,CISA KEV,,0,
kev_weekly,2025-12-01,total,,CISA KEV,,4,
kev_weekly,2025-12-01,same_year_cve,,CISA KEV,,3,
kev_weekly,2025-12-01,older_cve,,CISA KEV,,1,
kev_weekly,2025-12-01,ransomware_linked,,CISA KEV,,1,
kev_weekly,2025-12-08,total,,CISA KEV,,7,
kev_weekly,2025-12-08,same_year_cve,,CISA KEV,,5,
kev_weekly,2025-12-08,older_cve,,CISA KEV,,2,
kev_weekly,2025-12-08,ransomware_linked,,CISA KEV,,0,
kev_weekly,2025-12-15,total,,CISA KEV,,7,
kev_weekly,2025-12-15,same_year_cve,,CISA KEV,,7,
kev_weekly,2025-12-15,older_cve,,CISA KEV,,0,
kev_weekly,2025-12-15,ransomware_linked,,CISA KEV,,0,
kev_weekly,2025-12-22,total,,CISA KEV,,1,
kev_weekly,2025-12-22,same_year_cve,,CISA KEV,,0,
kev_weekly,2025-12-22,older_cve,,CISA KEV,,1,
kev_weekly,2025-12-22,ransomware_linked,,CISA KEV,,0,
kev_weekly,2025-12-29,total,,CISA KEV,,1,
kev_weekly,2025-12-29,same_year_cve,,CISA KEV,,1,
kev_weekly,2025-12-29,older_cve,,CISA KEV,,0,
kev_weekly,2025-12-29,ransomware_linked,,CISA KEV,,0,
kev_weekly,2026-01-05,total,,CISA KEV,,2,
kev_weekly,2026-01-05,same_year_cve,,CISA KEV,,0,
kev_weekly,2026-01-05,older_cve,,CISA KEV,,2,
kev_weekly,2026-01-05,ransomware_linked,,CISA KEV,,0,
kev_weekly,2026-01-12,total,,CISA KEV,,2,
kev_weekly,2026-01-12,same_year_cve,,CISA KEV,,1,
kev_weekly,2026-01-12,older_cve,,CISA KEV,,1,
kev_weekly,2026-01-12,ransomware_linked,,CISA KEV,,0,
kev_weekly,2026-01-19,total,,CISA KEV,,6,
kev_weekly,2026-01-19,same_year_cve,,CISA KEV,,1,
kev_weekly,2026-01-19,older_cve,,CISA KEV,,5,
kev_weekly,2026-01-19,ransomware_linked,,CISA KEV,,0,
kev_weekly,2026-01-26,total,,CISA KEV,,7,
kev_weekly,2026-01-26,same_year_cve,,CISA KEV,,5,
kev_weekly,2026-01-26,older_cve,,CISA KEV,,2,
kev_weekly,2026-01-26,ransomware_linked,,CISA KEV,,2,
kev_weekly,2026-02-02,total,,CISA KEV,,6,
kev_weekly,2026-02-02,same_year_cve,,CISA KEV,,1,
kev_weekly,2026-02-02,older_cve,,CISA KEV,,5,
kev_weekly,2026-02-02,ransomware_linked,,CISA KEV,,1,
kev_weekly,2026-02-09,total,,CISA KEV,,11,
kev_weekly,2026-02-09,same_year_cve,,CISA KEV,,8,
kev_weekly,2026-02-09,older_cve,,CISA KEV,,3,
kev_weekly,2026-02-09,ransomware_linked,,CISA KEV,,1,
kev_weekly,2026-02-16,total,,CISA KEV,,8,
kev_weekly,2026-02-16,same_year_cve,,CISA KEV,,2,
kev_weekly,2026-02-16,older_cve,,CISA KEV,,6,
kev_weekly,2026-02-16,ransomware_linked,,CISA KEV,,0,
kev_weekly,2026-02-23,total,,CISA KEV,,3,
kev_weekly,2026-02-23,same_year_cve,,CISA KEV,,2,
kev_weekly,2026-02-23,older_cve,,CISA KEV,,1,
kev_weekly,2026-02-23,ransomware_linked,,CISA KEV,,0,
kev_weekly,2026-03-02,total,,CISA KEV,,7,
kev_weekly,2026-03-02,same_year_cve,,CISA KEV,,2,
kev_weekly,2026-03-02,older_cve,,CISA KEV,,5,
kev_weekly,2026-03-02,ransomware_linked,,CISA KEV,,0,
kev_weekly,2026-03-09,total,,CISA KEV,,6,
kev_weekly,2026-03-09,same_year_cve,,CISA KEV,,3,
kev_weekly,2026-03-09,older_cve,,CISA KEV,,3,
kev_weekly,2026-03-09,ransomware_linked,,CISA KEV,,1,
kev_weekly,2026-03-16,total,,CISA KEV,,9,
kev_weekly,2026-03-16,same_year_cve,,CISA KEV,,2,
kev_weekly,2026-03-16,older_cve,,CISA KEV,,7,
kev_weekly,2026-03-16,ransomware_linked,,CISA KEV,,1,
kev_weekly,2026-03-23,total,,CISA KEV,,3,
kev_weekly,2026-03-23,same_year_cve,,CISA KEV,,2,
kev_weekly,2026-03-23,older_cve,,CISA KEV,,1,
kev_weekly,2026-03-23,ransomware_linked,,CISA KEV,,0,
kev_weekly,2026-03-30,total,,CISA KEV,,3,
kev_weekly,2026-03-30,same_year_cve,,CISA KEV,,3,
kev_weekly,2026-03-30,older_cve,,CISA KEV,,0,
kev_weekly,2026-03-30,ransomware_linked,,CISA KEV,,0,
kev_weekly,2026-04-06,total,,CISA KEV,,2,
kev_weekly,2026-04-06,same_year_cve,,CISA KEV,,2,
kev_weekly,2026-04-06,older_cve,,CISA KEV,,0,
kev_weekly,2026-04-06,ransomware_linked,,CISA KEV,,0,
kev_weekly,2026-04-13,total,,CISA KEV,,10,
kev_weekly,2026-04-13,same_year_cve,,CISA KEV,,4,
kev_weekly,2026-04-13,older_cve,,CISA KEV,,6,
kev_weekly,2026-04-13,ransomware_linked,,CISA KEV,,2,
kev_weekly,2026-04-20,total,,CISA KEV,,14,
kev_weekly,2026-04-20,same_year_cve,,CISA KEV,,5,
kev_weekly,2026-04-20,older_cve,,CISA KEV,,9,
kev_weekly,2026-04-20,ransomware_linked,,CISA KEV,,5,
kev_weekly,2026-04-27,total,,CISA KEV,,4,
kev_weekly,2026-04-27,same_year_cve,,CISA KEV,,3,
kev_weekly,2026-04-27,older_cve,,CISA KEV,,1,
kev_weekly,2026-04-27,ransomware_linked,,CISA KEV,,2,
kev_weekly,2026-05-04,total,,CISA KEV,,3,
kev_weekly,2026-05-04,same_year_cve,,CISA KEV,,3,
kev_weekly,2026-05-04,older_cve,,CISA KEV,,0,
kev_weekly,2026-05-04,ransomware_linked,,CISA KEV,,0,
kev_weekly,2026-05-11,total,,CISA KEV,,2,
kev_weekly,2026-05-11,same_year_cve,,CISA KEV,,2,
kev_weekly,2026-05-11,older_cve,,CISA KEV,,0,
kev_weekly,2026-05-11,ransomware_linked,,CISA KEV,,0,
kev_weekly,2026-05-18,total,,CISA KEV,,10,
kev_weekly,2026-05-18,same_year_cve,,CISA KEV,,4,
kev_weekly,2026-05-18,older_cve,,CISA KEV,,6,
kev_weekly,2026-05-18,ransomware_linked,,CISA KEV,,0,
kev_weekly,2026-05-25,total,,CISA KEV,,5,
kev_weekly,2026-05-25,same_year_cve,,CISA KEV,,5,
kev_weekly,2026-05-25,older_cve,,CISA KEV,,0,
kev_weekly,2026-05-25,ransomware_linked,,CISA KEV,,3,
kev_weekly,2026-06-01,total,,CISA KEV,,5,
kev_weekly,2026-06-01,same_year_cve,,CISA KEV,,2,
kev_weekly,2026-06-01,older_cve,,CISA KEV,,3,
kev_weekly,2026-06-01,ransomware_linked,,CISA KEV,,0,
kev_weekly,2026-06-08,total,,CISA KEV,,7,
kev_weekly,2026-06-08,same_year_cve,,CISA KEV,,7,
kev_weekly,2026-06-08,older_cve,,CISA KEV,,0,
kev_weekly,2026-06-08,ransomware_linked,,CISA KEV,,2,
kev_weekly,2026-06-15,total,,CISA KEV,,4,
kev_weekly,2026-06-15,same_year_cve,,CISA KEV,,4,
kev_weekly,2026-06-15,older_cve,,CISA KEV,,0,
kev_weekly,2026-06-15,ransomware_linked,,CISA KEV,,0,
kev_weekly,2026-06-22,total,,CISA KEV,,6,
kev_weekly,2026-06-22,same_year_cve,,CISA KEV,,5,
kev_weekly,2026-06-22,older_cve,,CISA KEV,,1,
kev_weekly,2026-06-22,ransomware_linked,,CISA KEV,,1,
kev_weekly,2026-06-29,total,,CISA KEV,,2,
kev_weekly,2026-06-29,same_year_cve,,CISA KEV,,2,
kev_weekly,2026-06-29,older_cve,,CISA KEV,,0,
kev_weekly,2026-06-29,ransomware_linked,,CISA KEV,,1,
kev_weekly,2026-07-06,total,,CISA KEV,,6,
kev_weekly,2026-07-06,same_year_cve,,CISA KEV,,6,
kev_weekly,2026-07-06,older_cve,,CISA KEV,,0,
kev_weekly,2026-07-06,ransomware_linked,,CISA KEV,,0,
kev_weekly,2026-07-13,total,,CISA KEV,,10,
kev_weekly,2026-07-13,same_year_cve,,CISA KEV,,8,
kev_weekly,2026-07-13,older_cve,,CISA KEV,,2,
kev_weekly,2026-07-13,ransomware_linked,,CISA KEV,,2,
kev_weekly,2026-07-20,total,,CISA KEV,,6,
kev_weekly,2026-07-20,same_year_cve,,CISA KEV,,5,
kev_weekly,2026-07-20,older_cve,,CISA KEV,,1,
kev_weekly,2026-07-20,ransomware_linked,,CISA KEV,,0,
kev_weekly,2026-07-27,total,,CISA KEV,,3,
kev_weekly,2026-07-27,same_year_cve,,CISA KEV,,2,
kev_weekly,2026-07-27,older_cve,,CISA KEV,,1,
kev_weekly,2026-07-27,ransomware_linked,,CISA KEV,,0,
kev_weekly,2026-08-03,total,,CISA KEV,,6,
kev_weekly,2026-08-03,same_year_cve,,CISA KEV,,6,
kev_weekly,2026-08-03,older_cve,,CISA KEV,,0,
kev_weekly,2026-08-03,ransomware_linked,,CISA KEV,,0,
kev_weekly,2026-08-10,total,,CISA KEV,,3,
kev_weekly,2026-08-10,same_year_cve,,CISA KEV,,3,
kev_weekly,2026-08-10,older_cve,,CISA KEV,,0,
kev_weekly,2026-08-10,ransomware_linked,,CISA KEV,,0,
kev_weekly,2026-08-17,total,,CISA KEV,,9,
kev_weekly,2026-08-17,same_year_cve,,CISA KEV,,8,
kev_weekly,2026-08-17,older_cve,,CISA KEV,,1,
kev_weekly,2026-08-17,ransomware_linked,,CISA KEV,,0,
kev_weekly,2026-08-24,total,,CISA KEV,,11,
kev_weekly,2026-08-24,same_year_cve,,CISA KEV,,5,
kev_weekly,2026-08-24,older_cve,,CISA KEV,,6,
kev_weekly,2026-08-24,ransomware_linked,,CISA KEV,,0,
kev_weekly,2026-08-31,total,,CISA KEV,,10,
kev_weekly,2026-08-31,same_year_cve,,CISA KEV,,10,
kev_weekly,2026-08-31,older_cve,,CISA KEV,,0,
kev_weekly,2026-08-31,ransomware_linked,,CISA KEV,,0,
mythos_ledger_weekly,2025-11-24,discovered_critical,,Anthropic CVD ledger,,0,
mythos_ledger_weekly,2025-11-24,discovered_high,,Anthropic CVD ledger,,3,
mythos_ledger_weekly,2025-11-24,discovered_medium,,Anthropic CVD ledger,,0,
mythos_ledger_weekly,2025-11-24,discovered_low,,Anthropic CVD ledger,,0,
mythos_ledger_weekly,2025-11-24,discovered_unassessed,,Anthropic CVD ledger,,0,
mythos_ledger_weekly,2025-11-24,hash_commitments,,Anthropic CVD ledger,,0,
mythos_ledger_weekly,2025-11-24,patched_upstream,,Anthropic CVD ledger,,0,
mythos_ledger_weekly,2025-12-01,discovered_critical,,Anthropic CVD ledger,,0,
mythos_ledger_weekly,2025-12-01,discovered_high,,Anthropic CVD ledger,,0,
mythos_ledger_weekly,2025-12-01,discovered_medium,,Anthropic CVD ledger,,0,
mythos_ledger_weekly,2025-12-01,discovered_low,,Anthropic CVD ledger,,0,
mythos_ledger_weekly,2025-12-01,discovered_unassessed,,Anthropic CVD ledger,,2,
mythos_ledger_weekly,2025-12-01,hash_commitments,,Anthropic CVD ledger,,0,
mythos_ledger_weekly,2025-12-01,patched_upstream,,Anthropic CVD ledger,,0,
mythos_ledger_weekly,2025-12-15,discovered_critical,,Anthropic CVD ledger,,0,
mythos_ledger_weekly,2025-12-15,discovered_high,,Anthropic CVD ledger,,1,
mythos_ledger_weekly,2025-12-15,discovered_medium,,Anthropic CVD ledger,,0,
mythos_ledger_weekly,2025-12-15,discovered_low,,Anthropic CVD ledger,,0,
mythos_ledger_weekly,2025-12-15,discovered_unassessed,,Anthropic CVD ledger,,0,
mythos_ledger_weekly,2025-12-15,hash_commitments,,Anthropic CVD ledger,,0,
mythos_ledger_weekly,2025-12-15,patched_upstream,,Anthropic CVD ledger,,0,
mythos_ledger_weekly,2025-12-22,discovered_critical,,Anthropic CVD ledger,,0,
mythos_ledger_weekly,2025-12-22,discovered_high,,Anthropic CVD ledger,,0,
mythos_ledger_weekly,2025-12-22,discovered_medium,,Anthropic CVD ledger,,0,
mythos_ledger_weekly,2025-12-22,discovered_low,,Anthropic CVD ledger,,1,
mythos_ledger_weekly,2025-12-22,discovered_unassessed,,Anthropic CVD ledger,,0,
mythos_ledger_weekly,2025-12-22,hash_commitments,,Anthropic CVD ledger,,0,
mythos_ledger_weekly,2025-12-22,patched_upstream,,Anthropic CVD ledger,,0,
mythos_ledger_weekly,2025-12-29,discovered_critical,,Anthropic CVD ledger,,0,
mythos_ledger_weekly,2025-12-29,discovered_high,,Anthropic CVD ledger,,0,
mythos_ledger_weekly,2025-12-29,discovered_medium,,Anthropic CVD ledger,,0,
mythos_ledger_weekly,2025-12-29,discovered_low,,Anthropic CVD ledger,,0,
mythos_ledger_weekly,2025-12-29,discovered_unassessed,,Anthropic CVD ledger,,1,
mythos_ledger_weekly,2025-12-29,hash_commitments,,Anthropic CVD ledger,,0,
mythos_ledger_weekly,2025-12-29,patched_upstream,,Anthropic CVD ledger,,0,
mythos_ledger_weekly,2026-01-19,discovered_critical,,Anthropic CVD ledger,,0,
mythos_ledger_weekly,2026-01-19,discovered_high,,Anthropic CVD ledger,,0,
mythos_ledger_weekly,2026-01-19,discovered_medium,,Anthropic CVD ledger,,0,
mythos_ledger_weekly,2026-01-19,discovered_low,,Anthropic CVD ledger,,0,
mythos_ledger_weekly,2026-01-19,discovered_unassessed,,Anthropic CVD ledger,,0,
mythos_ledger_weekly,2026-01-19,hash_commitments,,Anthropic CVD ledger,,0,
mythos_ledger_weekly,2026-01-19,patched_upstream,,Anthropic CVD ledger,,1,
mythos_ledger_weekly,2026-01-26,discovered_critical,,Anthropic CVD ledger,,0,
mythos_ledger_weekly,2026-01-26,discovered_high,,Anthropic CVD ledger,,1,
mythos_ledger_weekly,2026-01-26,discovered_medium,,Anthropic CVD ledger,,0,
mythos_ledger_weekly,2026-01-26,discovered_low,,Anthropic CVD ledger,,0,
mythos_ledger_weekly,2026-01-26,discovered_unassessed,,Anthropic CVD ledger,,0,
mythos_ledger_weekly,2026-01-26,hash_commitments,,Anthropic CVD ledger,,0,
mythos_ledger_weekly,2026-01-26,patched_upstream,,Anthropic CVD ledger,,0,
mythos_ledger_weekly,2026-02-02,discovered_critical,,Anthropic CVD ledger,,0,
mythos_ledger_weekly,2026-02-02,discovered_high,,Anthropic CVD ledger,,0,
mythos_ledger_weekly,2026-02-02,discovered_medium,,Anthropic CVD ledger,,0,
mythos_ledger_weekly,2026-02-02,discovered_low,,Anthropic CVD ledger,,0,
mythos_ledger_weekly,2026-02-02,discovered_unassessed,,Anthropic CVD ledger,,0,
mythos_ledger_weekly,2026-02-02,hash_commitments,,Anthropic CVD ledger,,0,
mythos_ledger_weekly,2026-02-02,patched_upstream,,Anthropic CVD ledger,,1,
mythos_ledger_weekly,2026-02-09,discovered_critical,,Anthropic CVD ledger,,1,
mythos_ledger_weekly,2026-02-09,discovered_high,,Anthropic CVD ledger,,1,
mythos_ledger_weekly,2026-02-09,discovered_medium,,Anthropic CVD ledger,,0,
mythos_ledger_weekly,2026-02-09,discovered_low,,Anthropic CVD ledger,,0,
mythos_ledger_weekly,2026-02-09,discovered_unassessed,,Anthropic CVD ledger,,0,
mythos_ledger_weekly,2026-02-09,hash_commitments,,Anthropic CVD ledger,,1,
mythos_ledger_weekly,2026-02-09,patched_upstream,,Anthropic CVD ledger,,1,
mythos_ledger_weekly,2026-02-16,discovered_critical,,Anthropic CVD ledger,,4,
mythos_ledger_weekly,2026-02-16,discovered_high,,Anthropic CVD ledger,,3,
mythos_ledger_weekly,2026-02-16,discovered_medium,,Anthropic CVD ledger,,1,
mythos_ledger_weekly,2026-02-16,discovered_low,,Anthropic CVD ledger,,1,
mythos_ledger_weekly,2026-02-16,discovered_unassessed,,Anthropic CVD ledger,,0,
mythos_ledger_weekly,2026-02-16,hash_commitments,,Anthropic CVD ledger,,4,
mythos_ledger_weekly,2026-02-16,patched_upstream,,Anthropic CVD ledger,,2,
mythos_ledger_weekly,2026-02-23,discovered_critical,,Anthropic CVD ledger,,0,
mythos_ledger_weekly,2026-02-23,discovered_high,,Anthropic CVD ledger,,3,
mythos_ledger_weekly,2026-02-23,discovered_medium,,Anthropic CVD ledger,,0,
mythos_ledger_weekly,2026-02-23,discovered_low,,Anthropic CVD ledger,,0,
mythos_ledger_weekly,2026-02-23,discovered_unassessed,,Anthropic CVD ledger,,0,
mythos_ledger_weekly,2026-02-23,hash_commitments,,Anthropic CVD ledger,,3,
mythos_ledger_weekly,2026-02-23,patched_upstream,,Anthropic CVD ledger,,1,
mythos_ledger_weekly,2026-03-02,discovered_critical,,Anthropic CVD ledger,,0,
mythos_ledger_weekly,2026-03-02,discovered_high,,Anthropic CVD ledger,,1,
mythos_ledger_weekly,2026-03-02,discovered_medium,,Anthropic CVD ledger,,0,
mythos_ledger_weekly,2026-03-02,discovered_low,,Anthropic CVD ledger,,0,
mythos_ledger_weekly,2026-03-02,discovered_unassessed,,Anthropic CVD ledger,,0,
mythos_ledger_weekly,2026-03-02,hash_commitments,,Anthropic CVD ledger,,2,
mythos_ledger_weekly,2026-03-02,patched_upstream,,Anthropic CVD ledger,,1,
mythos_ledger_weekly,2026-03-09,discovered_critical,,Anthropic CVD ledger,,2,
mythos_ledger_weekly,2026-03-09,discovered_high,,Anthropic CVD ledger,,8,
mythos_ledger_weekly,2026-03-09,discovered_medium,,Anthropic CVD ledger,,0,
mythos_ledger_weekly,2026-03-09,discovered_low,,Anthropic CVD ledger,,2,
mythos_ledger_weekly,2026-03-09,discovered_unassessed,,Anthropic CVD ledger,,0,
mythos_ledger_weekly,2026-03-09,hash_commitments,,Anthropic CVD ledger,,3,
mythos_ledger_weekly,2026-03-09,patched_upstream,,Anthropic CVD ledger,,4,
mythos_ledger_weekly,2026-03-16,discovered_critical,,Anthropic CVD ledger,,4,
mythos_ledger_weekly,2026-03-16,discovered_high,,Anthropic CVD ledger,,20,
mythos_ledger_weekly,2026-03-16,discovered_medium,,Anthropic CVD ledger,,4,
mythos_ledger_weekly,2026-03-16,discovered_low,,Anthropic CVD ledger,,5,
mythos_ledger_weekly,2026-03-16,discovered_unassessed,,Anthropic CVD ledger,,0,
mythos_ledger_weekly,2026-03-16,hash_commitments,,Anthropic CVD ledger,,5,
mythos_ledger_weekly,2026-03-16,patched_upstream,,Anthropic CVD ledger,,5,
mythos_ledger_weekly,2026-03-23,discovered_critical,,Anthropic CVD ledger,,27,
mythos_ledger_weekly,2026-03-23,discovered_high,,Anthropic CVD ledger,,204,
mythos_ledger_weekly,2026-03-23,discovered_medium,,Anthropic CVD ledger,,83,
mythos_ledger_weekly,2026-03-23,discovered_low,,Anthropic CVD ledger,,38,
mythos_ledger_weekly,2026-03-23,discovered_unassessed,,Anthropic CVD ledger,,4,
mythos_ledger_weekly,2026-03-23,hash_commitments,,Anthropic CVD ledger,,12,
mythos_ledger_weekly,2026-03-23,patched_upstream,,Anthropic CVD ledger,,12,
mythos_ledger_weekly,2026-03-30,discovered_critical,,Anthropic CVD ledger,,13,
mythos_ledger_weekly,2026-03-30,discovered_high,,Anthropic CVD ledger,,517,
mythos_ledger_weekly,2026-03-30,discovered_medium,,Anthropic CVD ledger,,159,
mythos_ledger_weekly,2026-03-30,discovered_low,,Anthropic CVD ledger,,135,
mythos_ledger_weekly,2026-03-30,discovered_unassessed,,Anthropic CVD ledger,,0,
mythos_ledger_weekly,2026-03-30,hash_commitments,,Anthropic CVD ledger,,30,
mythos_ledger_weekly,2026-03-30,patched_upstream,,Anthropic CVD ledger,,3,
mythos_ledger_weekly,2026-04-06,discovered_critical,,Anthropic CVD ledger,,11,
mythos_ledger_weekly,2026-04-06,discovered_high,,Anthropic CVD ledger,,53,
mythos_ledger_weekly,2026-04-06,discovered_medium,,Anthropic CVD ledger,,3,
mythos_ledger_weekly,2026-04-06,discovered_low,,Anthropic CVD ledger,,1,
mythos_ledger_weekly,2026-04-06,discovered_unassessed,,Anthropic CVD ledger,,0,
mythos_ledger_weekly,2026-04-06,hash_commitments,,Anthropic CVD ledger,,64,
mythos_ledger_weekly,2026-04-06,patched_upstream,,Anthropic CVD ledger,,11,
mythos_ledger_weekly,2026-04-13,discovered_critical,,Anthropic CVD ledger,,3,
mythos_ledger_weekly,2026-04-13,discovered_high,,Anthropic CVD ledger,,31,
mythos_ledger_weekly,2026-04-13,discovered_medium,,Anthropic CVD ledger,,69,
mythos_ledger_weekly,2026-04-13,discovered_low,,Anthropic CVD ledger,,16,
mythos_ledger_weekly,2026-04-13,discovered_unassessed,,Anthropic CVD ledger,,0,
mythos_ledger_weekly,2026-04-13,hash_commitments,,Anthropic CVD ledger,,36,
mythos_ledger_weekly,2026-04-13,patched_upstream,,Anthropic CVD ledger,,8,
mythos_ledger_weekly,2026-04-20,discovered_critical,,Anthropic CVD ledger,,0,
mythos_ledger_weekly,2026-04-20,discovered_high,,Anthropic CVD ledger,,43,
mythos_ledger_weekly,2026-04-20,discovered_medium,,Anthropic CVD ledger,,39,
mythos_ledger_weekly,2026-04-20,discovered_low,,Anthropic CVD ledger,,24,
mythos_ledger_weekly,2026-04-20,discovered_unassessed,,Anthropic CVD ledger,,0,
mythos_ledger_weekly,2026-04-20,hash_commitments,,Anthropic CVD ledger,,29,
mythos_ledger_weekly,2026-04-20,patched_upstream,,Anthropic CVD ledger,,6,
mythos_ledger_weekly,2026-04-27,discovered_critical,,Anthropic CVD ledger,,0,
mythos_ledger_weekly,2026-04-27,discovered_high,,Anthropic CVD ledger,,3,
mythos_ledger_weekly,2026-04-27,discovered_medium,,Anthropic CVD ledger,,35,
mythos_ledger_weekly,2026-04-27,discovered_low,,Anthropic CVD ledger,,26,
mythos_ledger_weekly,2026-04-27,discovered_unassessed,,Anthropic CVD ledger,,0,
mythos_ledger_weekly,2026-04-27,hash_commitments,,Anthropic CVD ledger,,30,
mythos_ledger_weekly,2026-04-27,patched_upstream,,Anthropic CVD ledger,,8,
mythos_ledger_weekly,2026-05-04,discovered_critical,,Anthropic CVD ledger,,0,
mythos_ledger_weekly,2026-05-04,discovered_high,,Anthropic CVD ledger,,33,
mythos_ledger_weekly,2026-05-04,discovered_medium,,Anthropic CVD ledger,,216,
mythos_ledger_weekly,2026-05-04,discovered_low,,Anthropic CVD ledger,,194,
mythos_ledger_weekly,2026-05-04,discovered_unassessed,,Anthropic CVD ledger,,0,
mythos_ledger_weekly,2026-05-04,hash_commitments,,Anthropic CVD ledger,,218,
mythos_ledger_weekly,2026-05-04,patched_upstream,,Anthropic CVD ledger,,30,
mythos_ledger_weekly,2026-05-11,discovered_critical,,Anthropic CVD ledger,,1,
mythos_ledger_weekly,2026-05-11,discovered_high,,Anthropic CVD ledger,,12,
mythos_ledger_weekly,2026-05-11,discovered_medium,,Anthropic CVD ledger,,6,
mythos_ledger_weekly,2026-05-11,discovered_low,,Anthropic CVD ledger,,2,
mythos_ledger_weekly,2026-05-11,discovered_unassessed,,Anthropic CVD ledger,,0,
mythos_ledger_weekly,2026-05-11,hash_commitments,,Anthropic CVD ledger,,949,
mythos_ledger_weekly,2026-05-11,patched_upstream,,Anthropic CVD ledger,,15,
mythos_ledger_weekly,2026-05-18,discovered_critical,,Anthropic CVD ledger,,1,
mythos_ledger_weekly,2026-05-18,discovered_high,,Anthropic CVD ledger,,6,
mythos_ledger_weekly,2026-05-18,discovered_medium,,Anthropic CVD ledger,,7,
mythos_ledger_weekly,2026-05-18,discovered_low,,Anthropic CVD ledger,,19,
mythos_ledger_weekly,2026-05-18,discovered_unassessed,,Anthropic CVD ledger,,0,
mythos_ledger_weekly,2026-05-18,hash_commitments,,Anthropic CVD ledger,,77,
mythos_ledger_weekly,2026-05-18,patched_upstream,,Anthropic CVD ledger,,15,
mythos_ledger_weekly,2026-05-25,discovered_critical,,Anthropic CVD ledger,,0,
mythos_ledger_weekly,2026-05-25,discovered_high,,Anthropic CVD ledger,,0,
mythos_ledger_weekly,2026-05-25,discovered_medium,,Anthropic CVD ledger,,0,
mythos_ledger_weekly,2026-05-25,discovered_low,,Anthropic CVD ledger,,0,
mythos_ledger_weekly,2026-05-25,discovered_unassessed,,Anthropic CVD ledger,,0,
mythos_ledger_weekly,2026-05-25,hash_commitments,,Anthropic CVD ledger,,34,
mythos_ledger_weekly,2026-05-25,patched_upstream,,Anthropic CVD ledger,,16,
mythos_ledger_weekly,2026-06-01,discovered_critical,,Anthropic CVD ledger,,0,
mythos_ledger_weekly,2026-06-01,discovered_high,,Anthropic CVD ledger,,26,
mythos_ledger_weekly,2026-06-01,discovered_medium,,Anthropic CVD ledger,,0,
mythos_ledger_weekly,2026-06-01,discovered_low,,Anthropic CVD ledger,,0,
mythos_ledger_weekly,2026-06-01,discovered_unassessed,,Anthropic CVD ledger,,0,
mythos_ledger_weekly,2026-06-01,hash_commitments,,Anthropic CVD ledger,,5,
mythos_ledger_weekly,2026-06-01,patched_upstream,,Anthropic CVD ledger,,13,
mythos_ledger_weekly,2026-06-08,discovered_critical,,Anthropic CVD ledger,,0,
mythos_ledger_weekly,2026-06-08,discovered_high,,Anthropic CVD ledger,,0,
mythos_ledger_weekly,2026-06-08,discovered_medium,,Anthropic CVD ledger,,0,
mythos_ledger_weekly,2026-06-08,discovered_low,,Anthropic CVD ledger,,0,
mythos_ledger_weekly,2026-06-08,discovered_unassessed,,Anthropic CVD ledger,,0,
mythos_ledger_weekly,2026-06-08,hash_commitments,,Anthropic CVD ledger,,6,
mythos_ledger_weekly,2026-06-08,patched_upstream,,Anthropic CVD ledger,,19,
mythos_ledger_weekly,2026-06-15,discovered_critical,,Anthropic CVD ledger,,0,
mythos_ledger_weekly,2026-06-15,discovered_high,,Anthropic CVD ledger,,0,
mythos_ledger_weekly,2026-06-15,discovered_medium,,Anthropic CVD ledger,,0,
mythos_ledger_weekly,2026-06-15,discovered_low,,Anthropic CVD ledger,,0,
mythos_ledger_weekly,2026-06-15,discovered_unassessed,,Anthropic CVD ledger,,0,
mythos_ledger_weekly,2026-06-15,hash_commitments,,Anthropic CVD ledger,,1,
mythos_ledger_weekly,2026-06-15,patched_upstream,,Anthropic CVD ledger,,9,
mythos_ledger_weekly,2026-06-22,discovered_critical,,Anthropic CVD ledger,,0,
mythos_ledger_weekly,2026-06-22,discovered_high,,Anthropic CVD ledger,,8,
mythos_ledger_weekly,2026-06-22,discovered_medium,,Anthropic CVD ledger,,0,
mythos_ledger_weekly,2026-06-22,discovered_low,,Anthropic CVD ledger,,0,
mythos_ledger_weekly,2026-06-22,discovered_unassessed,,Anthropic CVD ledger,,0,
mythos_ledger_weekly,2026-06-22,hash_commitments,,Anthropic CVD ledger,,0,
mythos_ledger_weekly,2026-06-22,patched_upstream,,Anthropic CVD ledger,,6,
mythos_ledger_weekly,2026-06-29,discovered_critical,,Anthropic CVD ledger,,0,
mythos_ledger_weekly,2026-06-29,discovered_high,,Anthropic CVD ledger,,0,
mythos_ledger_weekly,2026-06-29,discovered_medium,,Anthropic CVD ledger,,0,
mythos_ledger_weekly,2026-06-29,discovered_low,,Anthropic CVD ledger,,0,
mythos_ledger_weekly,2026-06-29,discovered_unassessed,,Anthropic CVD ledger,,0,
mythos_ledger_weekly,2026-06-29,hash_commitments,,Anthropic CVD ledger,,0,
mythos_ledger_weekly,2026-06-29,patched_upstream,,Anthropic CVD ledger,,10,
mythos_ledger_weekly,2026-07-06,discovered_critical,,Anthropic CVD ledger,,0,
mythos_ledger_weekly,2026-07-06,discovered_high,,Anthropic CVD ledger,,0,
mythos_ledger_weekly,2026-07-06,discovered_medium,,Anthropic CVD ledger,,0,
mythos_ledger_weekly,2026-07-06,discovered_low,,Anthropic CVD ledger,,0,
mythos_ledger_weekly,2026-07-06,discovered_unassessed,,Anthropic CVD ledger,,0,
mythos_ledger_weekly,2026-07-06,hash_commitments,,Anthropic CVD ledger,,0,
mythos_ledger_weekly,2026-07-06,patched_upstream,,Anthropic CVD ledger,,3,
mythos_ledger_weekly,2026-07-13,discovered_critical,,Anthropic CVD ledger,,0,
mythos_ledger_weekly,2026-07-13,discovered_high,,Anthropic CVD ledger,,0,
mythos_ledger_weekly,2026-07-13,discovered_medium,,Anthropic CVD ledger,,0,
mythos_ledger_weekly,2026-07-13,discovered_low,,Anthropic CVD ledger,,0,
mythos_ledger_weekly,2026-07-13,discovered_unassessed,,Anthropic CVD ledger,,0,
mythos_ledger_weekly,2026-07-13,hash_commitments,,Anthropic CVD ledger,,7,
mythos_ledger_weekly,2026-07-13,patched_upstream,,Anthropic CVD ledger,,2,
mythos_ledger_weekly,2026-07-20,discovered_critical,,Anthropic CVD ledger,,4,
mythos_ledger_weekly,2026-07-20,discovered_high,,Anthropic CVD ledger,,23,
mythos_ledger_weekly,2026-07-20,discovered_medium,,Anthropic CVD ledger,,50,
mythos_ledger_weekly,2026-07-20,discovered_low,,Anthropic CVD ledger,,77,
mythos_ledger_weekly,2026-07-20,discovered_unassessed,,Anthropic CVD ledger,,0,
mythos_ledger_weekly,2026-07-20,hash_commitments,,Anthropic CVD ledger,,384,
mythos_ledger_weekly,2026-07-20,patched_upstream,,Anthropic CVD ledger,,2,
mythos_ledger_weekly,2026-07-27,discovered_critical,,Anthropic CVD ledger,,0,
mythos_ledger_weekly,2026-07-27,discovered_high,,Anthropic CVD ledger,,0,
mythos_ledger_weekly,2026-07-27,discovered_medium,,Anthropic CVD ledger,,0,
mythos_ledger_weekly,2026-07-27,discovered_low,,Anthropic CVD ledger,,0,
mythos_ledger_weekly,2026-07-27,discovered_unassessed,,Anthropic CVD ledger,,0,
mythos_ledger_weekly,2026-07-27,hash_commitments,,Anthropic CVD ledger,,76,
mythos_ledger_weekly,2026-07-27,patched_upstream,,Anthropic CVD ledger,,4,
mythos_ledger_weekly,2026-08-03,discovered_critical,,Anthropic CVD ledger,,0,
mythos_ledger_weekly,2026-08-03,discovered_high,,Anthropic CVD ledger,,4,
mythos_ledger_weekly,2026-08-03,discovered_medium,,Anthropic CVD ledger,,0,
mythos_ledger_weekly,2026-08-03,discovered_low,,Anthropic CVD ledger,,0,
mythos_ledger_weekly,2026-08-03,discovered_unassessed,,Anthropic CVD ledger,,0,
mythos_ledger_weekly,2026-08-03,hash_commitments,,Anthropic CVD ledger,,176,
mythos_ledger_weekly,2026-08-03,patched_upstream,,Anthropic CVD ledger,,4,
mythos_ledger_weekly,2026-08-10,discovered_critical,,Anthropic CVD ledger,,0,
mythos_ledger_weekly,2026-08-10,discovered_high,,Anthropic CVD ledger,,6,
mythos_ledger_weekly,2026-08-10,discovered_medium,,Anthropic CVD ledger,,0,
mythos_ledger_weekly,2026-08-10,discovered_low,,Anthropic CVD ledger,,0,
mythos_ledger_weekly,2026-08-10,discovered_unassessed,,Anthropic CVD ledger,,0,
mythos_ledger_weekly,2026-08-10,hash_commitments,,Anthropic CVD ledger,,115,
mythos_ledger_weekly,2026-08-10,patched_upstream,,Anthropic CVD ledger,,0,
mythos_ledger_weekly,2026-08-17,discovered_critical,,Anthropic CVD ledger,,0,
mythos_ledger_weekly,2026-08-17,discovered_high,,Anthropic CVD ledger,,0,
mythos_ledger_weekly,2026-08-17,discovered_medium,,Anthropic CVD ledger,,0,
mythos_ledger_weekly,2026-08-17,discovered_low,,Anthropic CVD ledger,,0,
mythos_ledger_weekly,2026-08-17,discovered_unassessed,,Anthropic CVD ledger,,0,
mythos_ledger_weekly,2026-08-17,hash_commitments,,Anthropic CVD ledger,,199,
mythos_ledger_weekly,2026-08-17,patched_upstream,,Anthropic CVD ledger,,0,
mythos_ledger_weekly,2026-08-24,discovered_critical,,Anthropic CVD ledger,,0,
mythos_ledger_weekly,2026-08-24,discovered_high,,Anthropic CVD ledger,,0,
mythos_ledger_weekly,2026-08-24,discovered_medium,,Anthropic CVD ledger,,0,
mythos_ledger_weekly,2026-08-24,discovered_low,,Anthropic CVD ledger,,0,
mythos_ledger_weekly,2026-08-24,discovered_unassessed,,Anthropic CVD ledger,,0,
mythos_ledger_weekly,2026-08-24,hash_commitments,,Anthropic CVD ledger,,27,
mythos_ledger_weekly,2026-08-24,patched_upstream,,Anthropic CVD ledger,,0,
mythos_revealed_finding,,disclosed_and_revealed,CVE-2026-12340,wolfssl/wolfssl,heap-buffer-overflow,1,low: Heap-buffer-overflow in sha.c:733
mythos_revealed_finding,,disclosed_and_revealed,CVE-2026-13002,dnsmasq,denial-of-service,1,medium: DNSSEC NSEC typemap infinite loop hangs daemon
mythos_revealed_finding,,disclosed_and_revealed,CVE-2026-13595,util-linux/util-linux,use-after-free,1,medium: heap-use-after-free in util-linux
mythos_revealed_finding,,disclosed_and_revealed,CVE-2026-20213,cisco-talos/clamav,integer-overflow,1,high: Integer overflow in PE rebuild section size summation in Aspack unpacker
mythos_revealed_finding,,disclosed_and_revealed,CVE-2026-20214,cisco-talos/clamav,integer-underflow,1,high: Unsigned integer underflow in FSG unpacker section loop
mythos_revealed_finding,,disclosed_and_revealed,CVE-2026-20215,cisco-talos/clamav,integer-overflow,1,high: Integer overflow in 7z SubStreams count leading to heap buffer overflow
mythos_revealed_finding,,disclosed_and_revealed,CVE-2026-26980,tryghost/ghost,sql-injection,1,critical: SQLi from unauthenticated user; arbitrary DB reads (CVSS 9.1)
mythos_revealed_finding,,disclosed_and_revealed,CVE-2026-27654,nginx/nginx,heap-buffer-overflow,1,high: Heap buffer overflow in DAV COPY/MOVE with alias directive (size_t underflow in ngx_http_map_uri_to_path)
mythos_revealed_finding,,disclosed_and_revealed,CVE-2026-29198,rocketchat/rocket.chat,sql-injection,1,critical: Complete authentication bypass to admin permissions (CVSS 9.8)
mythos_revealed_finding,,disclosed_and_revealed,CVE-2026-31554,torvalds/linux,use-after-free,1,high: futex: UAF in private-hash teardown via cross-process sys_futex_requeue giving LPE
mythos_revealed_finding,,disclosed_and_revealed,CVE-2026-32316,jqlang/jq,heap-buffer-overflow,1,medium: Integer overflow in string concatenation leading to 1 GB memcpy heap buffer overflow
mythos_revealed_finding,,disclosed_and_revealed,CVE-2026-33721,mapserver,heap-buffer-overflow,1,medium: Heap buffer overflow in SLD categorize threshold parsing
mythos_revealed_finding,,disclosed_and_revealed,CVE-2026-33901,imagemagick/imagemagick,heap-buffer-overflow,1,high: Heap buffer overflow in MVG pattern rendering via CopyMagickString without bounds check
mythos_revealed_finding,,disclosed_and_revealed,CVE-2026-34580,randombit/botan,improper-cert-validation,1,high: certificate_known(): complete x509 bypass
mythos_revealed_finding,,disclosed_and_revealed,CVE-2026-35590,libvips/libvips,oob-write,1,low: Out-of-bounds IFD array access in EXIF metadata processing
mythos_revealed_finding,,disclosed_and_revealed,CVE-2026-40033,freerdp/freerdp,heap-buffer-overflow,1,critical: Heap-buffer-overflow in sanitizer_common_interceptors.inc:827
mythos_revealed_finding,,disclosed_and_revealed,CVE-2026-40383,joomla/joomla-cms,path-traversal,1,high: Path traversal in layout parameter leads to arbitrary PHP file inclusion (LFI to RCE)
mythos_revealed_finding,,disclosed_and_revealed,CVE-2026-40384,joomla/joomla-cms,path-traversal,1,medium: Path traversal via glob injection in com_media search
mythos_revealed_finding,,disclosed_and_revealed,CVE-2026-40528,opensc,stack-buffer-overflow,1,low: Stack buffer overflow in do_key_value profile parsing
mythos_revealed_finding,,disclosed_and_revealed,CVE-2026-40685,exim/exim,off-by-one,1,medium: Exim dewrap() off-by-one OOB read to code execution
mythos_revealed_finding,,disclosed_and_revealed,CVE-2026-41401,cesnet/libyang,use-after-free,1,medium: Heap use-after-free write in metadata list management during XML parsing
mythos_revealed_finding,,disclosed_and_revealed,CVE-2026-41579,opencontainers/runc,symlink-following,1,medium: Host filesystem write via /dev symlink in container image
mythos_revealed_finding,,disclosed_and_revealed,CVE-2026-41990,gpg/libgcrypt,stack-buffer-overflow,1,medium: ML-DSA context string stack buffer overflow
mythos_revealed_finding,,disclosed_and_revealed,CVE-2026-43074,torvalds/linux,use-after-free,1,high: UAF in ep_get_upwards_depth_proc() giving unprivileged LPE
mythos_revealed_finding,,disclosed_and_revealed,CVE-2026-44420,freerdp/freerdp,heap-buffer-overflow,1,critical: Heap-buffer-overflow in cliprdr_main.c:547
mythos_revealed_finding,,disclosed_and_revealed,CVE-2026-44421,freerdp/freerdp,heap-buffer-overflow,1,critical: Heap-buffer-overflow in sanitizer_common_interceptors.inc:827
mythos_revealed_finding,,disclosed_and_revealed,CVE-2026-45447,openssl/openssl,use-after-free,1,critical: PKCS7_verify frees caller-owned indata BIO when digestAlgorithms SET is empty
mythos_revealed_finding,,disclosed_and_revealed,CVE-2026-45696,openexr,heap-buffer-overflow,1,high: Heap-buffer-overflow in internal_ht.cpp:305
mythos_revealed_finding,,disclosed_and_revealed,CVE-2026-45700,freerdp/freerdp,heap-buffer-overflow,1,critical: Heap-buffer-overflow write in planar.c:472 (attacker-controlled offset)
mythos_revealed_finding,,disclosed_and_revealed,CVE-2026-46348,mastodon/mastodon,ssrf,1,high: SSRF bypass via IPv6 unspecified address (::)
mythos_revealed_finding,,disclosed_and_revealed,CVE-2026-46349,mastodon/mastodon,signature-bypass,1,high: LD-Signature bypass via JSON-LD named-graph restructuring
mythos_revealed_finding,,disclosed_and_revealed,CVE-2026-46633,twigphp/twig,code-injection,1,critical: PHP code injection via single quote in {% use %} template name
mythos_revealed_finding,,disclosed_and_revealed,CVE-2026-46639,twigphp/twig,auth-bypass,1,high: Sandbox bypass via object-destructuring assignment
mythos_revealed_finding,,disclosed_and_revealed,CVE-2026-47345,typo3,xss,1,medium: Stored XSS in TYPO3 HTML sanitizer via xmlns namespace URI injection
mythos_revealed_finding,,disclosed_and_revealed,CVE-2026-4747,freebsd/freebsd-src,stack-buffer-overflow,1,high: Unauthenticated remote code execution via svc_rpc_gss_validate stack overflow (17-year-old NFS bug)
mythos_revealed_finding,,disclosed_and_revealed,CVE-2026-4890,dnsmasq,denial-of-service,1,medium: DNSSEC NSEC typemap infinite loop hangs daemon
mythos_revealed_finding,,disclosed_and_revealed,CVE-2026-4892,dnsmasq,heap-buffer-overflow,1,high: Heap overflow in privileged helper via oversized DHCPv6 client identifier
mythos_revealed_finding,,disclosed_and_revealed,CVE-2026-48929,rocketchat/rocket.chat,auth-bypass,1,high: Unauthenticated arbitrary file deletion via deleteFileMessage Meteor method
mythos_revealed_finding,,disclosed_and_revealed,CVE-2026-5194,wolfssl/wolfssl,other,1,critical: Universal ECDSA certificate forgery for arbitrary hosts
mythos_revealed_finding,,disclosed_and_revealed,CVE-2026-5199,temporalio/temporal,broken-access-control,1,low: Cross-namespace manipulation (including deletion) of workflows on the same cluster
mythos_revealed_finding,,disclosed_and_revealed,CVE-2026-5295,wolfssl/wolfssl,buffer-overflow,1,medium: Stack buffer overflow in PKCS#7 OtherRecipientInfo OID copy
mythos_revealed_finding,,disclosed_and_revealed,CVE-2026-5398,freebsd/freebsd-src,use-after-free,1,high: Local privilege escalation via tty_drop_ctty t_session UAF
mythos_revealed_finding,,disclosed_and_revealed,CVE-2026-5446,wolfssl/wolfssl,crypto-failure,1,medium: ARIA-GCM nonce reuse in TLS 1.2 record encryption
mythos_revealed_finding,,disclosed_and_revealed,CVE-2026-5447,wolfssl/wolfssl,heap-buffer-overflow,1,medium: Heap buffer overflow in CertFromX509() from AuthorityKeyIdentifier size mismatch
mythos_revealed_finding,,disclosed_and_revealed,CVE-2026-5448,wolfssl/wolfssl,heap-buffer-overflow,1,low: 2-byte heap overflow in wolfSSL_X509_notAfter / notBefore
mythos_revealed_finding,,disclosed_and_revealed,CVE-2026-5466,wolfssl/wolfssl,signature-bypass,1,high: ECCSI universal signature forgery via r=0 s=0
mythos_revealed_finding,,disclosed_and_revealed,CVE-2026-5477,wolfssl/wolfssl,integer-overflow,1,high: CMAC 32-bit totalSz wraparound prefix substitution forgery
mythos_revealed_finding,,disclosed_and_revealed,CVE-2026-5479,wolfssl/wolfssl,crypto-failure,1,high: EVP ChaCha20-Poly1305 tag never verified
mythos_revealed_finding,,disclosed_and_revealed,CVE-2026-5500,wolfssl/wolfssl,crypto-failure,1,high: CMS AuthEnvelopedData AEAD forgery via GCM tag truncation
mythos_revealed_finding,,disclosed_and_revealed,CVE-2026-5501,wolfssl/wolfssl,improper-cert-validation,1,high: X509 verify cert leaf signature verification bypass
mythos_revealed_finding,,disclosed_and_revealed,CVE-2026-5503,wolfssl/wolfssl,heap-buffer-overflow,1,medium: ECH heap buffer overflow via public_name SNI
mythos_revealed_finding,,disclosed_and_revealed,CVE-2026-55084,dhis2/dhis2-core,sql-injection,1,high: SQL injection via unquoted column name in SqlView filter parameter
mythos_revealed_finding,,disclosed_and_revealed,CVE-2026-56132,libexpat/libexpat,heap-buffer-overflow,1,medium: Heap-buffer-overflow write in doProlog (xmlparse.c)
mythos_revealed_finding,,disclosed_and_revealed,CVE-2026-5747,firecracker-microvm/firecracker,oob-read,1,high: Virtio-PCI queue size writable after activation enables host OOB
mythos_revealed_finding,,disclosed_and_revealed,CVE-2026-58435,go-gitea/gitea,idor,1,"medium: LFS deploy-key privilege escalation, cross-repository data exfiltration"
mythos_revealed_finding,,disclosed_and_revealed,CVE-2026-6039,libreoffice,heap-buffer-overflow,1,medium: Heap buffer overflow in DXF LWPOLYLINE import via integer truncation
mythos_revealed_finding,,disclosed_and_revealed,CVE-2026-6040,libreoffice,use-after-free,1,medium: Heap use-after-free write in number format blank-width parsing
mythos_revealed_finding,,disclosed_and_revealed,CVE-2026-6045,libreoffice,heap-buffer-overflow,1,medium: Heap buffer overflow via integer overflow in EMF+ brush blend point parsing
mythos_revealed_finding,,disclosed_and_revealed,CVE-2026-6047,libreoffice,heap-buffer-overflow,1,medium: Heap buffer overflow via unsafe static_cast in OOXML VML textbox replay
mythos_revealed_finding,,disclosed_and_revealed,CVE-2026-63559,open62541,integer-overflow,1,high: Integer overflow in variant dimension validation allowing wild-address write
mythos_revealed_finding,,disclosed_and_revealed,CVE-2026-6386,freebsd/freebsd-src,use-after-free,1,high: Local privilege escalation via tty_drop_ctty t_session UAF
mythos_revealed_finding,,disclosed_and_revealed,CVE-2026-6479,postgres/postgres,denial-of-service,1,high: Pre-auth unbounded recursion in ProcessStartupPacket (alternating SSL/GSS negotiation)
mythos_revealed_finding,,disclosed_and_revealed,CVE-2026-65423,open62541,integer-overflow,1,high: Integer overflow in variant dimension validation allowing wild-address write
mythos_revealed_finding,,disclosed_and_revealed,CVE-2026-66032,libssh2/libssh2,double-free,1,high: SFTP double-free via server-controlled FXP_STATUS packet length
mythos_revealed_finding,,disclosed_and_revealed,CVE-2026-6678,wolfssl/wolfssl,buffer-overflow,1,medium: Stack buffer overflow in PKCS#7 OtherRecipientInfo OID copy
mythos_revealed_finding,,disclosed_and_revealed,CVE-2026-6772,nss,heap-buffer-overflow,1,high: Off-by-one heap buffer overflow in TLS extension negotiation (SSL_MAX_EXTENSIONS)
mythos_revealed_finding,,disclosed_and_revealed,CVE-2026-8356,libreoffice,stack-buffer-overflow,1,medium: Stack-buffer-overflow in libreoffice
mythos_revealed_finding,,disclosed_and_revealed,CVE-2026-8357,libreoffice,heap-buffer-overflow,1,medium: Heap-buffer-overflow in libreoffice
mythos_revealed_finding,,disclosed_and_revealed,CVE-2026-8358,libreoffice,heap-buffer-overflow,1,medium: Heap-buffer-overflow in libreoffice
mythos_revealed_finding,,disclosed_and_revealed,GHSA-589g-qgf8-m6mx,asterisk/asterisk,stack-buffer-overflow,1,critical: Stack buffer overflow in parse_simple_message_summary via unbounded sscanf (SIP MWI NOTIFY)
mythos_revealed_finding,,disclosed_and_revealed,GHSA-59q6-j4w8-8pjx,oisf/suricata,use-after-free,1,high: heap-use-after-free in suricata
mythos_revealed_finding,,disclosed_and_revealed,GHSA-qmc9-vqq2-8mv3,oisf/suricata,use-after-free,1,high: Use-after-free in mod.rs:547
mythos_revealed_finding,,disclosed_and_revealed,GHSA-cc7p-2j3x-x7xf,craftcms/cms,privilege-escalation,1,high: Privilege escalation/bypass through UsersController->actionImpersonateWithToken()
mythos_revealed_finding,,disclosed_and_revealed,GHSA-f26g-jm89-4g65,gitoxidelabs/gitoxide,rce,1,high: RCE when updating a Git submodule of a malicious repository
mythos_revealed_finding,,disclosed_and_revealed,GHSA-j273-m5qq-6825,junrar,path-traversal,1,medium: Arbitrary file write due to backslash path traversal
mythos_revealed_finding,,disclosed_and_revealed,GHSA-pjjp-65r7-ppgm,libass/libass,heap-buffer-overflow,1,high: heap-buffer-overflow in libass
mythos_revealed_finding,,disclosed_and_revealed,GHSA-wc3v-3457-c8cm,openmeterio/openmeter,sql-injection,1,medium: SQL injection in ClickHouse JSONPath validation
mythos_revealed_finding,,disclosed_and_revealed,GHSA-wfx7-g85r-q6vw,libgit2/libgit2,heap-buffer-overflow,1,medium: Heap buffer overflow in bundled PCRE regex compilation
mythos_revealed_finding,,disclosed_and_revealed,GHSA-wj3p-xhqm-pffc,bytecodealliance/wasm-micro-runtime,heap-buffer-overflow,1,critical: Heap-buffer-overflow in posix.c:2253
vendor_weekly_high_critical_cves,2021-01-04,high+critical,,Apache,,1,
vendor_weekly_high_critical_cves,2021-09-13,high+critical,,Apache,,1,
vendor_weekly_high_critical_cves,2021-09-27,high+critical,,Apache,,1,
vendor_weekly_high_critical_cves,2021-10-04,high+critical,,Apache,,2,
vendor_weekly_high_critical_cves,2021-12-06,high+critical,,Apache,,1,
vendor_weekly_high_critical_cves,2021-12-13,high+critical,,Apache,,2,
vendor_weekly_high_critical_cves,2022-01-17,high+critical,,Apache,,3,
vendor_weekly_high_critical_cves,2022-02-07,high+critical,,Apache,,1,
vendor_weekly_high_critical_cves,2022-04-25,high+critical,,Apache,,1,
vendor_weekly_high_critical_cves,2022-06-06,high+critical,,Apache,,1,
vendor_weekly_high_critical_cves,2022-07-04,high+critical,,Apache,,1,
vendor_weekly_high_critical_cves,2022-07-18,high+critical,,Apache,,2,
vendor_weekly_high_critical_cves,2022-08-08,high+critical,,Apache,,2,
vendor_weekly_high_critical_cves,2022-09-19,high+critical,,Apache,,5,
vendor_weekly_high_critical_cves,2022-10-10,high+critical,,Apache,,2,
vendor_weekly_high_critical_cves,2022-10-17,high+critical,,Apache,,1,
vendor_weekly_high_critical_cves,2022-10-24,high+critical,,Apache,,5,
vendor_weekly_high_critical_cves,2022-10-31,high+critical,,Apache,,3,
vendor_weekly_high_critical_cves,2022-11-07,high+critical,,Apache,,2,
vendor_weekly_high_critical_cves,2022-11-14,high+critical,,Apache,,6,
vendor_weekly_high_critical_cves,2022-11-21,high+critical,,Apache,,6,
vendor_weekly_high_critical_cves,2022-11-28,high+critical,,Apache,,2,
vendor_weekly_high_critical_cves,2022-12-12,high+critical,,Apache,,3,
vendor_weekly_high_critical_cves,2022-12-19,high+critical,,Apache,,4,
vendor_weekly_high_critical_cves,2022-12-26,high+critical,,Apache,,2,
vendor_weekly_high_critical_cves,2023-01-02,high+critical,,Apache,,1,
vendor_weekly_high_critical_cves,2023-01-16,high+critical,,Apache,,3,
vendor_weekly_high_critical_cves,2023-01-30,high+critical,,Apache,,8,
vendor_weekly_high_critical_cves,2023-02-06,high+critical,,Apache,,2,
vendor_weekly_high_critical_cves,2023-02-13,high+critical,,Apache,,2,
vendor_weekly_high_critical_cves,2023-02-20,high+critical,,Apache,,5,
vendor_weekly_high_critical_cves,2023-03-06,high+critical,,Apache,,3,
vendor_weekly_high_critical_cves,2023-03-20,high+critical,,Apache,,2,
vendor_weekly_high_critical_cves,2023-03-27,high+critical,,Apache,,4,
vendor_weekly_high_critical_cves,2023-04-03,high+critical,,Apache,,4,
vendor_weekly_high_critical_cves,2023-04-10,high+critical,,Apache,,7,
vendor_weekly_high_critical_cves,2023-04-17,high+critical,,Apache,,2,
vendor_weekly_high_critical_cves,2023-04-24,high+critical,,Apache,,1,
vendor_weekly_high_critical_cves,2023-05-01,high+critical,,Apache,,5,
vendor_weekly_high_critical_cves,2023-05-08,high+critical,,Apache,,5,
vendor_weekly_high_critical_cves,2023-05-15,high+critical,,Apache,,1,
vendor_weekly_high_critical_cves,2023-05-22,high+critical,,Apache,,11,
vendor_weekly_high_critical_cves,2023-05-29,high+critical,,Apache,,2,
vendor_weekly_high_critical_cves,2023-06-12,high+critical,,Apache,,3,
vendor_weekly_high_critical_cves,2023-06-19,high+critical,,Apache,,3,
vendor_weekly_high_critical_cves,2023-06-26,high+critical,,Apache,,2,
vendor_weekly_high_critical_cves,2023-07-03,high+critical,,Apache,,1,
vendor_weekly_high_critical_cves,2023-07-10,high+critical,,Apache,,8,
vendor_weekly_high_critical_cves,2023-07-17,high+critical,,Apache,,2,
vendor_weekly_high_critical_cves,2023-07-24,high+critical,,Apache,,6,
vendor_weekly_high_critical_cves,2023-07-31,high+critical,,Apache,,1,
vendor_weekly_high_critical_cves,2023-08-07,high+critical,,Apache,,3,
vendor_weekly_high_critical_cves,2023-08-14,high+critical,,Apache,,1,
vendor_weekly_high_critical_cves,2023-08-21,high+critical,,Apache,,2,
vendor_weekly_high_critical_cves,2023-08-28,high+critical,,Apache,,2,
vendor_weekly_high_critical_cves,2023-09-04,high+critical,,Apache,,1,
vendor_weekly_high_critical_cves,2023-09-11,high+critical,,Apache,,1,
vendor_weekly_high_critical_cves,2023-10-09,high+critical,,Apache,,1,
vendor_weekly_high_critical_cves,2023-10-16,high+critical,,Apache,,4,
vendor_weekly_high_critical_cves,2023-10-23,high+critical,,Apache,,2,
vendor_weekly_high_critical_cves,2023-11-06,high+critical,,Apache,,1,
vendor_weekly_high_critical_cves,2023-11-13,high+critical,,Apache,,1,
vendor_weekly_high_critical_cves,2023-11-20,high+critical,,Apache,,1,
vendor_weekly_high_critical_cves,2023-11-27,high+critical,,Apache,,3,
vendor_weekly_high_critical_cves,2023-12-04,high+critical,,Apache,,1,
vendor_weekly_high_critical_cves,2023-12-18,high+critical,,Apache,,3,
vendor_weekly_high_critical_cves,2023-12-25,high+critical,,Apache,,1,
vendor_weekly_high_critical_cves,2024-01-01,high+critical,,Apache,,3,
vendor_weekly_high_critical_cves,2024-01-15,high+critical,,Apache,,1,
vendor_weekly_high_critical_cves,2024-01-22,high+critical,,Apache,,2,
vendor_weekly_high_critical_cves,2024-01-29,high+critical,,Apache,,2,
vendor_weekly_high_critical_cves,2024-02-05,high+critical,,Apache,,7,
vendor_weekly_high_critical_cves,2024-02-19,high+critical,,Apache,,9,
vendor_weekly_high_critical_cves,2024-02-26,high+critical,,Apache,,8,
vendor_weekly_high_critical_cves,2024-03-04,high+critical,,Apache,,1,
vendor_weekly_high_critical_cves,2024-03-11,high+critical,,Apache,,8,
vendor_weekly_high_critical_cves,2024-03-18,high+critical,,Apache,,2,
vendor_weekly_high_critical_cves,2024-03-25,high+critical,,Apache,,3,
vendor_weekly_high_critical_cves,2024-04-01,high+critical,,Apache,,5,
vendor_weekly_high_critical_cves,2024-04-08,high+critical,,Apache,,4,
vendor_weekly_high_critical_cves,2024-04-22,high+critical,,Apache,,2,
vendor_weekly_high_critical_cves,2024-04-29,high+critical,,Apache,,1,
vendor_weekly_high_critical_cves,2024-05-06,high+critical,,Apache,,3,
vendor_weekly_high_critical_cves,2024-06-03,high+critical,,Apache,,1,
vendor_weekly_high_critical_cves,2024-06-10,high+critical,,Apache,,4,
vendor_weekly_high_critical_cves,2024-06-24,high+critical,,Apache,,1,
vendor_weekly_high_critical_cves,2024-07-01,high+critical,,Apache,,10,
vendor_weekly_high_critical_cves,2024-07-08,high+critical,,Apache,,1,
vendor_weekly_high_critical_cves,2024-07-15,high+critical,,Apache,,13,
vendor_weekly_high_critical_cves,2024-07-22,high+critical,,Apache,,8,
vendor_weekly_high_critical_cves,2024-07-29,high+critical,,Apache,,3,
vendor_weekly_high_critical_cves,2024-08-05,high+critical,,Apache,,6,
vendor_weekly_high_critical_cves,2024-08-19,high+critical,,Apache,,3,
vendor_weekly_high_critical_cves,2024-09-02,high+critical,,Apache,,4,
vendor_weekly_high_critical_cves,2024-09-16,high+critical,,Apache,,2,
vendor_weekly_high_critical_cves,2024-09-23,high+critical,,Apache,,2,
vendor_weekly_high_critical_cves,2024-09-30,high+critical,,Apache,,1,
vendor_weekly_high_critical_cves,2024-10-07,high+critical,,Apache,,2,
vendor_weekly_high_critical_cves,2024-10-14,high+critical,,Apache,,5,
vendor_weekly_high_critical_cves,2024-10-28,high+critical,,Apache,,1,
vendor_weekly_high_critical_cves,2024-11-04,high+critical,,Apache,,3,
vendor_weekly_high_critical_cves,2024-11-11,high+critical,,Apache,,5,
vendor_weekly_high_critical_cves,2024-11-18,high+critical,,Apache,,6,
vendor_weekly_high_critical_cves,2024-11-25,high+critical,,Apache,,2,
vendor_weekly_high_critical_cves,2024-12-02,high+critical,,Apache,,2,
vendor_weekly_high_critical_cves,2024-12-09,high+critical,,Apache,,3,
vendor_weekly_high_critical_cves,2024-12-16,high+critical,,Apache,,2,
vendor_weekly_high_critical_cves,2024-12-23,high+critical,,Apache,,3,
vendor_weekly_high_critical_cves,2025-01-06,high+critical,,Apache,,2,
vendor_weekly_high_critical_cves,2025-01-20,high+critical,,Apache,,4,
vendor_weekly_high_critical_cves,2025-01-27,high+critical,,Apache,,1,
vendor_weekly_high_critical_cves,2025-02-03,high+critical,,Apache,,3,
vendor_weekly_high_critical_cves,2025-02-10,high+critical,,Apache,,4,
vendor_weekly_high_critical_cves,2025-03-03,high+critical,,Apache,,1,
vendor_weekly_high_critical_cves,2025-03-10,high+critical,,Apache,,1,
vendor_weekly_high_critical_cves,2025-03-17,high+critical,,Apache,,2,
vendor_weekly_high_critical_cves,2025-03-24,high+critical,,Apache,,2,
vendor_weekly_high_critical_cves,2025-03-31,high+critical,,Apache,,3,
vendor_weekly_high_critical_cves,2025-04-07,high+critical,,Apache,,1,
vendor_weekly_high_critical_cves,2025-04-14,high+critical,,Apache,,1,
vendor_weekly_high_critical_cves,2025-04-21,high+critical,,Apache,,2,
vendor_weekly_high_critical_cves,2025-04-28,high+critical,,Apache,,2,
vendor_weekly_high_critical_cves,2025-05-05,high+critical,,Apache,,1,
vendor_weekly_high_critical_cves,2025-05-12,high+critical,,Apache,,3,
vendor_weekly_high_critical_cves,2025-05-26,high+critical,,Apache,,5,
vendor_weekly_high_critical_cves,2025-06-02,high+critical,,Apache,,1,
vendor_weekly_high_critical_cves,2025-06-09,high+critical,,Apache,,6,
vendor_weekly_high_critical_cves,2025-06-16,high+critical,,Apache,,8,
vendor_weekly_high_critical_cves,2025-06-23,high+critical,,Apache,,2,
vendor_weekly_high_critical_cves,2025-06-30,high+critical,,Apache,,1,
vendor_weekly_high_critical_cves,2025-07-07,high+critical,,Apache,,12,
vendor_weekly_high_critical_cves,2025-07-14,high+critical,,Apache,,1,
vendor_weekly_high_critical_cves,2025-07-21,high+critical,,Apache,,2,
vendor_weekly_high_critical_cves,2025-07-28,high+critical,,Apache,,3,
vendor_weekly_high_critical_cves,2025-08-04,high+critical,,Apache,,2,
vendor_weekly_high_critical_cves,2025-08-11,high+critical,,Apache,,2,
vendor_weekly_high_critical_cves,2025-08-18,high+critical,,Apache,,3,
vendor_weekly_high_critical_cves,2025-08-25,high+critical,,Apache,,1,
vendor_weekly_high_critical_cves,2025-09-01,high+critical,,Apache,,2,
vendor_weekly_high_critical_cves,2025-09-08,high+critical,,Apache,,2,
vendor_weekly_high_critical_cves,2025-09-22,high+critical,,Apache,,1,
vendor_weekly_high_critical_cves,2025-09-29,high+critical,,Apache,,4,
vendor_weekly_high_critical_cves,2025-10-06,high+critical,,Apache,,1,
vendor_weekly_high_critical_cves,2025-10-13,high+critical,,Apache,,3,
vendor_weekly_high_critical_cves,2025-10-20,high+critical,,Apache,,1,
vendor_weekly_high_critical_cves,2025-10-27,high+critical,,Apache,,3,
vendor_weekly_high_critical_cves,2025-11-10,high+critical,,Apache,,5,
vendor_weekly_high_critical_cves,2025-11-24,high+critical,,Apache,,2,
vendor_weekly_high_critical_cves,2025-12-01,high+critical,,Apache,,6,
vendor_weekly_high_critical_cves,2025-12-08,high+critical,,Apache,,6,
vendor_weekly_high_critical_cves,2025-12-15,high+critical,,Apache,,2,
vendor_weekly_high_critical_cves,2025-12-29,high+critical,,Apache,,1,
vendor_weekly_high_critical_cves,2026-01-05,high+critical,,Apache,,6,
vendor_weekly_high_critical_cves,2026-01-12,high+critical,,Apache,,3,
vendor_weekly_high_critical_cves,2026-01-19,high+critical,,Apache,,3,
vendor_weekly_high_critical_cves,2026-01-26,high+critical,,Apache,,1,
vendor_weekly_high_critical_cves,2026-02-02,high+critical,,Apache,,1,
vendor_weekly_high_critical_cves,2026-02-09,high+critical,,Apache,,3,
vendor_weekly_high_critical_cves,2026-02-16,high+critical,,Apache,,4,
vendor_weekly_high_critical_cves,2026-02-23,high+critical,,Apache,,5,
vendor_weekly_high_critical_cves,2026-03-02,high+critical,,Apache,,2,
vendor_weekly_high_critical_cves,2026-03-09,high+critical,,Apache,,4,
vendor_weekly_high_critical_cves,2026-03-16,high+critical,,Apache,,2,
vendor_weekly_high_critical_cves,2026-03-30,high+critical,,Apache,,2,
vendor_weekly_high_critical_cves,2026-04-06,high+critical,,Apache,,16,
vendor_weekly_high_critical_cves,2026-04-13,high+critical,,Apache,,13,
vendor_weekly_high_critical_cves,2026-04-20,high+critical,,Apache,,5,
vendor_weekly_high_critical_cves,2026-04-27,high+critical,,Apache,,21,
vendor_weekly_high_critical_cves,2026-05-04,high+critical,,Apache,,23,
vendor_weekly_high_critical_cves,2026-05-11,high+critical,,Apache,,7,
vendor_weekly_high_critical_cves,2026-05-18,high+critical,,Apache,,12,
vendor_weekly_high_critical_cves,2026-05-25,high+critical,,Apache,,3,
vendor_weekly_high_critical_cves,2026-06-01,high+critical,,Apache,,15,
vendor_weekly_high_critical_cves,2026-06-08,high+critical,,Apache,,20,
vendor_weekly_high_critical_cves,2026-06-15,high+critical,,Apache,,4,
vendor_weekly_high_critical_cves,2026-06-22,high+critical,,Apache,,9,
vendor_weekly_high_critical_cves,2026-06-29,high+critical,,Apache,,16,
vendor_weekly_high_critical_cves,2026-07-06,high+critical,,Apache,,40,
vendor_weekly_high_critical_cves,2026-07-13,high+critical,,Apache,,12,
vendor_weekly_high_critical_cves,2026-07-20,high+critical,,Apache,,20,
vendor_weekly_high_critical_cves,2026-07-27,high+critical,,Apache,,51,
vendor_weekly_high_critical_cves,2026-08-03,high+critical,,Apache,,43,
vendor_weekly_high_critical_cves,2026-08-10,high+critical,,Apache,,22,
vendor_weekly_high_critical_cves,2026-08-17,high+critical,,Apache,,22,
vendor_weekly_high_critical_cves,2026-08-24,high+critical,,Apache,,21,
vendor_weekly_high_critical_cves,2026-08-31,high+critical,,Apache,,2,
vendor_weekly_high_critical_cves,2021-01-04,high+critical,,Google,,2,
vendor_weekly_high_critical_cves,2021-01-11,high+critical,,Google,,1,
vendor_weekly_high_critical_cves,2021-02-08,high+critical,,Google,,1,
vendor_weekly_high_critical_cves,2021-03-08,high+critical,,Google,,1,
vendor_weekly_high_critical_cves,2021-03-15,high+critical,,Google,,1,
vendor_weekly_high_critical_cves,2021-04-12,high+critical,,Google,,1,
vendor_weekly_high_critical_cves,2021-04-26,high+critical,,Google,,3,
vendor_weekly_high_critical_cves,2021-05-24,high+critical,,Google,,1,
vendor_weekly_high_critical_cves,2021-06-14,high+critical,,Google,,1,
vendor_weekly_high_critical_cves,2021-06-28,high+critical,,Google,,2,
vendor_weekly_high_critical_cves,2021-07-05,high+critical,,Google,,1,
vendor_weekly_high_critical_cves,2021-08-02,high+critical,,Google,,2,
vendor_weekly_high_critical_cves,2021-10-04,high+critical,,Google,,4,
vendor_weekly_high_critical_cves,2021-11-22,high+critical,,Google,,1,
vendor_weekly_high_critical_cves,2021-12-06,high+critical,,Google,,1,
vendor_weekly_high_critical_cves,2021-12-13,high+critical,,Google,,1,
vendor_weekly_high_critical_cves,2022-01-03,high+critical,,Google,,1,
vendor_weekly_high_critical_cves,2022-02-07,high+critical,,Google,,1,
vendor_weekly_high_critical_cves,2022-02-21,high+critical,,Google,,1,
vendor_weekly_high_critical_cves,2022-03-14,high+critical,,Google,,2,
vendor_weekly_high_critical_cves,2022-03-28,high+critical,,Google,,1,
vendor_weekly_high_critical_cves,2022-04-04,high+critical,,Google,,1,
vendor_weekly_high_critical_cves,2022-05-02,high+critical,,Google,,1,
vendor_weekly_high_critical_cves,2022-05-16,high+critical,,Google,,2,
vendor_weekly_high_critical_cves,2022-07-18,high+critical,,Google,,2,
vendor_weekly_high_critical_cves,2022-07-25,high+critical,,Google,,2,
vendor_weekly_high_critical_cves,2022-08-08,high+critical,,Google,,4,
vendor_weekly_high_critical_cves,2022-09-05,high+critical,,Google,,1,
vendor_weekly_high_critical_cves,2022-09-12,high+critical,,Google,,5,
vendor_weekly_high_critical_cves,2022-09-19,high+critical,,Google,,3,
vendor_weekly_high_critical_cves,2022-09-26,high+critical,,Google,,30,
vendor_weekly_high_critical_cves,2022-10-03,high+critical,,Google,,1,
vendor_weekly_high_critical_cves,2022-10-10,high+critical,,Google,,2,
vendor_weekly_high_critical_cves,2022-10-24,high+critical,,Google,,1,
vendor_weekly_high_critical_cves,2022-10-31,high+critical,,Google,,8,
vendor_weekly_high_critical_cves,2022-11-07,high+critical,,Google,,19,
vendor_weekly_high_critical_cves,2022-11-14,high+critical,,Google,,1,
vendor_weekly_high_critical_cves,2022-11-21,high+critical,,Google,,3,
vendor_weekly_high_critical_cves,2022-11-28,high+critical,,Google,,2,
vendor_weekly_high_critical_cves,2022-12-12,high+critical,,Google,,63,
vendor_weekly_high_critical_cves,2023-01-02,high+critical,,Google,,4,
vendor_weekly_high_critical_cves,2023-01-09,high+critical,,Google,,8,
vendor_weekly_high_critical_cves,2023-01-23,high+critical,,Google,,21,
vendor_weekly_high_critical_cves,2023-01-30,high+critical,,Google,,2,
vendor_weekly_high_critical_cves,2023-02-06,high+critical,,Google,,3,
vendor_weekly_high_critical_cves,2023-02-13,high+critical,,Google,,1,
vendor_weekly_high_critical_cves,2023-02-20,high+critical,,Google,,8,
vendor_weekly_high_critical_cves,2023-02-27,high+critical,,Google,,12,
vendor_weekly_high_critical_cves,2023-03-06,high+critical,,Google,,10,
vendor_weekly_high_critical_cves,2023-03-20,high+critical,,Google,,54,
vendor_weekly_high_critical_cves,2023-04-03,high+critical,,Google,,6,
vendor_weekly_high_critical_cves,2023-04-10,high+critical,,Google,,3,
vendor_weekly_high_critical_cves,2023-04-17,high+critical,,Google,,34,
vendor_weekly_high_critical_cves,2023-05-01,high+critical,,Google,,3,
vendor_weekly_high_critical_cves,2023-05-08,high+critical,,Google,,2,
vendor_weekly_high_critical_cves,2023-05-15,high+critical,,Google,,13,
vendor_weekly_high_critical_cves,2023-05-22,high+critical,,Google,,2,
vendor_weekly_high_critical_cves,2023-05-29,high+critical,,Google,,9,
vendor_weekly_high_critical_cves,2023-06-05,high+critical,,Google,,3,
vendor_weekly_high_critical_cves,2023-06-12,high+critical,,Google,,4,
vendor_weekly_high_critical_cves,2023-06-26,high+critical,,Google,,6,
vendor_weekly_high_critical_cves,2023-07-10,high+critical,,Google,,1,
vendor_weekly_high_critical_cves,2023-07-17,high+critical,,Google,,4,
vendor_weekly_high_critical_cves,2023-07-24,high+critical,,Google,,7,
vendor_weekly_high_critical_cves,2023-08-07,high+critical,,Google,,1,
vendor_weekly_high_critical_cves,2023-08-14,high+critical,,Google,,9,
vendor_weekly_high_critical_cves,2023-08-21,high+critical,,Google,,1,
vendor_weekly_high_critical_cves,2023-09-04,high+critical,,Google,,11,
vendor_weekly_high_critical_cves,2023-09-11,high+critical,,Google,,6,
vendor_weekly_high_critical_cves,2023-09-18,high+critical,,Google,,1,
vendor_weekly_high_critical_cves,2023-09-25,high+critical,,Google,,2,
vendor_weekly_high_critical_cves,2023-10-02,high+critical,,Google,,3,
vendor_weekly_high_critical_cves,2023-10-09,high+critical,,Google,,4,
vendor_weekly_high_critical_cves,2023-10-23,high+critical,,Google,,9,
vendor_weekly_high_critical_cves,2023-10-30,high+critical,,Google,,18,
vendor_weekly_high_critical_cves,2023-11-06,high+critical,,Google,,1,
vendor_weekly_high_critical_cves,2023-11-13,high+critical,,Google,,1,
vendor_weekly_high_critical_cves,2023-11-27,high+critical,,Google,,3,
vendor_weekly_high_critical_cves,2023-12-04,high+critical,,Google,,6,
vendor_weekly_high_critical_cves,2023-12-11,high+critical,,Google,,7,
vendor_weekly_high_critical_cves,2023-12-18,high+critical,,Google,,5,
vendor_weekly_high_critical_cves,2023-12-25,high+critical,,Google,,1,
vendor_weekly_high_critical_cves,2024-01-01,high+critical,,Google,,8,
vendor_weekly_high_critical_cves,2024-01-15,high+critical,,Google,,3,
vendor_weekly_high_critical_cves,2024-01-22,high+critical,,Google,,7,
vendor_weekly_high_critical_cves,2024-01-29,high+critical,,Google,,5,
vendor_weekly_high_critical_cves,2024-02-05,high+critical,,Google,,3,
vendor_weekly_high_critical_cves,2024-02-12,high+critical,,Google,,23,
vendor_weekly_high_critical_cves,2024-02-19,high+critical,,Google,,5,
vendor_weekly_high_critical_cves,2024-02-26,high+critical,,Google,,2,
vendor_weekly_high_critical_cves,2024-03-04,high+critical,,Google,,2,
vendor_weekly_high_critical_cves,2024-03-11,high+critical,,Google,,41,
vendor_weekly_high_critical_cves,2024-03-18,high+critical,,Google,,2,
vendor_weekly_high_critical_cves,2024-03-25,high+critical,,Google,,4,
vendor_weekly_high_critical_cves,2024-04-01,high+critical,,Google,,15,
vendor_weekly_high_critical_cves,2024-04-08,high+critical,,Google,,2,
vendor_weekly_high_critical_cves,2024-04-15,high+critical,,Google,,7,
vendor_weekly_high_critical_cves,2024-04-29,high+critical,,Google,,4,
vendor_weekly_high_critical_cves,2024-05-06,high+critical,,Google,,13,
vendor_weekly_high_critical_cves,2024-05-13,high+critical,,Google,,4,
vendor_weekly_high_critical_cves,2024-05-20,high+critical,,Google,,4,
vendor_weekly_high_critical_cves,2024-05-27,high+critical,,Google,,8,
vendor_weekly_high_critical_cves,2024-06-03,high+critical,,Google,,3,
vendor_weekly_high_critical_cves,2024-06-10,high+critical,,Google,,44,
vendor_weekly_high_critical_cves,2024-06-17,high+critical,,Google,,4,
vendor_weekly_high_critical_cves,2024-06-24,high+critical,,Google,,5,
vendor_weekly_high_critical_cves,2024-07-08,high+critical,,Google,,27,
vendor_weekly_high_critical_cves,2024-07-15,high+critical,,Google,,20,
vendor_weekly_high_critical_cves,2024-07-29,high+critical,,Google,,3,
vendor_weekly_high_critical_cves,2024-08-05,high+critical,,Google,,15,
vendor_weekly_high_critical_cves,2024-08-12,high+critical,,Google,,10,
vendor_weekly_high_critical_cves,2024-08-19,high+critical,,Google,,14,
vendor_weekly_high_critical_cves,2024-08-26,high+critical,,Google,,3,
vendor_weekly_high_critical_cves,2024-09-02,high+critical,,Google,,2,
vendor_weekly_high_critical_cves,2024-09-09,high+critical,,Google,,18,
vendor_weekly_high_critical_cves,2024-09-16,high+critical,,Google,,3,
vendor_weekly_high_critical_cves,2024-09-23,high+critical,,Google,,9,
vendor_weekly_high_critical_cves,2024-09-30,high+critical,,Google,,1,
vendor_weekly_high_critical_cves,2024-10-07,high+critical,,Google,,4,
vendor_weekly_high_critical_cves,2024-10-14,high+critical,,Google,,8,
vendor_weekly_high_critical_cves,2024-10-21,high+critical,,Google,,18,
vendor_weekly_high_critical_cves,2024-10-28,high+critical,,Google,,2,
vendor_weekly_high_critical_cves,2024-11-04,high+critical,,Google,,2,
vendor_weekly_high_critical_cves,2024-11-11,high+critical,,Google,,22,
vendor_weekly_high_critical_cves,2024-11-18,high+critical,,Google,,4,
vendor_weekly_high_critical_cves,2024-11-25,high+critical,,Google,,2,
vendor_weekly_high_critical_cves,2024-12-02,high+critical,,Google,,1,
vendor_weekly_high_critical_cves,2024-12-09,high+critical,,Google,,2,
vendor_weekly_high_critical_cves,2024-12-16,high+critical,,Google,,7,
vendor_weekly_high_critical_cves,2024-12-30,high+critical,,Google,,17,
vendor_weekly_high_critical_cves,2025-01-06,high+critical,,Google,,2,
vendor_weekly_high_critical_cves,2025-01-13,high+critical,,Google,,5,
vendor_weekly_high_critical_cves,2025-01-20,high+critical,,Google,,21,
vendor_weekly_high_critical_cves,2025-01-27,high+critical,,Google,,12,
vendor_weekly_high_critical_cves,2025-02-03,high+critical,,Google,,1,
vendor_weekly_high_critical_cves,2025-02-10,high+critical,,Google,,2,
vendor_weekly_high_critical_cves,2025-02-17,high+critical,,Google,,3,
vendor_weekly_high_critical_cves,2025-03-03,high+critical,,Google,,5,
vendor_weekly_high_critical_cves,2025-03-10,high+critical,,Google,,7,
vendor_weekly_high_critical_cves,2025-03-17,high+critical,,Google,,1,
vendor_weekly_high_critical_cves,2025-03-24,high+critical,,Google,,2,
vendor_weekly_high_critical_cves,2025-03-31,high+critical,,Google,,4,
vendor_weekly_high_critical_cves,2025-04-14,high+critical,,Google,,6,
vendor_weekly_high_critical_cves,2025-05-05,high+critical,,Google,,6,
vendor_weekly_high_critical_cves,2025-05-12,high+critical,,Google,,2,
vendor_weekly_high_critical_cves,2025-05-26,high+critical,,Google,,3,
vendor_weekly_high_critical_cves,2025-06-02,high+critical,,Google,,2,
vendor_weekly_high_critical_cves,2025-06-09,high+critical,,Google,,3,
vendor_weekly_high_critical_cves,2025-06-16,high+critical,,Google,,5,
vendor_weekly_high_critical_cves,2025-06-30,high+critical,,Google,,1,
vendor_weekly_high_critical_cves,2025-07-14,high+critical,,Google,,4,
vendor_weekly_high_critical_cves,2025-07-21,high+critical,,Google,,2,
vendor_weekly_high_critical_cves,2025-07-28,high+critical,,Google,,1,
vendor_weekly_high_critical_cves,2025-08-04,high+critical,,Google,,2,
vendor_weekly_high_critical_cves,2025-08-11,high+critical,,Google,,5,
vendor_weekly_high_critical_cves,2025-08-18,high+critical,,Google,,2,
vendor_weekly_high_critical_cves,2025-08-25,high+critical,,Google,,20,
vendor_weekly_high_critical_cves,2025-09-01,high+critical,,Google,,101,
vendor_weekly_high_critical_cves,2025-09-08,high+critical,,Google,,4,
vendor_weekly_high_critical_cves,2025-09-15,high+critical,,Google,,2,
vendor_weekly_high_critical_cves,2025-09-22,high+critical,,Google,,7,
vendor_weekly_high_critical_cves,2025-10-06,high+critical,,Google,,4,
vendor_weekly_high_critical_cves,2025-10-13,high+critical,,Google,,5,
vendor_weekly_high_critical_cves,2025-10-27,high+critical,,Google,,1,
vendor_weekly_high_critical_cves,2025-11-03,high+critical,,Google,,9,
vendor_weekly_high_critical_cves,2025-11-10,high+critical,,Google,,16,
vendor_weekly_high_critical_cves,2025-11-17,high+critical,,Google,,10,
vendor_weekly_high_critical_cves,2025-11-24,high+critical,,Google,,4,
vendor_weekly_high_critical_cves,2025-12-01,high+critical,,Google,,9,
vendor_weekly_high_critical_cves,2025-12-08,high+critical,,Google,,56,
vendor_weekly_high_critical_cves,2025-12-15,high+critical,,Google,,2,
vendor_weekly_high_critical_cves,2026-01-05,high+critical,,Google,,1,
vendor_weekly_high_critical_cves,2026-01-12,high+critical,,Google,,3,
vendor_weekly_high_critical_cves,2026-01-19,high+critical,,Google,,9,
vendor_weekly_high_critical_cves,2026-02-02,high+critical,,Google,,4,
vendor_weekly_high_critical_cves,2026-02-09,high+critical,,Google,,8,
vendor_weekly_high_critical_cves,2026-02-16,high+critical,,Google,,6,
vendor_weekly_high_critical_cves,2026-02-23,high+critical,,Google,,5,
vendor_weekly_high_critical_cves,2026-03-02,high+critical,,Google,,56,
vendor_weekly_high_critical_cves,2026-03-09,high+critical,,Google,,34,
vendor_weekly_high_critical_cves,2026-03-16,high+critical,,Google,,25,
vendor_weekly_high_critical_cves,2026-03-23,high+critical,,Google,,8,
vendor_weekly_high_critical_cves,2026-03-30,high+critical,,Google,,17,
vendor_weekly_high_critical_cves,2026-04-06,high+critical,,Google,,28,
vendor_weekly_high_critical_cves,2026-04-13,high+critical,,Google,,28,
vendor_weekly_high_critical_cves,2026-04-20,high+critical,,Google,,4,
vendor_weekly_high_critical_cves,2026-04-27,high+critical,,Google,,27,
vendor_weekly_high_critical_cves,2026-05-04,high+critical,,Google,,61,
vendor_weekly_high_critical_cves,2026-05-11,high+critical,,Google,,46,
vendor_weekly_high_critical_cves,2026-05-18,high+critical,,Google,,10,
vendor_weekly_high_critical_cves,2026-05-25,high+critical,,Google,,117,
vendor_weekly_high_critical_cves,2026-06-01,high+critical,,Google,,261,
vendor_weekly_high_critical_cves,2026-06-08,high+critical,,Google,,81,
vendor_weekly_high_critical_cves,2026-06-15,high+critical,,Google,,64,
vendor_weekly_high_critical_cves,2026-06-22,high+critical,,Google,,16,
vendor_weekly_high_critical_cves,2026-06-29,high+critical,,Google,,186,
vendor_weekly_high_critical_cves,2026-07-06,high+critical,,Google,,19,
vendor_weekly_high_critical_cves,2026-07-13,high+critical,,Google,,11,
vendor_weekly_high_critical_cves,2026-07-20,high+critical,,Google,,24,
vendor_weekly_high_critical_cves,2026-07-27,high+critical,,Google,,138,
vendor_weekly_high_critical_cves,2026-08-03,high+critical,,Google,,39,
vendor_weekly_high_critical_cves,2026-08-10,high+critical,,Google,,5,
vendor_weekly_high_critical_cves,2026-08-17,high+critical,,Google,,20,
vendor_weekly_high_critical_cves,2026-08-24,high+critical,,Google,,126,
vendor_weekly_high_critical_cves,2026-08-31,high+critical,,Google,,26,
vendor_weekly_high_critical_cves,2021-01-04,high+critical,,Cisco,,1,
vendor_weekly_high_critical_cves,2021-01-11,high+critical,,Cisco,,68,
vendor_weekly_high_critical_cves,2021-01-18,high+critical,,Cisco,,31,
vendor_weekly_high_critical_cves,2021-02-01,high+critical,,Cisco,,48,
vendor_weekly_high_critical_cves,2021-02-15,high+critical,,Cisco,,1,
vendor_weekly_high_critical_cves,2021-02-22,high+critical,,Cisco,,9,
vendor_weekly_high_critical_cves,2021-03-15,high+critical,,Cisco,,1,
vendor_weekly_high_critical_cves,2021-03-22,high+critical,,Cisco,,17,
vendor_weekly_high_critical_cves,2021-04-05,high+critical,,Cisco,,12,
vendor_weekly_high_critical_cves,2021-04-26,high+critical,,Cisco,,6,
vendor_weekly_high_critical_cves,2021-05-03,high+critical,,Cisco,,23,
vendor_weekly_high_critical_cves,2021-05-17,high+critical,,Cisco,,2,
vendor_weekly_high_critical_cves,2021-05-31,high+critical,,Cisco,,6,
vendor_weekly_high_critical_cves,2021-06-14,high+critical,,Cisco,,6,
vendor_weekly_high_critical_cves,2021-06-28,high+critical,,Cisco,,1,
vendor_weekly_high_critical_cves,2021-07-05,high+critical,,Cisco,,3,
vendor_weekly_high_critical_cves,2021-07-12,high+critical,,Cisco,,1,
vendor_weekly_high_critical_cves,2021-07-19,high+critical,,Cisco,,2,
vendor_weekly_high_critical_cves,2021-08-02,high+critical,,Cisco,,5,
vendor_weekly_high_critical_cves,2021-08-16,high+critical,,Cisco,,2,
vendor_weekly_high_critical_cves,2021-08-23,high+critical,,Cisco,,7,
vendor_weekly_high_critical_cves,2021-08-30,high+critical,,Cisco,,1,
vendor_weekly_high_critical_cves,2021-09-06,high+critical,,Cisco,,5,
vendor_weekly_high_critical_cves,2021-09-20,high+critical,,Cisco,,18,
vendor_weekly_high_critical_cves,2021-10-04,high+critical,,Cisco,,6,
vendor_weekly_high_critical_cves,2021-10-18,high+critical,,Cisco,,1,
vendor_weekly_high_critical_cves,2021-10-25,high+critical,,Cisco,,8,
vendor_weekly_high_critical_cves,2021-11-01,high+critical,,Cisco,,6,
vendor_weekly_high_critical_cves,2022-01-10,high+critical,,Cisco,,4,
vendor_weekly_high_critical_cves,2022-02-07,high+critical,,Cisco,,15,
vendor_weekly_high_critical_cves,2022-02-14,high+critical,,Cisco,,1,
vendor_weekly_high_critical_cves,2022-02-21,high+critical,,Cisco,,3,
vendor_weekly_high_critical_cves,2022-04-04,high+critical,,Cisco,,4,
vendor_weekly_high_critical_cves,2022-04-11,high+critical,,Cisco,,13,
vendor_weekly_high_critical_cves,2022-04-18,high+critical,,Cisco,,3,
vendor_weekly_high_critical_cves,2022-05-02,high+critical,,Cisco,,16,
vendor_weekly_high_critical_cves,2022-06-13,high+critical,,Cisco,,4,
vendor_weekly_high_critical_cves,2022-06-20,high+critical,,Cisco,,1,
vendor_weekly_high_critical_cves,2022-07-04,high+critical,,Cisco,,3,
vendor_weekly_high_critical_cves,2022-07-18,high+critical,,Cisco,,4,
vendor_weekly_high_critical_cves,2022-08-08,high+critical,,Cisco,,5,
vendor_weekly_high_critical_cves,2022-08-22,high+critical,,Cisco,,3,
vendor_weekly_high_critical_cves,2022-09-05,high+critical,,Cisco,,1,
vendor_weekly_high_critical_cves,2022-09-26,high+critical,,Cisco,,9,
vendor_weekly_high_critical_cves,2022-10-10,high+critical,,Cisco,,4,
vendor_weekly_high_critical_cves,2022-10-24,high+critical,,Cisco,,2,
vendor_weekly_high_critical_cves,2022-10-31,high+critical,,Cisco,,5,
vendor_weekly_high_critical_cves,2022-11-07,high+critical,,Cisco,,6,
vendor_weekly_high_critical_cves,2022-12-05,high+critical,,Cisco,,1,
vendor_weekly_high_critical_cves,2023-01-16,high+critical,,Cisco,,5,
vendor_weekly_high_critical_cves,2023-02-06,high+critical,,Cisco,,1,
vendor_weekly_high_critical_cves,2023-02-13,high+critical,,Cisco,,3,
vendor_weekly_high_critical_cves,2023-02-20,high+critical,,Cisco,,2,
vendor_weekly_high_critical_cves,2023-02-27,high+critical,,Cisco,,2,
vendor_weekly_high_critical_cves,2023-03-06,high+critical,,Cisco,,2,
vendor_weekly_high_critical_cves,2023-03-20,high+critical,,Cisco,,8,
vendor_weekly_high_critical_cves,2023-04-03,high+critical,,Cisco,,3,
vendor_weekly_high_critical_cves,2023-05-01,high+critical,,Cisco,,1,
vendor_weekly_high_critical_cves,2023-05-08,high+critical,,Cisco,,1,
vendor_weekly_high_critical_cves,2023-05-15,high+critical,,Cisco,,9,
vendor_weekly_high_critical_cves,2023-06-26,high+critical,,Cisco,,5,
vendor_weekly_high_critical_cves,2023-07-10,high+critical,,Cisco,,1,
vendor_weekly_high_critical_cves,2023-07-31,high+critical,,Cisco,,1,
vendor_weekly_high_critical_cves,2023-08-14,high+critical,,Cisco,,5,
vendor_weekly_high_critical_cves,2023-08-21,high+critical,,Cisco,,3,
vendor_weekly_high_critical_cves,2023-09-04,high+critical,,Cisco,,2,
vendor_weekly_high_critical_cves,2023-09-25,high+critical,,Cisco,,11,
vendor_weekly_high_critical_cves,2023-10-02,high+critical,,Cisco,,2,
vendor_weekly_high_critical_cves,2023-10-16,high+critical,,Cisco,,1,
vendor_weekly_high_critical_cves,2023-10-23,high+critical,,Cisco,,1,
vendor_weekly_high_critical_cves,2023-10-30,high+critical,,Cisco,,10,
vendor_weekly_high_critical_cves,2024-01-15,high+critical,,Cisco,,1,
vendor_weekly_high_critical_cves,2024-01-22,high+critical,,Cisco,,1,
vendor_weekly_high_critical_cves,2024-02-05,high+critical,,Cisco,,4,
vendor_weekly_high_critical_cves,2024-02-26,high+critical,,Cisco,,2,
vendor_weekly_high_critical_cves,2024-03-04,high+critical,,Cisco,,2,
vendor_weekly_high_critical_cves,2024-03-11,high+critical,,Cisco,,3,
vendor_weekly_high_critical_cves,2024-03-25,high+critical,,Cisco,,8,
vendor_weekly_high_critical_cves,2024-04-01,high+critical,,Cisco,,2,
vendor_weekly_high_critical_cves,2024-04-15,high+critical,,Cisco,,1,
vendor_weekly_high_critical_cves,2024-04-22,high+critical,,Cisco,,4,
vendor_weekly_high_critical_cves,2024-04-29,high+critical,,Cisco,,2,
vendor_weekly_high_critical_cves,2024-05-13,high+critical,,Cisco,,3,
vendor_weekly_high_critical_cves,2024-05-20,high+critical,,Cisco,,1,
vendor_weekly_high_critical_cves,2024-06-03,high+critical,,Cisco,,1,
vendor_weekly_high_critical_cves,2024-07-15,high+critical,,Cisco,,4,
vendor_weekly_high_critical_cves,2024-08-05,high+critical,,Cisco,,3,
vendor_weekly_high_critical_cves,2024-08-19,high+critical,,Cisco,,1,
vendor_weekly_high_critical_cves,2024-08-26,high+critical,,Cisco,,1,
vendor_weekly_high_critical_cves,2024-09-02,high+critical,,Cisco,,2,
vendor_weekly_high_critical_cves,2024-09-09,high+critical,,Cisco,,8,
vendor_weekly_high_critical_cves,2024-09-23,high+critical,,Cisco,,8,
vendor_weekly_high_critical_cves,2024-09-30,high+critical,,Cisco,,6,
vendor_weekly_high_critical_cves,2024-10-14,high+critical,,Cisco,,2,
vendor_weekly_high_critical_cves,2024-10-21,high+critical,,Cisco,,13,
vendor_weekly_high_critical_cves,2024-11-04,high+critical,,Cisco,,3,
vendor_weekly_high_critical_cves,2024-11-11,high+critical,,Cisco,,8,
vendor_weekly_high_critical_cves,2024-11-18,high+critical,,Cisco,,5,
vendor_weekly_high_critical_cves,2025-01-20,high+critical,,Cisco,,2,
vendor_weekly_high_critical_cves,2025-02-03,high+critical,,Cisco,,10,
vendor_weekly_high_critical_cves,2025-02-24,high+critical,,Cisco,,1,
vendor_weekly_high_critical_cves,2025-03-03,high+critical,,Cisco,,1,
vendor_weekly_high_critical_cves,2025-03-10,high+critical,,Cisco,,6,
vendor_weekly_high_critical_cves,2025-03-24,high+critical,,Cisco,,2,
vendor_weekly_high_critical_cves,2025-03-31,high+critical,,Cisco,,2,
vendor_weekly_high_critical_cves,2025-04-14,high+critical,,Cisco,,1,
vendor_weekly_high_critical_cves,2025-05-05,high+critical,,Cisco,,13,
vendor_weekly_high_critical_cves,2025-05-19,high+critical,,Cisco,,2,
vendor_weekly_high_critical_cves,2025-06-02,high+critical,,Cisco,,4,
vendor_weekly_high_critical_cves,2025-06-16,high+critical,,Cisco,,2,
vendor_weekly_high_critical_cves,2025-06-23,high+critical,,Cisco,,2,
vendor_weekly_high_critical_cves,2025-06-30,high+critical,,Cisco,,1,
vendor_weekly_high_critical_cves,2025-07-14,high+critical,,Cisco,,1,
vendor_weekly_high_critical_cves,2025-08-11,high+critical,,Cisco,,14,
vendor_weekly_high_critical_cves,2025-08-25,high+critical,,Cisco,,2,
vendor_weekly_high_critical_cves,2025-09-08,high+critical,,Cisco,,1,
vendor_weekly_high_critical_cves,2025-09-22,high+critical,,Cisco,,9,
vendor_weekly_high_critical_cves,2025-09-29,high+critical,,Cisco,,1,
vendor_weekly_high_critical_cves,2025-10-13,high+critical,,Cisco,,1,
vendor_weekly_high_critical_cves,2025-11-03,high+critical,,Cisco,,3,
vendor_weekly_high_critical_cves,2025-11-10,high+critical,,Cisco,,1,
vendor_weekly_high_critical_cves,2025-12-01,high+critical,,Cisco,,2,
vendor_weekly_high_critical_cves,2025-12-15,high+critical,,Cisco,,1,
vendor_weekly_high_critical_cves,2026-01-19,high+critical,,Cisco,,1,
vendor_weekly_high_critical_cves,2026-02-02,high+critical,,Cisco,,2,
vendor_weekly_high_critical_cves,2026-02-23,high+critical,,Cisco,,8,
vendor_weekly_high_critical_cves,2026-03-02,high+critical,,Cisco,,12,
vendor_weekly_high_critical_cves,2026-03-09,high+critical,,Cisco,,4,
vendor_weekly_high_critical_cves,2026-03-23,high+critical,,Cisco,,5,
vendor_weekly_high_critical_cves,2026-03-30,high+critical,,Cisco,,5,
vendor_weekly_high_critical_cves,2026-04-13,high+critical,,Cisco,,6,
vendor_weekly_high_critical_cves,2026-05-04,high+critical,,Cisco,,4,
vendor_weekly_high_critical_cves,2026-05-11,high+critical,,Cisco,,2,
vendor_weekly_high_critical_cves,2026-05-18,high+critical,,Cisco,,3,
vendor_weekly_high_critical_cves,2026-06-01,high+critical,,Cisco,,2,
vendor_weekly_high_critical_cves,2026-06-08,high+critical,,Cisco,,4,
vendor_weekly_high_critical_cves,2026-06-15,high+critical,,Cisco,,3,
vendor_weekly_high_critical_cves,2026-06-29,high+critical,,Cisco,,8,
vendor_weekly_high_critical_cves,2026-07-13,high+critical,,Cisco,,8,
vendor_weekly_high_critical_cves,2026-08-03,high+critical,,Cisco,,23,
vendor_weekly_high_critical_cves,2026-08-10,high+critical,,Cisco,,1,
vendor_weekly_high_critical_cves,2026-08-17,high+critical,,Cisco,,54,
vendor_weekly_high_critical_cves,2026-08-31,high+critical,,Cisco,,9,
vendor_weekly_high_critical_cves,2021-01-04,high+critical,,NVIDIA,,1,
vendor_weekly_high_critical_cves,2021-01-25,high+critical,,NVIDIA,,1,
vendor_weekly_high_critical_cves,2021-04-19,high+critical,,NVIDIA,,2,
vendor_weekly_high_critical_cves,2021-04-26,high+critical,,NVIDIA,,7,
vendor_weekly_high_critical_cves,2021-06-21,high+critical,,NVIDIA,,2,
vendor_weekly_high_critical_cves,2021-06-28,high+critical,,NVIDIA,,8,
vendor_weekly_high_critical_cves,2021-07-19,high+critical,,NVIDIA,,7,
vendor_weekly_high_critical_cves,2021-08-09,high+critical,,NVIDIA,,6,
vendor_weekly_high_critical_cves,2021-10-25,high+critical,,NVIDIA,,3,
vendor_weekly_high_critical_cves,2021-11-15,high+critical,,NVIDIA,,2,
vendor_weekly_high_critical_cves,2021-12-20,high+critical,,NVIDIA,,1,
vendor_weekly_high_critical_cves,2022-01-17,high+critical,,NVIDIA,,3,
vendor_weekly_high_critical_cves,2022-01-31,high+critical,,NVIDIA,,1,
vendor_weekly_high_critical_cves,2022-03-07,high+critical,,NVIDIA,,1,
vendor_weekly_high_critical_cves,2022-03-14,high+critical,,NVIDIA,,1,
vendor_weekly_high_critical_cves,2022-03-28,high+critical,,NVIDIA,,1,
vendor_weekly_high_critical_cves,2022-04-25,high+critical,,NVIDIA,,1,
vendor_weekly_high_critical_cves,2022-05-16,high+critical,,NVIDIA,,4,
vendor_weekly_high_critical_cves,2022-06-27,high+critical,,NVIDIA,,3,
vendor_weekly_high_critical_cves,2022-07-04,high+critical,,NVIDIA,,2,
vendor_weekly_high_critical_cves,2022-08-01,high+critical,,NVIDIA,,2,
vendor_weekly_high_critical_cves,2022-08-29,high+critical,,NVIDIA,,1,
vendor_weekly_high_critical_cves,2022-11-14,high+critical,,NVIDIA,,7,
vendor_weekly_high_critical_cves,2022-12-26,high+critical,,NVIDIA,,13,
vendor_weekly_high_critical_cves,2023-01-09,high+critical,,NVIDIA,,13,
vendor_weekly_high_critical_cves,2023-02-06,high+critical,,NVIDIA,,1,
vendor_weekly_high_critical_cves,2023-03-27,high+critical,,NVIDIA,,7,
vendor_weekly_high_critical_cves,2023-04-17,high+critical,,NVIDIA,,9,
vendor_weekly_high_critical_cves,2023-06-19,high+critical,,NVIDIA,,2,
vendor_weekly_high_critical_cves,2023-07-03,high+critical,,NVIDIA,,4,
vendor_weekly_high_critical_cves,2023-09-11,high+critical,,NVIDIA,,1,
vendor_weekly_high_critical_cves,2023-09-18,high+critical,,NVIDIA,,9,
vendor_weekly_high_critical_cves,2023-10-30,high+critical,,NVIDIA,,4,
vendor_weekly_high_critical_cves,2024-01-08,high+critical,,NVIDIA,,6,
vendor_weekly_high_critical_cves,2024-01-22,high+critical,,NVIDIA,,1,
vendor_weekly_high_critical_cves,2024-03-25,high+critical,,NVIDIA,,4,
vendor_weekly_high_critical_cves,2024-04-01,high+critical,,NVIDIA,,1,
vendor_weekly_high_critical_cves,2024-04-08,high+critical,,NVIDIA,,1,
vendor_weekly_high_critical_cves,2024-05-06,high+critical,,NVIDIA,,3,
vendor_weekly_high_critical_cves,2024-06-10,high+critical,,NVIDIA,,5,
vendor_weekly_high_critical_cves,2024-08-05,high+critical,,NVIDIA,,4,
vendor_weekly_high_critical_cves,2024-09-23,high+critical,,NVIDIA,,1,
vendor_weekly_high_critical_cves,2024-10-21,high+critical,,NVIDIA,,8,
vendor_weekly_high_critical_cves,2024-10-28,high+critical,,NVIDIA,,2,
vendor_weekly_high_critical_cves,2024-11-18,high+critical,,NVIDIA,,2,
vendor_weekly_high_critical_cves,2024-12-02,high+critical,,NVIDIA,,1,
vendor_weekly_high_critical_cves,2025-01-27,high+critical,,NVIDIA,,4,
vendor_weekly_high_critical_cves,2025-02-10,high+critical,,NVIDIA,,2,
vendor_weekly_high_critical_cves,2025-02-24,high+critical,,NVIDIA,,1,
vendor_weekly_high_critical_cves,2025-03-03,high+critical,,NVIDIA,,1,
vendor_weekly_high_critical_cves,2025-03-10,high+critical,,NVIDIA,,2,
vendor_weekly_high_critical_cves,2025-04-21,high+critical,,NVIDIA,,3,
vendor_weekly_high_critical_cves,2025-04-28,high+critical,,NVIDIA,,2,
vendor_weekly_high_critical_cves,2025-06-23,high+critical,,NVIDIA,,2,
vendor_weekly_high_critical_cves,2025-07-14,high+critical,,NVIDIA,,4,
vendor_weekly_high_critical_cves,2025-07-28,high+critical,,NVIDIA,,7,
vendor_weekly_high_critical_cves,2025-08-04,high+critical,,NVIDIA,,14,
vendor_weekly_high_critical_cves,2025-08-11,high+critical,,NVIDIA,,8,
vendor_weekly_high_critical_cves,2025-08-25,high+critical,,NVIDIA,,5,
vendor_weekly_high_critical_cves,2025-09-01,high+critical,,NVIDIA,,3,
vendor_weekly_high_critical_cves,2025-09-08,high+critical,,NVIDIA,,3,
vendor_weekly_high_critical_cves,2025-09-15,high+critical,,NVIDIA,,4,
vendor_weekly_high_critical_cves,2025-09-22,high+critical,,NVIDIA,,4,
vendor_weekly_high_critical_cves,2025-09-29,high+critical,,NVIDIA,,2,
vendor_weekly_high_critical_cves,2025-10-06,high+critical,,NVIDIA,,3,
vendor_weekly_high_critical_cves,2025-10-13,high+critical,,NVIDIA,,2,
vendor_weekly_high_critical_cves,2025-10-20,high+critical,,NVIDIA,,2,
vendor_weekly_high_critical_cves,2025-11-03,high+critical,,NVIDIA,,1,
vendor_weekly_high_critical_cves,2025-11-10,high+critical,,NVIDIA,,4,
vendor_weekly_high_critical_cves,2025-11-17,high+critical,,NVIDIA,,2,
vendor_weekly_high_critical_cves,2025-11-24,high+critical,,NVIDIA,,6,
vendor_weekly_high_critical_cves,2025-12-01,high+critical,,NVIDIA,,3,
vendor_weekly_high_critical_cves,2025-12-08,high+critical,,NVIDIA,,2,
vendor_weekly_high_critical_cves,2025-12-15,high+critical,,NVIDIA,,5,
vendor_weekly_high_critical_cves,2025-12-22,high+critical,,NVIDIA,,3,
vendor_weekly_high_critical_cves,2026-01-12,high+critical,,NVIDIA,,1,
vendor_weekly_high_critical_cves,2026-01-19,high+critical,,NVIDIA,,4,
vendor_weekly_high_critical_cves,2026-01-26,high+critical,,NVIDIA,,5,
vendor_weekly_high_critical_cves,2026-02-02,high+critical,,NVIDIA,,1,
vendor_weekly_high_critical_cves,2026-02-16,high+critical,,NVIDIA,,12,
vendor_weekly_high_critical_cves,2026-02-23,high+critical,,NVIDIA,,3,
vendor_weekly_high_critical_cves,2026-03-23,high+critical,,NVIDIA,,12,
vendor_weekly_high_critical_cves,2026-03-30,high+critical,,NVIDIA,,4,
vendor_weekly_high_critical_cves,2026-04-06,high+critical,,NVIDIA,,5,
vendor_weekly_high_critical_cves,2026-04-20,high+critical,,NVIDIA,,2,
vendor_weekly_high_critical_cves,2026-04-27,high+critical,,NVIDIA,,3,
vendor_weekly_high_critical_cves,2026-05-18,high+critical,,NVIDIA,,12,
vendor_weekly_high_critical_cves,2026-05-25,high+critical,,NVIDIA,,11,
vendor_weekly_high_critical_cves,2026-06-01,high+critical,,NVIDIA,,2,
vendor_weekly_high_critical_cves,2026-06-08,high+critical,,NVIDIA,,2,
vendor_weekly_high_critical_cves,2026-06-15,high+critical,,NVIDIA,,2,
vendor_weekly_high_critical_cves,2026-06-29,high+critical,,NVIDIA,,16,
vendor_weekly_high_critical_cves,2026-07-13,high+critical,,NVIDIA,,14,
vendor_weekly_high_critical_cves,2026-07-27,high+critical,,NVIDIA,,2,
vendor_weekly_high_critical_cves,2026-08-03,high+critical,,NVIDIA,,11,
vendor_weekly_high_critical_cves,2026-08-17,high+critical,,NVIDIA,,6,
vendor_weekly_high_critical_cves,2026-08-24,high+critical,,NVIDIA,,19,
vendor_weekly_high_critical_cves,2026-08-31,high+critical,,NVIDIA,,30,
vendor_weekly_high_critical_cves,2021-01-11,high+critical,,Microsoft,,63,
vendor_weekly_high_critical_cves,2021-02-22,high+critical,,Microsoft,,37,
vendor_weekly_high_critical_cves,2021-03-01,high+critical,,Microsoft,,6,
vendor_weekly_high_critical_cves,2021-03-08,high+critical,,Microsoft,,71,
vendor_weekly_high_critical_cves,2021-04-12,high+critical,,Microsoft,,80,
vendor_weekly_high_critical_cves,2021-05-10,high+critical,,Microsoft,,37,
vendor_weekly_high_critical_cves,2021-06-07,high+critical,,Microsoft,,37,
vendor_weekly_high_critical_cves,2021-06-28,high+critical,,Microsoft,,1,
vendor_weekly_high_critical_cves,2021-07-12,high+critical,,Microsoft,,87,
vendor_weekly_high_critical_cves,2021-07-19,high+critical,,Microsoft,,1,
vendor_weekly_high_critical_cves,2021-08-09,high+critical,,Microsoft,,35,
vendor_weekly_high_critical_cves,2021-09-13,high+critical,,Microsoft,,44,
vendor_weekly_high_critical_cves,2021-10-11,high+critical,,Microsoft,,47,
vendor_weekly_high_critical_cves,2021-11-08,high+critical,,Microsoft,,29,
vendor_weekly_high_critical_cves,2021-11-22,high+critical,,Microsoft,,1,
vendor_weekly_high_critical_cves,2021-12-13,high+critical,,Microsoft,,54,
vendor_weekly_high_critical_cves,2021-12-27,high+critical,,Microsoft,,1,
vendor_weekly_high_critical_cves,2022-01-10,high+critical,,Microsoft,,69,
vendor_weekly_high_critical_cves,2022-02-07,high+critical,,Microsoft,,36,
vendor_weekly_high_critical_cves,2022-03-07,high+critical,,Microsoft,,49,
vendor_weekly_high_critical_cves,2022-04-04,high+critical,,Microsoft,,8,
vendor_weekly_high_critical_cves,2022-04-11,high+critical,,Microsoft,,91,
vendor_weekly_high_critical_cves,2022-05-09,high+critical,,Microsoft,,50,
vendor_weekly_high_critical_cves,2022-05-16,high+critical,,Microsoft,,1,
vendor_weekly_high_critical_cves,2022-05-30,high+critical,,Microsoft,,3,
vendor_weekly_high_critical_cves,2022-06-13,high+critical,,Microsoft,,41,
vendor_weekly_high_critical_cves,2022-06-27,high+critical,,Microsoft,,3,
vendor_weekly_high_critical_cves,2022-07-04,high+critical,,Microsoft,,1,
vendor_weekly_high_critical_cves,2022-07-11,high+critical,,Microsoft,,38,
vendor_weekly_high_critical_cves,2022-08-08,high+critical,,Microsoft,,58,
vendor_weekly_high_critical_cves,2022-08-15,high+critical,,Microsoft,,2,
vendor_weekly_high_critical_cves,2022-09-12,high+critical,,Microsoft,,56,
vendor_weekly_high_critical_cves,2022-09-19,high+critical,,Microsoft,,1,
vendor_weekly_high_critical_cves,2022-10-03,high+critical,,Microsoft,,2,
vendor_weekly_high_critical_cves,2022-10-10,high+critical,,Microsoft,,66,
vendor_weekly_high_critical_cves,2022-11-07,high+critical,,Microsoft,,45,
vendor_weekly_high_critical_cves,2022-12-12,high+critical,,Microsoft,,41,
vendor_weekly_high_critical_cves,2023-01-09,high+critical,,Microsoft,,84,
vendor_weekly_high_critical_cves,2023-01-23,high+critical,,Microsoft,,3,
vendor_weekly_high_critical_cves,2023-02-13,high+critical,,Microsoft,,60,
vendor_weekly_high_critical_cves,2023-03-13,high+critical,,Microsoft,,48,
vendor_weekly_high_critical_cves,2023-04-10,high+critical,,Microsoft,,67,
vendor_weekly_high_critical_cves,2023-04-24,high+critical,,Microsoft,,1,
vendor_weekly_high_critical_cves,2023-05-01,high+critical,,Microsoft,,1,
vendor_weekly_high_critical_cves,2023-05-08,high+critical,,Microsoft,,25,
vendor_weekly_high_critical_cves,2023-05-29,high+critical,,Microsoft,,15,
vendor_weekly_high_critical_cves,2023-06-05,high+critical,,Microsoft,,1,
vendor_weekly_high_critical_cves,2023-06-12,high+critical,,Microsoft,,56,
vendor_weekly_high_critical_cves,2023-06-19,high+critical,,Microsoft,,1,
vendor_weekly_high_critical_cves,2023-06-26,high+critical,,Microsoft,,4,
vendor_weekly_high_critical_cves,2023-07-10,high+critical,,Microsoft,,80,
vendor_weekly_high_critical_cves,2023-08-07,high+critical,,Microsoft,,50,
vendor_weekly_high_critical_cves,2023-08-21,high+critical,,Microsoft,,2,
vendor_weekly_high_critical_cves,2023-09-11,high+critical,,Microsoft,,49,
vendor_weekly_high_critical_cves,2023-10-09,high+critical,,Microsoft,,85,
vendor_weekly_high_critical_cves,2023-10-30,high+critical,,Microsoft,,1,
vendor_weekly_high_critical_cves,2023-11-06,high+critical,,Microsoft,,3,
vendor_weekly_high_critical_cves,2023-11-13,high+critical,,Microsoft,,46,
vendor_weekly_high_critical_cves,2023-12-04,high+critical,,Microsoft,,1,
vendor_weekly_high_critical_cves,2023-12-11,high+critical,,Microsoft,,24,
vendor_weekly_high_critical_cves,2023-12-25,high+critical,,Microsoft,,1,
vendor_weekly_high_critical_cves,2024-01-08,high+critical,,Microsoft,,28,
vendor_weekly_high_critical_cves,2024-01-22,high+critical,,Microsoft,,2,
vendor_weekly_high_critical_cves,2024-01-29,high+critical,,Microsoft,,1,
vendor_weekly_high_critical_cves,2024-02-12,high+critical,,Microsoft,,57,
vendor_weekly_high_critical_cves,2024-02-19,high+critical,,Microsoft,,1,
vendor_weekly_high_critical_cves,2024-03-11,high+critical,,Microsoft,,47,
vendor_weekly_high_critical_cves,2024-03-18,high+critical,,Microsoft,,2,
vendor_weekly_high_critical_cves,2024-04-08,high+critical,,Microsoft,,112,
vendor_weekly_high_critical_cves,2024-05-13,high+critical,,Microsoft,,33,
vendor_weekly_high_critical_cves,2024-05-20,high+critical,,Microsoft,,1,
vendor_weekly_high_critical_cves,2024-06-10,high+critical,,Microsoft,,37,
vendor_weekly_high_critical_cves,2024-06-24,high+critical,,Microsoft,,1,
vendor_weekly_high_critical_cves,2024-07-08,high+critical,,Microsoft,,118,
vendor_weekly_high_critical_cves,2024-07-22,high+critical,,Microsoft,,2,
vendor_weekly_high_critical_cves,2024-07-29,high+critical,,Microsoft,,1,
vendor_weekly_high_critical_cves,2024-08-05,high+critical,,Microsoft,,4,
vendor_weekly_high_critical_cves,2024-08-12,high+critical,,Microsoft,,68,
vendor_weekly_high_critical_cves,2024-08-19,high+critical,,Microsoft,,4,
vendor_weekly_high_critical_cves,2024-09-09,high+critical,,Microsoft,,68,
vendor_weekly_high_critical_cves,2024-09-16,high+critical,,Microsoft,,3,
vendor_weekly_high_critical_cves,2024-10-07,high+critical,,Microsoft,,78,
vendor_weekly_high_critical_cves,2024-10-14,high+critical,,Microsoft,,6,
vendor_weekly_high_critical_cves,2024-11-11,high+critical,,Microsoft,,77,
vendor_weekly_high_critical_cves,2024-11-25,high+critical,,Microsoft,,4,
vendor_weekly_high_critical_cves,2024-12-09,high+critical,,Microsoft,,53,
vendor_weekly_high_critical_cves,2025-01-06,high+critical,,Microsoft,,2,
vendor_weekly_high_critical_cves,2025-01-13,high+critical,,Microsoft,,100,
vendor_weekly_high_critical_cves,2025-01-27,high+critical,,Microsoft,,2,
vendor_weekly_high_critical_cves,2025-02-03,high+critical,,Microsoft,,3,
vendor_weekly_high_critical_cves,2025-02-10,high+critical,,Microsoft,,43,
vendor_weekly_high_critical_cves,2025-02-17,high+critical,,Microsoft,,2,
vendor_weekly_high_critical_cves,2025-03-10,high+critical,,Microsoft,,45,
vendor_weekly_high_critical_cves,2025-03-17,high+critical,,Microsoft,,3,
vendor_weekly_high_critical_cves,2025-03-31,high+critical,,Microsoft,,4,
vendor_weekly_high_critical_cves,2025-04-07,high+critical,,Microsoft,,99,
vendor_weekly_high_critical_cves,2025-04-28,high+critical,,Microsoft,,6,
vendor_weekly_high_critical_cves,2025-05-05,high+critical,,Microsoft,,6,
vendor_weekly_high_critical_cves,2025-05-12,high+critical,,Microsoft,,50,
vendor_weekly_high_critical_cves,2025-05-19,high+critical,,Microsoft,,1,
vendor_weekly_high_critical_cves,2025-06-02,high+critical,,Microsoft,,1,
vendor_weekly_high_critical_cves,2025-06-09,high+critical,,Microsoft,,45,
vendor_weekly_high_critical_cves,2025-06-16,high+critical,,Microsoft,,1,
vendor_weekly_high_critical_cves,2025-06-30,high+critical,,Microsoft,,2,
vendor_weekly_high_critical_cves,2025-07-07,high+critical,,Microsoft,,98,
vendor_weekly_high_critical_cves,2025-07-14,high+critical,,Microsoft,,5,
vendor_weekly_high_critical_cves,2025-08-04,high+critical,,Microsoft,,4,
vendor_weekly_high_critical_cves,2025-08-11,high+critical,,Microsoft,,81,
vendor_weekly_high_critical_cves,2025-08-18,high+critical,,Microsoft,,4,
vendor_weekly_high_critical_cves,2025-09-01,high+critical,,Microsoft,,4,
vendor_weekly_high_critical_cves,2025-09-08,high+critical,,Microsoft,,57,
vendor_weekly_high_critical_cves,2025-09-15,high+critical,,Microsoft,,3,
vendor_weekly_high_critical_cves,2025-09-22,high+critical,,Microsoft,,2,
vendor_weekly_high_critical_cves,2025-10-06,high+critical,,Microsoft,,8,
vendor_weekly_high_critical_cves,2025-10-13,high+critical,,Microsoft,,121,
vendor_weekly_high_critical_cves,2025-10-20,high+critical,,Microsoft,,3,
vendor_weekly_high_critical_cves,2025-11-10,high+critical,,Microsoft,,47,
vendor_weekly_high_critical_cves,2025-11-17,high+critical,,Microsoft,,6,
vendor_weekly_high_critical_cves,2025-11-24,high+critical,,Microsoft,,2,
vendor_weekly_high_critical_cves,2025-12-08,high+critical,,Microsoft,,50,
vendor_weekly_high_critical_cves,2025-12-15,high+critical,,Microsoft,,6,
vendor_weekly_high_critical_cves,2026-01-12,high+critical,,Microsoft,,82,
vendor_weekly_high_critical_cves,2026-01-19,high+critical,,Microsoft,,9,
vendor_weekly_high_critical_cves,2026-01-26,high+critical,,Microsoft,,1,
vendor_weekly_high_critical_cves,2026-02-02,high+critical,,Microsoft,,3,
vendor_weekly_high_critical_cves,2026-02-09,high+critical,,Microsoft,,42,
vendor_weekly_high_critical_cves,2026-02-16,high+critical,,Microsoft,,2,
vendor_weekly_high_critical_cves,2026-03-02,high+critical,,Microsoft,,2,
vendor_weekly_high_critical_cves,2026-03-09,high+critical,,Microsoft,,69,
vendor_weekly_high_critical_cves,2026-03-16,high+critical,,Microsoft,,8,
vendor_weekly_high_critical_cves,2026-03-30,high+critical,,Microsoft,,7,
vendor_weekly_high_critical_cves,2026-04-13,high+critical,,Microsoft,,125,
vendor_weekly_high_critical_cves,2026-04-20,high+critical,,Microsoft,,9,
vendor_weekly_high_critical_cves,2026-05-04,high+critical,,Microsoft,,12,
vendor_weekly_high_critical_cves,2026-05-11,high+critical,,Microsoft,,103,
vendor_weekly_high_critical_cves,2026-05-18,high+critical,,Microsoft,,17,
vendor_weekly_high_critical_cves,2026-06-01,high+critical,,Microsoft,,4,
vendor_weekly_high_critical_cves,2026-06-08,high+critical,,Microsoft,,144,
vendor_weekly_high_critical_cves,2026-06-15,high+critical,,Microsoft,,10,
vendor_weekly_high_critical_cves,2026-06-29,high+critical,,Microsoft,,36,
vendor_weekly_high_critical_cves,2026-07-06,high+critical,,Microsoft,,4,
vendor_weekly_high_critical_cves,2026-07-13,high+critical,,Microsoft,,430,
vendor_weekly_high_critical_cves,2026-07-20,high+critical,,Microsoft,,15,
vendor_weekly_high_critical_cves,2026-07-27,high+critical,,Microsoft,,1,
vendor_weekly_high_critical_cves,2026-08-03,high+critical,,Microsoft,,24,
vendor_weekly_high_critical_cves,2026-08-10,high+critical,,Microsoft,,283,
vendor_weekly_high_critical_cves,2026-08-17,high+critical,,Microsoft,,22,
vendor_weekly_high_critical_cves,2026-08-24,high+critical,,Microsoft,,1,
vendor_weekly_high_critical_cves,2026-08-31,high+critical,,Microsoft,,8,
vendor_weekly_high_critical_cves,2021-01-18,high+critical,,Red Hat,,1,
vendor_weekly_high_critical_cves,2021-02-08,high+critical,,Red Hat,,1,
vendor_weekly_high_critical_cves,2021-02-22,high+critical,,Red Hat,,1,
vendor_weekly_high_critical_cves,2021-03-08,high+critical,,Red Hat,,1,
vendor_weekly_high_critical_cves,2021-03-15,high+critical,,Red Hat,,1,
vendor_weekly_high_critical_cves,2021-05-03,high+critical,,Red Hat,,1,
vendor_weekly_high_critical_cves,2021-05-17,high+critical,,Red Hat,,1,
vendor_weekly_high_critical_cves,2022-01-24,high+critical,,Red Hat,,1,
vendor_weekly_high_critical_cves,2022-02-07,high+critical,,Red Hat,,2,
vendor_weekly_high_critical_cves,2022-02-14,high+critical,,Red Hat,,1,
vendor_weekly_high_critical_cves,2022-02-21,high+critical,,Red Hat,,1,
vendor_weekly_high_critical_cves,2022-02-28,high+critical,,Red Hat,,4,
vendor_weekly_high_critical_cves,2022-03-07,high+critical,,Red Hat,,2,
vendor_weekly_high_critical_cves,2022-03-21,high+critical,,Red Hat,,1,
vendor_weekly_high_critical_cves,2022-04-11,high+critical,,Red Hat,,1,
vendor_weekly_high_critical_cves,2022-08-01,high+critical,,Red Hat,,1,
vendor_weekly_high_critical_cves,2022-08-15,high+critical,,Red Hat,,1,
vendor_weekly_high_critical_cves,2022-08-22,high+critical,,Red Hat,,2,
vendor_weekly_high_critical_cves,2022-08-29,high+critical,,Red Hat,,3,
vendor_weekly_high_critical_cves,2022-09-12,high+critical,,Red Hat,,2,
vendor_weekly_high_critical_cves,2022-09-19,high+critical,,Red Hat,,1,
vendor_weekly_high_critical_cves,2022-09-26,high+critical,,Red Hat,,2,
vendor_weekly_high_critical_cves,2022-10-10,high+critical,,Red Hat,,1,
vendor_weekly_high_critical_cves,2022-10-17,high+critical,,Red Hat,,3,
vendor_weekly_high_critical_cves,2022-11-07,high+critical,,Red Hat,,1,
vendor_weekly_high_critical_cves,2022-11-14,high+critical,,Red Hat,,2,
vendor_weekly_high_critical_cves,2022-11-21,high+critical,,Red Hat,,1,
vendor_weekly_high_critical_cves,2022-12-05,high+critical,,Red Hat,,3,
vendor_weekly_high_critical_cves,2022-12-12,high+critical,,Red Hat,,8,
vendor_weekly_high_critical_cves,2022-12-19,high+critical,,Red Hat,,2,
vendor_weekly_high_critical_cves,2023-01-02,high+critical,,Red Hat,,2,
vendor_weekly_high_critical_cves,2023-01-09,high+critical,,Red Hat,,7,
vendor_weekly_high_critical_cves,2023-01-16,high+critical,,Red Hat,,4,
vendor_weekly_high_critical_cves,2023-01-23,high+critical,,Red Hat,,1,
vendor_weekly_high_critical_cves,2023-01-30,high+critical,,Red Hat,,1,
vendor_weekly_high_critical_cves,2023-02-06,high+critical,,Red Hat,,3,
vendor_weekly_high_critical_cves,2023-02-13,high+critical,,Red Hat,,1,
vendor_weekly_high_critical_cves,2023-02-27,high+critical,,Red Hat,,1,
vendor_weekly_high_critical_cves,2023-03-06,high+critical,,Red Hat,,5,
vendor_weekly_high_critical_cves,2023-03-13,high+critical,,Red Hat,,1,
vendor_weekly_high_critical_cves,2023-03-20,high+critical,,Red Hat,,3,
vendor_weekly_high_critical_cves,2023-03-27,high+critical,,Red Hat,,11,
vendor_weekly_high_critical_cves,2023-04-03,high+critical,,Red Hat,,2,
vendor_weekly_high_critical_cves,2023-04-10,high+critical,,Red Hat,,3,
vendor_weekly_high_critical_cves,2023-04-17,high+critical,,Red Hat,,1,
vendor_weekly_high_critical_cves,2023-04-24,high+critical,,Red Hat,,1,
vendor_weekly_high_critical_cves,2023-05-15,high+critical,,Red Hat,,4,
vendor_weekly_high_critical_cves,2023-05-29,high+critical,,Red Hat,,5,
vendor_weekly_high_critical_cves,2023-06-05,high+critical,,Red Hat,,5,
vendor_weekly_high_critical_cves,2023-06-12,high+critical,,Red Hat,,1,
vendor_weekly_high_critical_cves,2023-06-19,high+critical,,Red Hat,,2,
vendor_weekly_high_critical_cves,2023-07-03,high+critical,,Red Hat,,2,
vendor_weekly_high_critical_cves,2023-07-10,high+critical,,Red Hat,,6,
vendor_weekly_high_critical_cves,2023-07-17,high+critical,,Red Hat,,1,
vendor_weekly_high_critical_cves,2023-07-24,high+critical,,Red Hat,,9,
vendor_weekly_high_critical_cves,2023-07-31,high+critical,,Red Hat,,1,
vendor_weekly_high_critical_cves,2023-08-07,high+critical,,Red Hat,,2,
vendor_weekly_high_critical_cves,2023-08-14,high+critical,,Red Hat,,2,
vendor_weekly_high_critical_cves,2023-08-21,high+critical,,Red Hat,,1,
vendor_weekly_high_critical_cves,2023-08-28,high+critical,,Red Hat,,1,
vendor_weekly_high_critical_cves,2023-09-11,high+critical,,Red Hat,,6,
vendor_weekly_high_critical_cves,2023-09-18,high+critical,,Red Hat,,8,
vendor_weekly_high_critical_cves,2023-09-25,high+critical,,Red Hat,,8,
vendor_weekly_high_critical_cves,2023-10-02,high+critical,,Red Hat,,8,
vendor_weekly_high_critical_cves,2023-10-09,high+critical,,Red Hat,,2,
vendor_weekly_high_critical_cves,2023-10-23,high+critical,,Red Hat,,4,
vendor_weekly_high_critical_cves,2023-10-30,high+critical,,Red Hat,,11,
vendor_weekly_high_critical_cves,2023-11-06,high+critical,,Red Hat,,2,
vendor_weekly_high_critical_cves,2023-11-13,high+critical,,Red Hat,,1,
vendor_weekly_high_critical_cves,2023-11-20,high+critical,,Red Hat,,1,
vendor_weekly_high_critical_cves,2023-12-04,high+critical,,Red Hat,,4,
vendor_weekly_high_critical_cves,2023-12-11,high+critical,,Red Hat,,5,
vendor_weekly_high_critical_cves,2023-12-18,high+critical,,Red Hat,,5,
vendor_weekly_high_critical_cves,2023-12-25,high+critical,,Red Hat,,1,
vendor_weekly_high_critical_cves,2024-01-01,high+critical,,Red Hat,,3,
vendor_weekly_high_critical_cves,2024-01-15,high+critical,,Red Hat,,8,
vendor_weekly_high_critical_cves,2024-01-22,high+critical,,Red Hat,,8,
vendor_weekly_high_critical_cves,2024-01-29,high+critical,,Red Hat,,4,
vendor_weekly_high_critical_cves,2024-02-05,high+critical,,Red Hat,,3,
vendor_weekly_high_critical_cves,2024-02-12,high+critical,,Red Hat,,2,
vendor_weekly_high_critical_cves,2024-02-19,high+critical,,Red Hat,,2,
vendor_weekly_high_critical_cves,2024-02-26,high+critical,,Red Hat,,2,
vendor_weekly_high_critical_cves,2024-03-18,high+critical,,Red Hat,,5,
vendor_weekly_high_critical_cves,2024-03-25,high+critical,,Red Hat,,3,
vendor_weekly_high_critical_cves,2024-04-01,high+critical,,Red Hat,,5,
vendor_weekly_high_critical_cves,2024-04-08,high+critical,,Red Hat,,3,
vendor_weekly_high_critical_cves,2024-04-15,high+critical,,Red Hat,,4,
vendor_weekly_high_critical_cves,2024-04-22,high+critical,,Red Hat,,7,
vendor_weekly_high_critical_cves,2024-05-06,high+critical,,Red Hat,,5,
vendor_weekly_high_critical_cves,2024-05-27,high+critical,,Red Hat,,2,
vendor_weekly_high_critical_cves,2024-06-03,high+critical,,Red Hat,,2,
vendor_weekly_high_critical_cves,2024-06-10,high+critical,,Red Hat,,4,
vendor_weekly_high_critical_cves,2024-06-17,high+critical,,Red Hat,,2,
vendor_weekly_high_critical_cves,2024-07-01,high+critical,,Red Hat,,2,
vendor_weekly_high_critical_cves,2024-07-08,high+critical,,Red Hat,,2,
vendor_weekly_high_critical_cves,2024-07-15,high+critical,,Red Hat,,1,
vendor_weekly_high_critical_cves,2024-07-29,high+critical,,Red Hat,,1,
vendor_weekly_high_critical_cves,2024-08-05,high+critical,,Red Hat,,4,
vendor_weekly_high_critical_cves,2024-08-12,high+critical,,Red Hat,,1,
vendor_weekly_high_critical_cves,2024-08-19,high+critical,,Red Hat,,3,
vendor_weekly_high_critical_cves,2024-09-02,high+critical,,Red Hat,,5,
vendor_weekly_high_critical_cves,2024-09-09,high+critical,,Red Hat,,2,
vendor_weekly_high_critical_cves,2024-09-16,high+critical,,Red Hat,,4,
vendor_weekly_high_critical_cves,2024-10-07,high+critical,,Red Hat,,2,
vendor_weekly_high_critical_cves,2024-10-21,high+critical,,Red Hat,,2,
vendor_weekly_high_critical_cves,2024-10-28,high+critical,,Red Hat,,1,
vendor_weekly_high_critical_cves,2024-11-04,high+critical,,Red Hat,,3,
vendor_weekly_high_critical_cves,2024-11-11,high+critical,,Red Hat,,4,
vendor_weekly_high_critical_cves,2024-11-25,high+critical,,Red Hat,,2,
vendor_weekly_high_critical_cves,2024-12-09,high+critical,,Red Hat,,1,
vendor_weekly_high_critical_cves,2024-12-16,high+critical,,Red Hat,,3,
vendor_weekly_high_critical_cves,2024-12-23,high+critical,,Red Hat,,2,
vendor_weekly_high_critical_cves,2024-12-30,high+critical,,Red Hat,,3,
vendor_weekly_high_critical_cves,2025-01-06,high+critical,,Red Hat,,2,
vendor_weekly_high_critical_cves,2025-01-13,high+critical,,Red Hat,,2,
vendor_weekly_high_critical_cves,2025-01-20,high+critical,,Red Hat,,2,
vendor_weekly_high_critical_cves,2025-01-27,high+critical,,Red Hat,,3,
vendor_weekly_high_critical_cves,2025-02-10,high+critical,,Red Hat,,2,
vendor_weekly_high_critical_cves,2025-02-17,high+critical,,Red Hat,,1,
vendor_weekly_high_critical_cves,2025-02-24,high+critical,,Red Hat,,9,
vendor_weekly_high_critical_cves,2025-03-03,high+critical,,Red Hat,,6,
vendor_weekly_high_critical_cves,2025-03-10,high+critical,,Red Hat,,2,
vendor_weekly_high_critical_cves,2025-03-17,high+critical,,Red Hat,,1,
vendor_weekly_high_critical_cves,2025-03-24,high+critical,,Red Hat,,1,
vendor_weekly_high_critical_cves,2025-03-31,high+critical,,Red Hat,,4,
vendor_weekly_high_critical_cves,2025-04-14,high+critical,,Red Hat,,6,
vendor_weekly_high_critical_cves,2025-04-21,high+critical,,Red Hat,,1,
vendor_weekly_high_critical_cves,2025-04-28,high+critical,,Red Hat,,2,
vendor_weekly_high_critical_cves,2025-05-05,high+critical,,Red Hat,,2,
vendor_weekly_high_critical_cves,2025-05-12,high+critical,,Red Hat,,1,
vendor_weekly_high_critical_cves,2025-05-19,high+critical,,Red Hat,,2,
vendor_weekly_high_critical_cves,2025-05-26,high+critical,,Red Hat,,4,
vendor_weekly_high_critical_cves,2025-06-02,high+critical,,Red Hat,,1,
vendor_weekly_high_critical_cves,2025-06-09,high+critical,,Red Hat,,2,
vendor_weekly_high_critical_cves,2025-06-16,high+critical,,Red Hat,,9,
vendor_weekly_high_critical_cves,2025-06-23,high+critical,,Red Hat,,1,
vendor_weekly_high_critical_cves,2025-06-30,high+critical,,Red Hat,,2,
vendor_weekly_high_critical_cves,2025-07-07,high+critical,,Red Hat,,5,
vendor_weekly_high_critical_cves,2025-07-21,high+critical,,Red Hat,,1,
vendor_weekly_high_critical_cves,2025-07-28,high+critical,,Red Hat,,2,
vendor_weekly_high_critical_cves,2025-08-11,high+critical,,Red Hat,,1,
vendor_weekly_high_critical_cves,2025-08-25,high+critical,,Red Hat,,1,
vendor_weekly_high_critical_cves,2025-09-01,high+critical,,Red Hat,,2,
vendor_weekly_high_critical_cves,2025-09-15,high+critical,,Red Hat,,1,
vendor_weekly_high_critical_cves,2025-09-22,high+critical,,Red Hat,,4,
vendor_weekly_high_critical_cves,2025-09-29,high+critical,,Red Hat,,3,
vendor_weekly_high_critical_cves,2025-10-06,high+critical,,Red Hat,,2,
vendor_weekly_high_critical_cves,2025-10-20,high+critical,,Red Hat,,1,
vendor_weekly_high_critical_cves,2025-10-27,high+critical,,Red Hat,,3,
vendor_weekly_high_critical_cves,2025-11-03,high+critical,,Red Hat,,4,
vendor_weekly_high_critical_cves,2025-11-10,high+critical,,Red Hat,,3,
vendor_weekly_high_critical_cves,2025-11-17,high+critical,,Red Hat,,1,
vendor_weekly_high_critical_cves,2025-11-24,high+critical,,Red Hat,,3,
vendor_weekly_high_critical_cves,2025-12-01,high+critical,,Red Hat,,3,
vendor_weekly_high_critical_cves,2025-12-08,high+critical,,Red Hat,,1,
vendor_weekly_high_critical_cves,2025-12-15,high+critical,,Red Hat,,3,
vendor_weekly_high_critical_cves,2025-12-22,high+critical,,Red Hat,,3,
vendor_weekly_high_critical_cves,2026-01-05,high+critical,,Red Hat,,3,
vendor_weekly_high_critical_cves,2026-01-12,high+critical,,Red Hat,,1,
vendor_weekly_high_critical_cves,2026-01-19,high+critical,,Red Hat,,1,
vendor_weekly_high_critical_cves,2026-01-26,high+critical,,Red Hat,,3,
vendor_weekly_high_critical_cves,2026-02-02,high+critical,,Red Hat,,4,
vendor_weekly_high_critical_cves,2026-02-09,high+critical,,Red Hat,,4,
vendor_weekly_high_critical_cves,2026-02-23,high+critical,,Red Hat,,4,
vendor_weekly_high_critical_cves,2026-03-02,high+critical,,Red Hat,,2,
vendor_weekly_high_critical_cves,2026-03-09,high+critical,,Red Hat,,1,
vendor_weekly_high_critical_cves,2026-03-16,high+critical,,Red Hat,,4,
vendor_weekly_high_critical_cves,2026-03-23,high+critical,,Red Hat,,6,
vendor_weekly_high_critical_cves,2026-03-30,high+critical,,Red Hat,,9,
vendor_weekly_high_critical_cves,2026-04-06,high+critical,,Red Hat,,7,
vendor_weekly_high_critical_cves,2026-04-13,high+critical,,Red Hat,,3,
vendor_weekly_high_critical_cves,2026-04-20,high+critical,,Red Hat,,8,
vendor_weekly_high_critical_cves,2026-04-27,high+critical,,Red Hat,,1,
vendor_weekly_high_critical_cves,2026-05-04,high+critical,,Red Hat,,4,
vendor_weekly_high_critical_cves,2026-05-11,high+critical,,Red Hat,,1,
vendor_weekly_high_critical_cves,2026-05-18,high+critical,,Red Hat,,6,
vendor_weekly_high_critical_cves,2026-05-25,high+critical,,Red Hat,,14,
vendor_weekly_high_critical_cves,2026-06-01,high+critical,,Red Hat,,13,
vendor_weekly_high_critical_cves,2026-06-08,high+critical,,Red Hat,,14,
vendor_weekly_high_critical_cves,2026-06-15,high+critical,,Red Hat,,13,
vendor_weekly_high_critical_cves,2026-06-22,high+critical,,Red Hat,,11,
vendor_weekly_high_critical_cves,2026-06-29,high+critical,,Red Hat,,10,
vendor_weekly_high_critical_cves,2026-07-06,high+critical,,Red Hat,,10,
vendor_weekly_high_critical_cves,2026-07-13,high+critical,,Red Hat,,13,
vendor_weekly_high_critical_cves,2026-07-20,high+critical,,Red Hat,,13,
vendor_weekly_high_critical_cves,2026-07-27,high+critical,,Red Hat,,23,
vendor_weekly_high_critical_cves,2026-08-03,high+critical,,Red Hat,,13,
vendor_weekly_high_critical_cves,2026-08-10,high+critical,,Red Hat,,56,
vendor_weekly_high_critical_cves,2026-08-17,high+critical,,Red Hat,,28,
vendor_weekly_high_critical_cves,2026-08-24,high+critical,,Red Hat,,11,
vendor_weekly_high_critical_cves,2026-08-31,high+critical,,Red Hat,,21,
vendor_weekly_high_critical_cves,2021-01-18,high+critical,,Oracle,,61,
vendor_weekly_high_critical_cves,2021-04-19,high+critical,,Oracle,,101,
vendor_weekly_high_critical_cves,2021-06-21,high+critical,,Oracle,,1,
vendor_weekly_high_critical_cves,2021-07-19,high+critical,,Oracle,,56,
vendor_weekly_high_critical_cves,2021-09-20,high+critical,,Oracle,,1,
vendor_weekly_high_critical_cves,2021-10-18,high+critical,,Oracle,,36,
vendor_weekly_high_critical_cves,2022-01-17,high+critical,,Oracle,,23,
vendor_weekly_high_critical_cves,2022-02-21,high+critical,,Oracle,,1,
vendor_weekly_high_critical_cves,2022-04-18,high+critical,,Oracle,,18,
vendor_weekly_high_critical_cves,2022-05-16,high+critical,,Oracle,,1,
vendor_weekly_high_critical_cves,2022-07-18,high+critical,,Oracle,,18,
vendor_weekly_high_critical_cves,2022-10-17,high+critical,,Oracle,,24,
vendor_weekly_high_critical_cves,2023-01-16,high+critical,,Oracle,,25,
vendor_weekly_high_critical_cves,2023-04-17,high+critical,,Oracle,,14,
vendor_weekly_high_critical_cves,2023-07-17,high+critical,,Oracle,,8,
vendor_weekly_high_critical_cves,2023-10-16,high+critical,,Oracle,,14,
vendor_weekly_high_critical_cves,2024-01-15,high+critical,,Oracle,,6,
vendor_weekly_high_critical_cves,2024-02-12,high+critical,,Oracle,,6,
vendor_weekly_high_critical_cves,2024-04-15,high+critical,,Oracle,,31,
vendor_weekly_high_critical_cves,2024-07-15,high+critical,,Oracle,,13,
vendor_weekly_high_critical_cves,2024-10-14,high+critical,,Oracle,,34,
vendor_weekly_high_critical_cves,2024-11-18,high+critical,,Oracle,,1,
vendor_weekly_high_critical_cves,2025-01-20,high+critical,,Oracle,,16,
vendor_weekly_high_critical_cves,2025-04-14,high+critical,,Oracle,,15,
vendor_weekly_high_critical_cves,2025-04-28,high+critical,,Oracle,,1,
vendor_weekly_high_critical_cves,2025-07-14,high+critical,,Oracle,,16,
vendor_weekly_high_critical_cves,2025-09-29,high+critical,,Oracle,,1,
vendor_weekly_high_critical_cves,2025-10-06,high+critical,,Oracle,,1,
vendor_weekly_high_critical_cves,2025-10-20,high+critical,,Oracle,,20,
vendor_weekly_high_critical_cves,2026-01-19,high+critical,,Oracle,,21,
vendor_weekly_high_critical_cves,2026-03-16,high+critical,,Oracle,,2,
vendor_weekly_high_critical_cves,2026-04-20,high+critical,,Oracle,,26,
vendor_weekly_high_critical_cves,2026-05-04,high+critical,,Oracle,,1,
vendor_weekly_high_critical_cves,2026-05-25,high+critical,,Oracle,,22,
vendor_weekly_high_critical_cves,2026-06-08,high+critical,,Oracle,,1,
vendor_weekly_high_critical_cves,2026-06-15,high+critical,,Oracle,,222,
vendor_weekly_high_critical_cves,2026-07-20,high+critical,,Oracle,,747,
vendor_weekly_high_critical_cves,2026-08-17,high+critical,,Oracle,,663,
vendor_weekly_high_critical_cves,2021-03-29,high+critical,,Apple,,4,
vendor_weekly_high_critical_cves,2021-08-23,high+critical,,Apple,,8,
vendor_weekly_high_critical_cves,2021-09-06,high+critical,,Apple,,7,
vendor_weekly_high_critical_cves,2021-10-18,high+critical,,Apple,,1,
vendor_weekly_high_critical_cves,2022-03-14,high+critical,,Apple,,2,
vendor_weekly_high_critical_cves,2022-05-23,high+critical,,Apple,,12,
vendor_weekly_high_critical_cves,2022-08-22,high+critical,,Apple,,10,
vendor_weekly_high_critical_cves,2022-09-19,high+critical,,Apple,,39,
vendor_weekly_high_critical_cves,2022-10-31,high+critical,,Apple,,46,
vendor_weekly_high_critical_cves,2022-12-12,high+critical,,Apple,,31,
vendor_weekly_high_critical_cves,2023-02-27,high+critical,,Apple,,14,
vendor_weekly_high_critical_cves,2023-04-10,high+critical,,Apple,,5,
vendor_weekly_high_critical_cves,2023-05-08,high+critical,,Apple,,28,
vendor_weekly_high_critical_cves,2023-06-19,high+critical,,Apple,,5,
vendor_weekly_high_critical_cves,2023-07-24,high+critical,,Apple,,2,
vendor_weekly_high_critical_cves,2023-08-14,high+critical,,Apple,,1,
vendor_weekly_high_critical_cves,2023-09-04,high+critical,,Apple,,10,
vendor_weekly_high_critical_cves,2023-09-11,high+critical,,Apple,,2,
vendor_weekly_high_critical_cves,2023-09-18,high+critical,,Apple,,2,
vendor_weekly_high_critical_cves,2023-09-25,high+critical,,Apple,,16,
vendor_weekly_high_critical_cves,2023-10-02,high+critical,,Apple,,1,
vendor_weekly_high_critical_cves,2023-10-23,high+critical,,Apple,,3,
vendor_weekly_high_critical_cves,2023-11-27,high+critical,,Apple,,1,
vendor_weekly_high_critical_cves,2023-12-11,high+critical,,Apple,,5,
vendor_weekly_high_critical_cves,2024-01-08,high+critical,,Apple,,25,
vendor_weekly_high_critical_cves,2024-01-22,high+critical,,Apple,,9,
vendor_weekly_high_critical_cves,2024-02-19,high+critical,,Apple,,11,
vendor_weekly_high_critical_cves,2024-03-04,high+critical,,Apple,,26,
vendor_weekly_high_critical_cves,2024-03-11,high+critical,,Apple,,2,
vendor_weekly_high_critical_cves,2024-03-18,high+critical,,Apple,,1,
vendor_weekly_high_critical_cves,2024-03-25,high+critical,,Apple,,7,
vendor_weekly_high_critical_cves,2024-04-22,high+critical,,Apple,,3,
vendor_weekly_high_critical_cves,2024-05-13,high+critical,,Apple,,16,
vendor_weekly_high_critical_cves,2024-06-10,high+critical,,Apple,,23,
vendor_weekly_high_critical_cves,2024-07-29,high+critical,,Apple,,30,
vendor_weekly_high_critical_cves,2024-09-16,high+critical,,Apple,,26,
vendor_weekly_high_critical_cves,2024-09-30,high+critical,,Apple,,1,
vendor_weekly_high_critical_cves,2024-10-28,high+critical,,Apple,,25,
vendor_weekly_high_critical_cves,2024-11-18,high+critical,,Apple,,3,
vendor_weekly_high_critical_cves,2024-12-09,high+critical,,Apple,,17,
vendor_weekly_high_critical_cves,2024-12-16,high+critical,,Apple,,5,
vendor_weekly_high_critical_cves,2025-01-13,high+critical,,Apple,,3,
vendor_weekly_high_critical_cves,2025-01-27,high+critical,,Apple,,37,
vendor_weekly_high_critical_cves,2025-02-10,high+critical,,Apple,,1,
vendor_weekly_high_critical_cves,2025-03-10,high+critical,,Apple,,4,
vendor_weekly_high_critical_cves,2025-03-17,high+critical,,Apple,,5,
vendor_weekly_high_critical_cves,2025-03-31,high+critical,,Apple,,71,
vendor_weekly_high_critical_cves,2025-04-07,high+critical,,Apple,,4,
vendor_weekly_high_critical_cves,2025-04-14,high+critical,,Apple,,2,
vendor_weekly_high_critical_cves,2025-04-28,high+critical,,Apple,,2,
vendor_weekly_high_critical_cves,2025-05-12,high+critical,,Apple,,29,
vendor_weekly_high_critical_cves,2025-05-19,high+critical,,Apple,,1,
vendor_weekly_high_critical_cves,2025-05-26,high+critical,,Apple,,3,
vendor_weekly_high_critical_cves,2025-07-28,high+critical,,Apple,,45,
vendor_weekly_high_critical_cves,2025-08-18,high+critical,,Apple,,1,
vendor_weekly_high_critical_cves,2025-08-25,high+critical,,Apple,,2,
vendor_weekly_high_critical_cves,2025-09-15,high+critical,,Apple,,23,
vendor_weekly_high_critical_cves,2025-10-13,high+critical,,Apple,,1,
vendor_weekly_high_critical_cves,2025-11-03,high+critical,,Apple,,30,
vendor_weekly_high_critical_cves,2025-11-10,high+critical,,Apple,,1,
vendor_weekly_high_critical_cves,2025-12-08,high+critical,,Apple,,14,
vendor_weekly_high_critical_cves,2025-12-15,high+critical,,Apple,,6,
vendor_weekly_high_critical_cves,2026-01-12,high+critical,,Apple,,1,
vendor_weekly_high_critical_cves,2026-01-19,high+critical,,Apple,,1,
vendor_weekly_high_critical_cves,2026-02-09,high+critical,,Apple,,19,
vendor_weekly_high_critical_cves,2026-03-09,high+critical,,Apple,,1,
vendor_weekly_high_critical_cves,2026-03-23,high+critical,,Apple,,21,
vendor_weekly_high_critical_cves,2026-03-30,high+critical,,Apple,,11,
vendor_weekly_high_critical_cves,2026-05-11,high+critical,,Apple,,60,
vendor_weekly_high_critical_cves,2026-05-25,high+critical,,Apple,,2,
vendor_weekly_high_critical_cves,2026-06-08,high+critical,,Apple,,4,
vendor_weekly_high_critical_cves,2026-06-29,high+critical,,Apple,,8,
vendor_weekly_high_critical_cves,2026-07-20,high+critical,,Apple,,2,
vendor_weekly_high_critical_cves,2026-07-27,high+critical,,Apple,,103,
vendor_weekly_high_critical_cves,2026-08-03,high+critical,,Apple,,1,
vendor_weekly_high_critical_cves,2026-08-10,high+critical,,Apple,,1,
vendor_weekly_high_critical_cves,2026-08-17,high+critical,,Apple,,5,
vendor_weekly_high_critical_cves,2026-08-24,high+critical,,Apple,,1,
vendor_weekly_high_critical_cves,2022-12-19,high+critical,,Mozilla,,90,
vendor_weekly_high_critical_cves,2023-02-13,high+critical,,Mozilla,,2,
vendor_weekly_high_critical_cves,2023-05-29,high+critical,,Mozilla,,22,
vendor_weekly_high_critical_cves,2023-06-19,high+critical,,Mozilla,,7,
vendor_weekly_high_critical_cves,2023-07-03,high+critical,,Mozilla,,1,
vendor_weekly_high_critical_cves,2023-09-11,high+critical,,Mozilla,,3,
vendor_weekly_high_critical_cves,2023-09-25,high+critical,,Mozilla,,5,
vendor_weekly_high_critical_cves,2023-10-23,high+critical,,Mozilla,,2,
vendor_weekly_high_critical_cves,2023-12-18,high+critical,,Mozilla,,2,
vendor_weekly_high_critical_cves,2024-01-22,high+critical,,Mozilla,,7,
vendor_weekly_high_critical_cves,2024-02-19,high+critical,,Mozilla,,9,
vendor_weekly_high_critical_cves,2024-03-04,high+critical,,Mozilla,,1,
vendor_weekly_high_critical_cves,2024-03-18,high+critical,,Mozilla,,8,
vendor_weekly_high_critical_cves,2024-04-01,high+critical,,Mozilla,,1,
vendor_weekly_high_critical_cves,2024-04-15,high+critical,,Mozilla,,9,
vendor_weekly_high_critical_cves,2024-05-13,high+critical,,Mozilla,,8,
vendor_weekly_high_critical_cves,2024-06-10,high+critical,,Mozilla,,8,
vendor_weekly_high_critical_cves,2024-07-08,high+critical,,Mozilla,,9,
vendor_weekly_high_critical_cves,2024-08-05,high+critical,,Mozilla,,11,
vendor_weekly_high_critical_cves,2024-09-02,high+critical,,Mozilla,,8,
vendor_weekly_high_critical_cves,2024-09-16,high+critical,,Mozilla,,1,
vendor_weekly_high_critical_cves,2024-09-30,high+critical,,Mozilla,,8,
vendor_weekly_high_critical_cves,2024-10-07,high+critical,,Mozilla,,1,
vendor_weekly_high_critical_cves,2024-10-14,high+critical,,Mozilla,,1,
vendor_weekly_high_critical_cves,2024-10-28,high+critical,,Mozilla,,8,
vendor_weekly_high_critical_cves,2024-11-25,high+critical,,Mozilla,,11,
vendor_weekly_high_critical_cves,2025-01-06,high+critical,,Mozilla,,2,
vendor_weekly_high_critical_cves,2025-02-03,high+critical,,Mozilla,,9,
vendor_weekly_high_critical_cves,2025-03-03,high+critical,,Mozilla,,10,
vendor_weekly_high_critical_cves,2025-03-10,high+critical,,Mozilla,,1,
vendor_weekly_high_critical_cves,2025-03-24,high+critical,,Mozilla,,1,
vendor_weekly_high_critical_cves,2025-03-31,high+critical,,Mozilla,,5,
vendor_weekly_high_critical_cves,2025-04-28,high+critical,,Mozilla,,5,
vendor_weekly_high_critical_cves,2025-05-12,high+critical,,Mozilla,,4,
vendor_weekly_high_critical_cves,2025-05-26,high+critical,,Mozilla,,5,
vendor_weekly_high_critical_cves,2025-06-09,high+critical,,Mozilla,,3,
vendor_weekly_high_critical_cves,2025-06-23,high+critical,,Mozilla,,7,
vendor_weekly_high_critical_cves,2025-07-21,high+critical,,Mozilla,,14,
vendor_weekly_high_critical_cves,2025-08-18,high+critical,,Mozilla,,11,
vendor_weekly_high_critical_cves,2025-09-15,high+critical,,Mozilla,,6,
vendor_weekly_high_critical_cves,2025-09-29,high+critical,,Mozilla,,2,
vendor_weekly_high_critical_cves,2025-10-13,high+critical,,Mozilla,,10,
vendor_weekly_high_critical_cves,2025-10-27,high+critical,,Mozilla,,1,
vendor_weekly_high_critical_cves,2025-11-10,high+critical,,Mozilla,,14,
vendor_weekly_high_critical_cves,2025-12-08,high+critical,,Mozilla,,12,
vendor_weekly_high_critical_cves,2025-12-15,high+critical,,Mozilla,,2,
vendor_weekly_high_critical_cves,2026-01-12,high+critical,,Mozilla,,10,
vendor_weekly_high_critical_cves,2026-01-26,high+critical,,Mozilla,,1,
vendor_weekly_high_critical_cves,2026-02-16,high+critical,,Mozilla,,1,
vendor_weekly_high_critical_cves,2026-02-23,high+critical,,Mozilla,,48,
vendor_weekly_high_critical_cves,2026-03-09,high+critical,,Mozilla,,2,
vendor_weekly_high_critical_cves,2026-03-23,high+critical,,Mozilla,,45,
vendor_weekly_high_critical_cves,2026-04-06,high+critical,,Mozilla,,5,
vendor_weekly_high_critical_cves,2026-04-20,high+critical,,Mozilla,,27,
vendor_weekly_high_critical_cves,2026-04-27,high+critical,,Mozilla,,5,
vendor_weekly_high_critical_cves,2026-05-04,high+critical,,Mozilla,,5,
vendor_weekly_high_critical_cves,2026-05-11,high+critical,,Mozilla,,3,
vendor_weekly_high_critical_cves,2026-05-18,high+critical,,Mozilla,,28,
vendor_weekly_high_critical_cves,2026-06-01,high+critical,,Mozilla,,1,
vendor_weekly_high_critical_cves,2026-06-08,high+critical,,Mozilla,,1,
vendor_weekly_high_critical_cves,2026-06-15,high+critical,,Mozilla,,22,
vendor_weekly_high_critical_cves,2026-06-29,high+critical,,Mozilla,,1,
vendor_weekly_high_critical_cves,2026-07-20,high+critical,,Mozilla,,63,
vendor_weekly_high_critical_cves,2026-08-17,high+critical,,Mozilla,,43,
vendor_weekly_high_critical_cves,2026-08-31,high+critical,,Mozilla,,27,
vendor_weekly_high_critical_cves,2024-02-19,high+critical,,Linux,,28,
vendor_weekly_high_critical_cves,2024-02-26,high+critical,,Linux,,85,
vendor_weekly_high_critical_cves,2024-03-04,high+critical,,Linux,,24,
vendor_weekly_high_critical_cves,2024-03-11,high+critical,,Linux,,13,
vendor_weekly_high_critical_cves,2024-03-18,high+critical,,Linux,,12,
vendor_weekly_high_critical_cves,2024-03-25,high+critical,,Linux,,19,
vendor_weekly_high_critical_cves,2024-04-01,high+critical,,Linux,,56,
vendor_weekly_high_critical_cves,2024-04-08,high+critical,,Linux,,16,
vendor_weekly_high_critical_cves,2024-04-15,high+critical,,Linux,,37,
vendor_weekly_high_critical_cves,2024-04-22,high+critical,,Linux,,17,
vendor_weekly_high_critical_cves,2024-04-29,high+critical,,Linux,,69,
vendor_weekly_high_critical_cves,2024-05-06,high+critical,,Linux,,6,
vendor_weekly_high_critical_cves,2024-05-13,high+critical,,Linux,,101,
vendor_weekly_high_critical_cves,2024-05-20,high+critical,,Linux,,184,
vendor_weekly_high_critical_cves,2024-05-27,high+critical,,Linux,,37,
vendor_weekly_high_critical_cves,2024-06-03,high+critical,,Linux,,7,
vendor_weekly_high_critical_cves,2024-06-10,high+critical,,Linux,,2,
vendor_weekly_high_critical_cves,2024-06-17,high+critical,,Linux,,89,
vendor_weekly_high_critical_cves,2024-06-24,high+critical,,Linux,,18,
vendor_weekly_high_critical_cves,2024-07-01,high+critical,,Linux,,9,
vendor_weekly_high_critical_cves,2024-07-08,high+critical,,Linux,,49,
vendor_weekly_high_critical_cves,2024-07-15,high+critical,,Linux,,31,
vendor_weekly_high_critical_cves,2024-07-22,high+critical,,Linux,,1,
vendor_weekly_high_critical_cves,2024-07-29,high+critical,,Linux,,72,
vendor_weekly_high_critical_cves,2024-08-05,high+critical,,Linux,,10,
vendor_weekly_high_critical_cves,2024-08-12,high+critical,,Linux,,40,
vendor_weekly_high_critical_cves,2024-08-19,high+critical,,Linux,,34,
vendor_weekly_high_critical_cves,2024-08-26,high+critical,,Linux,,14,
vendor_weekly_high_critical_cves,2024-09-02,high+critical,,Linux,,24,
vendor_weekly_high_critical_cves,2024-09-09,high+critical,,Linux,,26,
vendor_weekly_high_critical_cves,2024-09-16,high+critical,,Linux,,32,
vendor_weekly_high_critical_cves,2024-09-23,high+critical,,Linux,,27,
vendor_weekly_high_critical_cves,2024-09-30,high+critical,,Linux,,1,
vendor_weekly_high_critical_cves,2024-10-07,high+critical,,Linux,,6,
vendor_weekly_high_critical_cves,2024-10-14,high+critical,,Linux,,1,
vendor_weekly_high_critical_cves,2024-10-21,high+critical,,Linux,,133,
vendor_weekly_high_critical_cves,2024-10-28,high+critical,,Linux,,13,
vendor_weekly_high_critical_cves,2024-11-04,high+critical,,Linux,,83,
vendor_weekly_high_critical_cves,2024-11-11,high+critical,,Linux,,1,
vendor_weekly_high_critical_cves,2024-11-18,high+critical,,Linux,,47,
vendor_weekly_high_critical_cves,2024-11-25,high+critical,,Linux,,5,
vendor_weekly_high_critical_cves,2024-12-02,high+critical,,Linux,,23,
vendor_weekly_high_critical_cves,2024-12-16,high+critical,,Linux,,1,
vendor_weekly_high_critical_cves,2024-12-23,high+critical,,Linux,,135,
vendor_weekly_high_critical_cves,2025-01-06,high+critical,,Linux,,30,
vendor_weekly_high_critical_cves,2025-01-13,high+critical,,Linux,,39,
vendor_weekly_high_critical_cves,2025-01-20,high+critical,,Linux,,11,
vendor_weekly_high_critical_cves,2025-01-27,high+critical,,Linux,,8,
vendor_weekly_high_critical_cves,2025-02-10,high+critical,,Linux,,9,
vendor_weekly_high_critical_cves,2025-02-17,high+critical,,Linux,,2,
vendor_weekly_high_critical_cves,2025-02-24,high+critical,,Linux,,266,
vendor_weekly_high_critical_cves,2025-03-03,high+critical,,Linux,,19,
vendor_weekly_high_critical_cves,2025-03-10,high+critical,,Linux,,11,
vendor_weekly_high_critical_cves,2025-03-24,high+critical,,Linux,,44,
vendor_weekly_high_critical_cves,2025-03-31,high+critical,,Linux,,50,
vendor_weekly_high_critical_cves,2025-04-07,high+critical,,Linux,,3,
vendor_weekly_high_critical_cves,2025-04-14,high+critical,,Linux,,73,
vendor_weekly_high_critical_cves,2025-04-28,high+critical,,Linux,,87,
vendor_weekly_high_critical_cves,2025-05-05,high+critical,,Linux,,27,
vendor_weekly_high_critical_cves,2025-05-12,high+critical,,Linux,,1,
vendor_weekly_high_critical_cves,2025-05-19,high+critical,,Linux,,37,
vendor_weekly_high_critical_cves,2025-05-26,high+critical,,Linux,,3,
vendor_weekly_high_critical_cves,2025-06-02,high+critical,,Linux,,5,
vendor_weekly_high_critical_cves,2025-06-16,high+critical,,Linux,,82,
vendor_weekly_high_critical_cves,2025-06-23,high+critical,,Linux,,2,
vendor_weekly_high_critical_cves,2025-06-30,high+critical,,Linux,,66,
vendor_weekly_high_critical_cves,2025-07-07,high+critical,,Linux,,37,
vendor_weekly_high_critical_cves,2025-07-14,high+critical,,Linux,,2,
vendor_weekly_high_critical_cves,2025-07-21,high+critical,,Linux,,45,
vendor_weekly_high_critical_cves,2025-07-28,high+critical,,Linux,,16,
vendor_weekly_high_critical_cves,2025-08-04,high+critical,,Linux,,2,
vendor_weekly_high_critical_cves,2025-08-11,high+critical,,Linux,,30,
vendor_weekly_high_critical_cves,2025-08-18,high+critical,,Linux,,54,
vendor_weekly_high_critical_cves,2025-08-25,high+critical,,Linux,,2,
vendor_weekly_high_critical_cves,2025-09-01,high+critical,,Linux,,47,
vendor_weekly_high_critical_cves,2025-09-08,high+critical,,Linux,,18,
vendor_weekly_high_critical_cves,2025-09-15,high+critical,,Linux,,166,
vendor_weekly_high_critical_cves,2025-09-22,high+critical,,Linux,,10,
vendor_weekly_high_critical_cves,2025-09-29,high+critical,,Linux,,105,
vendor_weekly_high_critical_cves,2025-10-06,high+critical,,Linux,,34,
vendor_weekly_high_critical_cves,2025-10-13,high+critical,,Linux,,27,
vendor_weekly_high_critical_cves,2025-10-20,high+critical,,Linux,,19,
vendor_weekly_high_critical_cves,2025-10-27,high+critical,,Linux,,42,
vendor_weekly_high_critical_cves,2025-11-10,high+critical,,Linux,,41,
vendor_weekly_high_critical_cves,2025-11-17,high+critical,,Linux,,1,
vendor_weekly_high_critical_cves,2025-11-24,high+critical,,Linux,,2,
vendor_weekly_high_critical_cves,2025-12-01,high+critical,,Linux,,34,
vendor_weekly_high_critical_cves,2025-12-08,high+critical,,Linux,,78,
vendor_weekly_high_critical_cves,2025-12-15,high+critical,,Linux,,56,
vendor_weekly_high_critical_cves,2025-12-22,high+critical,,Linux,,103,
vendor_weekly_high_critical_cves,2025-12-29,high+critical,,Linux,,58,
vendor_weekly_high_critical_cves,2026-01-05,high+critical,,Linux,,3,
vendor_weekly_high_critical_cves,2026-01-12,high+critical,,Linux,,52,
vendor_weekly_high_critical_cves,2026-01-19,high+critical,,Linux,,22,
vendor_weekly_high_critical_cves,2026-01-26,high+critical,,Linux,,2,
vendor_weekly_high_critical_cves,2026-02-02,high+critical,,Linux,,8,
vendor_weekly_high_critical_cves,2026-02-09,high+critical,,Linux,,25,
vendor_weekly_high_critical_cves,2026-02-16,high+critical,,Linux,,8,
vendor_weekly_high_critical_cves,2026-03-02,high+critical,,Linux,,2,
vendor_weekly_high_critical_cves,2026-03-09,high+critical,,Linux,,2,
vendor_weekly_high_critical_cves,2026-03-16,high+critical,,Linux,,17,
vendor_weekly_high_critical_cves,2026-03-23,high+critical,,Linux,,18,
vendor_weekly_high_critical_cves,2026-03-30,high+critical,,Linux,,43,
vendor_weekly_high_critical_cves,2026-04-06,high+critical,,Linux,,6,
vendor_weekly_high_critical_cves,2026-04-13,high+critical,,Linux,,4,
vendor_weekly_high_critical_cves,2026-04-20,high+critical,,Linux,,110,
vendor_weekly_high_critical_cves,2026-04-27,high+critical,,Linux,,62,
vendor_weekly_high_critical_cves,2026-05-04,high+critical,,Linux,,147,
vendor_weekly_high_critical_cves,2026-05-11,high+critical,,Linux,,5,
vendor_weekly_high_critical_cves,2026-05-18,high+critical,,Linux,,10,
vendor_weekly_high_critical_cves,2026-05-25,high+critical,,Linux,,124,
vendor_weekly_high_critical_cves,2026-06-01,high+critical,,Linux,,14,
vendor_weekly_high_critical_cves,2026-06-08,high+critical,,Linux,,29,
vendor_weekly_high_critical_cves,2026-06-15,high+critical,,Linux,,5,
vendor_weekly_high_critical_cves,2026-06-22,high+critical,,Linux,,190,
vendor_weekly_high_critical_cves,2026-06-29,high+critical,,Linux,,11,
vendor_weekly_high_critical_cves,2026-07-06,high+critical,,Linux,,1,
vendor_weekly_high_critical_cves,2026-07-13,high+critical,,Linux,,261,
vendor_weekly_high_critical_cves,2026-07-20,high+critical,,Linux,,146,
vendor_weekly_high_critical_cves,2026-07-27,high+critical,,Linux,,24,
vendor_weekly_high_critical_cves,2026-08-03,high+critical,,Linux,,27,
vendor_weekly_high_critical_cves,2026-08-10,high+critical,,Linux,,679,
vendor_weekly_high_critical_cves,2026-08-17,high+critical,,Linux,,104,
vendor_weekly_high_critical_cves,2026-08-24,high+critical,,Linux,,143,
vendor_weekly_high_critical_cves,2026-08-31,high+critical,,Linux,,18,
vendor_weekly_high_critical_cves,2024-12-23,high+critical,,AWS,,3,
vendor_weekly_high_critical_cves,2025-01-13,high+critical,,AWS,,2,
vendor_weekly_high_critical_cves,2025-01-27,high+critical,,AWS,,1,
vendor_weekly_high_critical_cves,2025-04-21,high+critical,,AWS,,1,
vendor_weekly_high_critical_cves,2025-05-05,high+critical,,AWS,,1,
vendor_weekly_high_critical_cves,2025-05-26,high+critical,,AWS,,1,
vendor_weekly_high_critical_cves,2025-06-02,high+critical,,AWS,,1,
vendor_weekly_high_critical_cves,2025-06-09,high+critical,,AWS,,1,
vendor_weekly_high_critical_cves,2025-07-21,high+critical,,AWS,,1,
vendor_weekly_high_critical_cves,2025-08-11,high+critical,,AWS,,1,
vendor_weekly_high_critical_cves,2025-10-06,high+critical,,AWS,,2,
vendor_weekly_high_critical_cves,2025-11-03,high+critical,,AWS,,1,
vendor_weekly_high_critical_cves,2025-11-10,high+critical,,AWS,,1,
vendor_weekly_high_critical_cves,2025-12-15,high+critical,,AWS,,1,
vendor_weekly_high_critical_cves,2026-01-05,high+critical,,AWS,,1,
vendor_weekly_high_critical_cves,2026-02-02,high+critical,,AWS,,2,
vendor_weekly_high_critical_cves,2026-03-02,high+critical,,AWS,,3,
vendor_weekly_high_critical_cves,2026-03-16,high+critical,,AWS,,2,
vendor_weekly_high_critical_cves,2026-03-30,high+critical,,AWS,,8,
vendor_weekly_high_critical_cves,2026-04-06,high+critical,,AWS,,4,
vendor_weekly_high_critical_cves,2026-04-20,high+critical,,AWS,,5,
vendor_weekly_high_critical_cves,2026-04-27,high+critical,,AWS,,4,
vendor_weekly_high_critical_cves,2026-05-04,high+critical,,AWS,,2,
vendor_weekly_high_critical_cves,2026-05-11,high+critical,,AWS,,2,
vendor_weekly_high_critical_cves,2026-05-18,high+critical,,AWS,,4,
vendor_weekly_high_critical_cves,2026-06-01,high+critical,,AWS,,4,
vendor_weekly_high_critical_cves,2026-06-08,high+critical,,AWS,,3,
vendor_weekly_high_critical_cves,2026-06-15,high+critical,,AWS,,1,
vendor_weekly_high_critical_cves,2026-06-22,high+critical,,AWS,,2,
vendor_weekly_high_critical_cves,2026-06-29,high+critical,,AWS,,4,
vendor_weekly_high_critical_cves,2026-07-06,high+critical,,AWS,,2,
vendor_weekly_high_critical_cves,2026-07-13,high+critical,,AWS,,2,
vendor_weekly_high_critical_cves,2026-07-20,high+critical,,AWS,,5,
vendor_weekly_high_critical_cves,2026-07-27,high+critical,,AWS,,1,
vendor_weekly_high_critical_cves,2026-08-03,high+critical,,AWS,,6,
vendor_weekly_high_critical_cves,2026-08-10,high+critical,,AWS,,3,
vendor_weekly_high_critical_cves,2026-08-17,high+critical,,AWS,,10,
vendor_weekly_high_critical_cves,2026-08-24,high+critical,,AWS,,2,
vendor_weekly_high_critical_cves,2026-08-31,high+critical,,AWS,,9,
vendor_weekly_high_critical_cves,2021-01-04,high+critical,,IBM,,2,
vendor_weekly_high_critical_cves,2021-01-18,high+critical,,IBM,,3,
vendor_weekly_high_critical_cves,2021-01-25,high+critical,,IBM,,3,
vendor_weekly_high_critical_cves,2021-02-08,high+critical,,IBM,,4,
vendor_weekly_high_critical_cves,2021-02-15,high+critical,,IBM,,1,
vendor_weekly_high_critical_cves,2021-03-08,high+critical,,IBM,,2,
vendor_weekly_high_critical_cves,2021-03-22,high+critical,,IBM,,1,
vendor_weekly_high_critical_cves,2021-03-29,high+critical,,IBM,,2,
vendor_weekly_high_critical_cves,2021-04-19,high+critical,,IBM,,2,
vendor_weekly_high_critical_cves,2021-04-26,high+critical,,IBM,,3,
vendor_weekly_high_critical_cves,2021-05-03,high+critical,,IBM,,2,
vendor_weekly_high_critical_cves,2021-05-17,high+critical,,IBM,,2,
vendor_weekly_high_critical_cves,2021-05-24,high+critical,,IBM,,4,
vendor_weekly_high_critical_cves,2021-05-31,high+critical,,IBM,,7,
vendor_weekly_high_critical_cves,2021-06-14,high+critical,,IBM,,2,
vendor_weekly_high_critical_cves,2021-06-21,high+critical,,IBM,,3,
vendor_weekly_high_critical_cves,2021-06-28,high+critical,,IBM,,1,
vendor_weekly_high_critical_cves,2021-07-12,high+critical,,IBM,,6,
vendor_weekly_high_critical_cves,2021-07-19,high+critical,,IBM,,1,
vendor_weekly_high_critical_cves,2021-07-26,high+critical,,IBM,,3,
vendor_weekly_high_critical_cves,2021-08-02,high+critical,,IBM,,2,
vendor_weekly_high_critical_cves,2021-08-09,high+critical,,IBM,,1,
vendor_weekly_high_critical_cves,2021-08-23,high+critical,,IBM,,1,
vendor_weekly_high_critical_cves,2021-08-30,high+critical,,IBM,,1,
vendor_weekly_high_critical_cves,2021-09-20,high+critical,,IBM,,2,
vendor_weekly_high_critical_cves,2021-10-04,high+critical,,IBM,,2,
vendor_weekly_high_critical_cves,2021-10-11,high+critical,,IBM,,1,
vendor_weekly_high_critical_cves,2021-10-18,high+critical,,IBM,,1,
vendor_weekly_high_critical_cves,2021-10-25,high+critical,,IBM,,1,
vendor_weekly_high_critical_cves,2021-11-01,high+critical,,IBM,,1,
vendor_weekly_high_critical_cves,2021-11-29,high+critical,,IBM,,1,
vendor_weekly_high_critical_cves,2021-12-06,high+critical,,IBM,,3,
vendor_weekly_high_critical_cves,2021-12-13,high+critical,,IBM,,2,
vendor_weekly_high_critical_cves,2022-01-03,high+critical,,IBM,,2,
vendor_weekly_high_critical_cves,2022-01-10,high+critical,,IBM,,1,
vendor_weekly_high_critical_cves,2022-01-17,high+critical,,IBM,,4,
vendor_weekly_high_critical_cves,2022-01-24,high+critical,,IBM,,1,
vendor_weekly_high_critical_cves,2022-01-31,high+critical,,IBM,,1,
vendor_weekly_high_critical_cves,2022-02-21,high+critical,,IBM,,2,
vendor_weekly_high_critical_cves,2022-03-21,high+critical,,IBM,,1,
vendor_weekly_high_critical_cves,2022-05-23,high+critical,,IBM,,1,
vendor_weekly_high_critical_cves,2022-06-20,high+critical,,IBM,,1,
vendor_weekly_high_critical_cves,2022-07-18,high+critical,,IBM,,3,
vendor_weekly_high_critical_cves,2022-07-25,high+critical,,IBM,,4,
vendor_weekly_high_critical_cves,2022-08-15,high+critical,,IBM,,1,
vendor_weekly_high_critical_cves,2022-08-22,high+critical,,IBM,,1,
vendor_weekly_high_critical_cves,2022-08-29,high+critical,,IBM,,1,
vendor_weekly_high_critical_cves,2022-09-12,high+critical,,IBM,,2,
vendor_weekly_high_critical_cves,2022-09-19,high+critical,,IBM,,1,
vendor_weekly_high_critical_cves,2022-10-31,high+critical,,IBM,,5,
vendor_weekly_high_critical_cves,2022-11-07,high+critical,,IBM,,2,
vendor_weekly_high_critical_cves,2022-11-14,high+critical,,IBM,,1,
vendor_weekly_high_critical_cves,2022-11-21,high+critical,,IBM,,1,
vendor_weekly_high_critical_cves,2022-12-05,high+critical,,IBM,,2,
vendor_weekly_high_critical_cves,2022-12-19,high+critical,,IBM,,1,
vendor_weekly_high_critical_cves,2023-01-02,high+critical,,IBM,,1,
vendor_weekly_high_critical_cves,2023-01-16,high+critical,,IBM,,1,
vendor_weekly_high_critical_cves,2023-01-23,high+critical,,IBM,,1,
vendor_weekly_high_critical_cves,2023-01-30,high+critical,,IBM,,3,
vendor_weekly_high_critical_cves,2023-02-06,high+critical,,IBM,,2,
vendor_weekly_high_critical_cves,2023-02-13,high+critical,,IBM,,2,
vendor_weekly_high_critical_cves,2023-02-27,high+critical,,IBM,,1,
vendor_weekly_high_critical_cves,2023-03-13,high+critical,,IBM,,2,
vendor_weekly_high_critical_cves,2023-03-20,high+critical,,IBM,,2,
vendor_weekly_high_critical_cves,2023-03-27,high+critical,,IBM,,2,
vendor_weekly_high_critical_cves,2023-04-03,high+critical,,IBM,,1,
vendor_weekly_high_critical_cves,2023-04-24,high+critical,,IBM,,10,
vendor_weekly_high_critical_cves,2023-05-01,high+critical,,IBM,,1,
vendor_weekly_high_critical_cves,2023-05-15,high+critical,,IBM,,1,
vendor_weekly_high_critical_cves,2023-05-22,high+critical,,IBM,,1,
vendor_weekly_high_critical_cves,2023-05-29,high+critical,,IBM,,4,
vendor_weekly_high_critical_cves,2023-06-12,high+critical,,IBM,,4,
vendor_weekly_high_critical_cves,2023-06-19,high+critical,,IBM,,1,
vendor_weekly_high_critical_cves,2023-07-03,high+critical,,IBM,,5,
vendor_weekly_high_critical_cves,2023-07-10,high+critical,,IBM,,3,
vendor_weekly_high_critical_cves,2023-07-17,high+critical,,IBM,,1,
vendor_weekly_high_critical_cves,2023-07-31,high+critical,,IBM,,4,
vendor_weekly_high_critical_cves,2023-08-14,high+critical,,IBM,,3,
vendor_weekly_high_critical_cves,2023-08-21,high+critical,,IBM,,5,
vendor_weekly_high_critical_cves,2023-08-28,high+critical,,IBM,,1,
vendor_weekly_high_critical_cves,2023-09-04,high+critical,,IBM,,4,
vendor_weekly_high_critical_cves,2023-09-18,high+critical,,IBM,,1,
vendor_weekly_high_critical_cves,2023-09-25,high+critical,,IBM,,1,
vendor_weekly_high_critical_cves,2023-10-02,high+critical,,IBM,,1,
vendor_weekly_high_critical_cves,2023-10-09,high+critical,,IBM,,1,
vendor_weekly_high_critical_cves,2023-10-16,high+critical,,IBM,,3,
vendor_weekly_high_critical_cves,2023-10-23,high+critical,,IBM,,2,
vendor_weekly_high_critical_cves,2023-11-13,high+critical,,IBM,,1,
vendor_weekly_high_critical_cves,2023-11-27,high+critical,,IBM,,4,
vendor_weekly_high_critical_cves,2023-12-04,high+critical,,IBM,,2,
vendor_weekly_high_critical_cves,2023-12-11,high+critical,,IBM,,6,
vendor_weekly_high_critical_cves,2023-12-18,high+critical,,IBM,,1,
vendor_weekly_high_critical_cves,2023-12-25,high+critical,,IBM,,3,
vendor_weekly_high_critical_cves,2024-01-01,high+critical,,IBM,,1,
vendor_weekly_high_critical_cves,2024-01-08,high+critical,,IBM,,1,
vendor_weekly_high_critical_cves,2024-01-15,high+critical,,IBM,,2,
vendor_weekly_high_critical_cves,2024-01-29,high+critical,,IBM,,11,
vendor_weekly_high_critical_cves,2024-02-05,high+critical,,IBM,,5,
vendor_weekly_high_critical_cves,2024-02-12,high+critical,,IBM,,2,
vendor_weekly_high_critical_cves,2024-02-19,high+critical,,IBM,,2,
vendor_weekly_high_critical_cves,2024-02-26,high+critical,,IBM,,3,
vendor_weekly_high_critical_cves,2024-03-04,high+critical,,IBM,,2,
vendor_weekly_high_critical_cves,2024-03-11,high+critical,,IBM,,2,
vendor_weekly_high_critical_cves,2024-03-25,high+critical,,IBM,,1,
vendor_weekly_high_critical_cves,2024-04-01,high+critical,,IBM,,3,
vendor_weekly_high_critical_cves,2024-04-08,high+critical,,IBM,,3,
vendor_weekly_high_critical_cves,2024-04-15,high+critical,,IBM,,3,
vendor_weekly_high_critical_cves,2024-04-22,high+critical,,IBM,,2,
vendor_weekly_high_critical_cves,2024-04-29,high+critical,,IBM,,3,
vendor_weekly_high_critical_cves,2024-05-06,high+critical,,IBM,,3,
vendor_weekly_high_critical_cves,2024-05-13,high+critical,,IBM,,2,
vendor_weekly_high_critical_cves,2024-05-20,high+critical,,IBM,,1,
vendor_weekly_high_critical_cves,2024-05-27,high+critical,,IBM,,3,
vendor_weekly_high_critical_cves,2024-06-03,high+critical,,IBM,,1,
vendor_weekly_high_critical_cves,2024-06-10,high+critical,,IBM,,1,
vendor_weekly_high_critical_cves,2024-06-17,high+critical,,IBM,,5,
vendor_weekly_high_critical_cves,2024-06-24,high+critical,,IBM,,6,
vendor_weekly_high_critical_cves,2024-07-08,high+critical,,IBM,,3,
vendor_weekly_high_critical_cves,2024-07-15,high+critical,,IBM,,1,
vendor_weekly_high_critical_cves,2024-08-12,high+critical,,IBM,,3,
vendor_weekly_high_critical_cves,2024-08-26,high+critical,,IBM,,1,
vendor_weekly_high_critical_cves,2024-09-02,high+critical,,IBM,,3,
vendor_weekly_high_critical_cves,2024-09-23,high+critical,,IBM,,2,
vendor_weekly_high_critical_cves,2024-10-28,high+critical,,IBM,,1,
vendor_weekly_high_critical_cves,2024-11-11,high+critical,,IBM,,2,
vendor_weekly_high_critical_cves,2024-11-18,high+critical,,IBM,,2,
vendor_weekly_high_critical_cves,2024-11-25,high+critical,,IBM,,6,
vendor_weekly_high_critical_cves,2024-12-02,high+critical,,IBM,,4,
vendor_weekly_high_critical_cves,2024-12-09,high+critical,,IBM,,2,
vendor_weekly_high_critical_cves,2024-12-16,high+critical,,IBM,,3,
vendor_weekly_high_critical_cves,2024-12-30,high+critical,,IBM,,3,
vendor_weekly_high_critical_cves,2025-01-06,high+critical,,IBM,,2,
vendor_weekly_high_critical_cves,2025-01-13,high+critical,,IBM,,7,
vendor_weekly_high_critical_cves,2025-01-20,high+critical,,IBM,,5,
vendor_weekly_high_critical_cves,2025-01-27,high+critical,,IBM,,1,
vendor_weekly_high_critical_cves,2025-02-03,high+critical,,IBM,,4,
vendor_weekly_high_critical_cves,2025-02-10,high+critical,,IBM,,1,
vendor_weekly_high_critical_cves,2025-02-17,high+critical,,IBM,,7,
vendor_weekly_high_critical_cves,2025-02-24,high+critical,,IBM,,4,
vendor_weekly_high_critical_cves,2025-03-03,high+critical,,IBM,,5,
vendor_weekly_high_critical_cves,2025-03-10,high+critical,,IBM,,1,
vendor_weekly_high_critical_cves,2025-03-17,high+critical,,IBM,,3,
vendor_weekly_high_critical_cves,2025-04-07,high+critical,,IBM,,1,
vendor_weekly_high_critical_cves,2025-04-14,high+critical,,IBM,,1,
vendor_weekly_high_critical_cves,2025-04-21,high+critical,,IBM,,2,
vendor_weekly_high_critical_cves,2025-05-05,high+critical,,IBM,,6,
vendor_weekly_high_critical_cves,2025-05-12,high+critical,,IBM,,3,
vendor_weekly_high_critical_cves,2025-05-19,high+critical,,IBM,,2,
vendor_weekly_high_critical_cves,2025-05-26,high+critical,,IBM,,1,
vendor_weekly_high_critical_cves,2025-06-02,high+critical,,IBM,,2,
vendor_weekly_high_critical_cves,2025-06-09,high+critical,,IBM,,4,
vendor_weekly_high_critical_cves,2025-06-16,high+critical,,IBM,,7,
vendor_weekly_high_critical_cves,2025-06-23,high+critical,,IBM,,4,
vendor_weekly_high_critical_cves,2025-07-07,high+critical,,IBM,,2,
vendor_weekly_high_critical_cves,2025-07-14,high+critical,,IBM,,1,
vendor_weekly_high_critical_cves,2025-07-21,high+critical,,IBM,,3,
vendor_weekly_high_critical_cves,2025-07-28,high+critical,,IBM,,3,
vendor_weekly_high_critical_cves,2025-08-04,high+critical,,IBM,,3,
vendor_weekly_high_critical_cves,2025-08-18,high+critical,,IBM,,5,
vendor_weekly_high_critical_cves,2025-08-25,high+critical,,IBM,,4,
vendor_weekly_high_critical_cves,2025-09-01,high+critical,,IBM,,1,
vendor_weekly_high_critical_cves,2025-09-08,high+critical,,IBM,,1,
vendor_weekly_high_critical_cves,2025-09-15,high+critical,,IBM,,1,
vendor_weekly_high_critical_cves,2025-09-22,high+critical,,IBM,,2,
vendor_weekly_high_critical_cves,2025-09-29,high+critical,,IBM,,1,
vendor_weekly_high_critical_cves,2025-10-06,high+critical,,IBM,,5,
vendor_weekly_high_critical_cves,2025-10-13,high+critical,,IBM,,2,
vendor_weekly_high_critical_cves,2025-10-27,high+critical,,IBM,,7,
vendor_weekly_high_critical_cves,2025-11-03,high+critical,,IBM,,2,
vendor_weekly_high_critical_cves,2025-11-10,high+critical,,IBM,,4,
vendor_weekly_high_critical_cves,2025-11-17,high+critical,,IBM,,3,
vendor_weekly_high_critical_cves,2025-12-01,high+critical,,IBM,,1,
vendor_weekly_high_critical_cves,2025-12-08,high+critical,,IBM,,3,
vendor_weekly_high_critical_cves,2025-12-22,high+critical,,IBM,,3,
vendor_weekly_high_critical_cves,2026-01-19,high+critical,,IBM,,4,
vendor_weekly_high_critical_cves,2026-01-26,high+critical,,IBM,,2,
vendor_weekly_high_critical_cves,2026-02-02,high+critical,,IBM,,4,
vendor_weekly_high_critical_cves,2026-02-16,high+critical,,IBM,,4,
vendor_weekly_high_critical_cves,2026-03-02,high+critical,,IBM,,1,
vendor_weekly_high_critical_cves,2026-03-09,high+critical,,IBM,,1,
vendor_weekly_high_critical_cves,2026-03-16,high+critical,,IBM,,3,
vendor_weekly_high_critical_cves,2026-03-23,high+critical,,IBM,,1,
vendor_weekly_high_critical_cves,2026-03-30,high+critical,,IBM,,3,
vendor_weekly_high_critical_cves,2026-04-06,high+critical,,IBM,,5,
vendor_weekly_high_critical_cves,2026-04-20,high+critical,,IBM,,2,
vendor_weekly_high_critical_cves,2026-04-27,high+critical,,IBM,,3,
vendor_weekly_high_critical_cves,2026-05-25,high+critical,,IBM,,24,
vendor_weekly_high_critical_cves,2026-06-01,high+critical,,IBM,,5,
vendor_weekly_high_critical_cves,2026-06-08,high+critical,,IBM,,3,
vendor_weekly_high_critical_cves,2026-06-22,high+critical,,IBM,,9,
vendor_weekly_high_critical_cves,2026-06-29,high+critical,,IBM,,23,
vendor_weekly_high_critical_cves,2026-07-06,high+critical,,IBM,,2,
vendor_weekly_high_critical_cves,2026-07-13,high+critical,,IBM,,23,
vendor_weekly_high_critical_cves,2026-07-27,high+critical,,IBM,,47,
vendor_weekly_high_critical_cves,2026-08-03,high+critical,,IBM,,21,
vendor_weekly_high_critical_cves,2026-08-10,high+critical,,IBM,,104,
vendor_weekly_high_critical_cves,2026-08-17,high+critical,,IBM,,136,
vendor_weekly_high_critical_cves,2026-08-24,high+critical,,IBM,,10,
vendor_weekly_high_critical_cves,2026-08-31,high+critical,,IBM,,17,
vendor_weekly_high_critical_cves,2021-01-04,high+critical,,Other CNAs,,41,
vendor_weekly_high_critical_cves,2021-01-11,high+critical,,Other CNAs,,37,
vendor_weekly_high_critical_cves,2021-01-18,high+critical,,Other CNAs,,24,
vendor_weekly_high_critical_cves,2021-01-25,high+critical,,Other CNAs,,14,
vendor_weekly_high_critical_cves,2021-02-01,high+critical,,Other CNAs,,32,
vendor_weekly_high_critical_cves,2021-02-08,high+critical,,Other CNAs,,64,
vendor_weekly_high_critical_cves,2021-02-15,high+critical,,Other CNAs,,44,
vendor_weekly_high_critical_cves,2021-02-22,high+critical,,Other CNAs,,21,
vendor_weekly_high_critical_cves,2021-03-01,high+critical,,Other CNAs,,29,
vendor_weekly_high_critical_cves,2021-03-08,high+critical,,Other CNAs,,19,
vendor_weekly_high_critical_cves,2021-03-15,high+critical,,Other CNAs,,11,
vendor_weekly_high_critical_cves,2021-03-22,high+critical,,Other CNAs,,64,
vendor_weekly_high_critical_cves,2021-03-29,high+critical,,Other CNAs,,32,
vendor_weekly_high_critical_cves,2021-04-05,high+critical,,Other CNAs,,17,
vendor_weekly_high_critical_cves,2021-04-12,high+critical,,Other CNAs,,59,
vendor_weekly_high_critical_cves,2021-04-19,high+critical,,Other CNAs,,62,
vendor_weekly_high_critical_cves,2021-04-26,high+critical,,Other CNAs,,51,
vendor_weekly_high_critical_cves,2021-05-03,high+critical,,Other CNAs,,35,
vendor_weekly_high_critical_cves,2021-05-10,high+critical,,Other CNAs,,36,
vendor_weekly_high_critical_cves,2021-05-17,high+critical,,Other CNAs,,17,
vendor_weekly_high_critical_cves,2021-05-24,high+critical,,Other CNAs,,23,
vendor_weekly_high_critical_cves,2021-05-31,high+critical,,Other CNAs,,25,
vendor_weekly_high_critical_cves,2021-06-07,high+critical,,Other CNAs,,62,
vendor_weekly_high_critical_cves,2021-06-14,high+critical,,Other CNAs,,48,
vendor_weekly_high_critical_cves,2021-06-21,high+critical,,Other CNAs,,45,
vendor_weekly_high_critical_cves,2021-06-28,high+critical,,Other CNAs,,34,
vendor_weekly_high_critical_cves,2021-07-05,high+critical,,Other CNAs,,57,
vendor_weekly_high_critical_cves,2021-07-12,high+critical,,Other CNAs,,52,
vendor_weekly_high_critical_cves,2021-07-19,high+critical,,Other CNAs,,30,
vendor_weekly_high_critical_cves,2021-07-26,high+critical,,Other CNAs,,12,
vendor_weekly_high_critical_cves,2021-08-02,high+critical,,Other CNAs,,80,
vendor_weekly_high_critical_cves,2021-08-09,high+critical,,Other CNAs,,77,
vendor_weekly_high_critical_cves,2021-08-16,high+critical,,Other CNAs,,59,
vendor_weekly_high_critical_cves,2021-08-23,high+critical,,Other CNAs,,54,
vendor_weekly_high_critical_cves,2021-08-30,high+critical,,Other CNAs,,57,
vendor_weekly_high_critical_cves,2021-09-06,high+critical,,Other CNAs,,56,
vendor_weekly_high_critical_cves,2021-09-13,high+critical,,Other CNAs,,56,
vendor_weekly_high_critical_cves,2021-09-20,high+critical,,Other CNAs,,25,
vendor_weekly_high_critical_cves,2021-09-27,high+critical,,Other CNAs,,56,
vendor_weekly_high_critical_cves,2021-10-04,high+critical,,Other CNAs,,41,
vendor_weekly_high_critical_cves,2021-10-11,high+critical,,Other CNAs,,39,
vendor_weekly_high_critical_cves,2021-10-18,high+critical,,Other CNAs,,87,
vendor_weekly_high_critical_cves,2021-10-25,high+critical,,Other CNAs,,45,
vendor_weekly_high_critical_cves,2021-11-01,high+critical,,Other CNAs,,48,
vendor_weekly_high_critical_cves,2021-11-08,high+critical,,Other CNAs,,44,
vendor_weekly_high_critical_cves,2021-11-15,high+critical,,Other CNAs,,78,
vendor_weekly_high_critical_cves,2021-11-22,high+critical,,Other CNAs,,32,
vendor_weekly_high_critical_cves,2021-11-29,high+critical,,Other CNAs,,42,
vendor_weekly_high_critical_cves,2021-12-06,high+critical,,Other CNAs,,64,
vendor_weekly_high_critical_cves,2021-12-13,high+critical,,Other CNAs,,59,
vendor_weekly_high_critical_cves,2021-12-20,high+critical,,Other CNAs,,261,
vendor_weekly_high_critical_cves,2021-12-27,high+critical,,Other CNAs,,27,
vendor_weekly_high_critical_cves,2022-01-03,high+critical,,Other CNAs,,55,
vendor_weekly_high_critical_cves,2022-01-10,high+critical,,Other CNAs,,130,
vendor_weekly_high_critical_cves,2022-01-17,high+critical,,Other CNAs,,59,
vendor_weekly_high_critical_cves,2022-01-24,high+critical,,Other CNAs,,132,
vendor_weekly_high_critical_cves,2022-01-31,high+critical,,Other CNAs,,72,
vendor_weekly_high_critical_cves,2022-02-07,high+critical,,Other CNAs,,48,
vendor_weekly_high_critical_cves,2022-02-14,high+critical,,Other CNAs,,159,
vendor_weekly_high_critical_cves,2022-02-21,high+critical,,Other CNAs,,47,
vendor_weekly_high_critical_cves,2022-02-28,high+critical,,Other CNAs,,36,
vendor_weekly_high_critical_cves,2022-03-07,high+critical,,Other CNAs,,58,
vendor_weekly_high_critical_cves,2022-03-14,high+critical,,Other CNAs,,63,
vendor_weekly_high_critical_cves,2022-03-21,high+critical,,Other CNAs,,63,
vendor_weekly_high_critical_cves,2022-03-28,high+critical,,Other CNAs,,92,
vendor_weekly_high_critical_cves,2022-04-04,high+critical,,Other CNAs,,79,
vendor_weekly_high_critical_cves,2022-04-11,high+critical,,Other CNAs,,115,
vendor_weekly_high_critical_cves,2022-04-18,high+critical,,Other CNAs,,97,
vendor_weekly_high_critical_cves,2022-04-25,high+critical,,Other CNAs,,56,
vendor_weekly_high_critical_cves,2022-05-02,high+critical,,Other CNAs,,100,
vendor_weekly_high_critical_cves,2022-05-09,high+critical,,Other CNAs,,76,
vendor_weekly_high_critical_cves,2022-05-16,high+critical,,Other CNAs,,79,
vendor_weekly_high_critical_cves,2022-05-23,high+critical,,Other CNAs,,52,
vendor_weekly_high_critical_cves,2022-05-30,high+critical,,Other CNAs,,61,
vendor_weekly_high_critical_cves,2022-06-06,high+critical,,Other CNAs,,52,
vendor_weekly_high_critical_cves,2022-06-13,high+critical,,Other CNAs,,71,
vendor_weekly_high_critical_cves,2022-06-20,high+critical,,Other CNAs,,48,
vendor_weekly_high_critical_cves,2022-06-27,high+critical,,Other CNAs,,65,
vendor_weekly_high_critical_cves,2022-07-04,high+critical,,Other CNAs,,27,
vendor_weekly_high_critical_cves,2022-07-11,high+critical,,Other CNAs,,47,
vendor_weekly_high_critical_cves,2022-07-18,high+critical,,Other CNAs,,90,
vendor_weekly_high_critical_cves,2022-07-25,high+critical,,Other CNAs,,83,
vendor_weekly_high_critical_cves,2022-08-01,high+critical,,Other CNAs,,132,
vendor_weekly_high_critical_cves,2022-08-08,high+critical,,Other CNAs,,44,
vendor_weekly_high_critical_cves,2022-08-15,high+critical,,Other CNAs,,52,
vendor_weekly_high_critical_cves,2022-08-22,high+critical,,Other CNAs,,65,
vendor_weekly_high_critical_cves,2022-08-29,high+critical,,Other CNAs,,61,
vendor_weekly_high_critical_cves,2022-09-05,high+critical,,Other CNAs,,93,
vendor_weekly_high_critical_cves,2022-09-12,high+critical,,Other CNAs,,83,
vendor_weekly_high_critical_cves,2022-09-19,high+critical,,Other CNAs,,190,
vendor_weekly_high_critical_cves,2022-09-26,high+critical,,Other CNAs,,133,
vendor_weekly_high_critical_cves,2022-10-03,high+critical,,Other CNAs,,34,
vendor_weekly_high_critical_cves,2022-10-10,high+critical,,Other CNAs,,193,
vendor_weekly_high_critical_cves,2022-10-17,high+critical,,Other CNAs,,171,
vendor_weekly_high_critical_cves,2022-10-24,high+critical,,Other CNAs,,195,
vendor_weekly_high_critical_cves,2022-10-31,high+critical,,Other CNAs,,172,
vendor_weekly_high_critical_cves,2022-11-07,high+critical,,Other CNAs,,152,
vendor_weekly_high_critical_cves,2022-11-14,high+critical,,Other CNAs,,150,
vendor_weekly_high_critical_cves,2022-11-21,high+critical,,Other CNAs,,203,
vendor_weekly_high_critical_cves,2022-11-28,high+critical,,Other CNAs,,162,
vendor_weekly_high_critical_cves,2022-12-05,high+critical,,Other CNAs,,182,
vendor_weekly_high_critical_cves,2022-12-12,high+critical,,Other CNAs,,174,
vendor_weekly_high_critical_cves,2022-12-19,high+critical,,Other CNAs,,214,
vendor_weekly_high_critical_cves,2022-12-26,high+critical,,Other CNAs,,143,
vendor_weekly_high_critical_cves,2023-01-02,high+critical,,Other CNAs,,145,
vendor_weekly_high_critical_cves,2023-01-09,high+critical,,Other CNAs,,154,
vendor_weekly_high_critical_cves,2023-01-16,high+critical,,Other CNAs,,156,
vendor_weekly_high_critical_cves,2023-01-23,high+critical,,Other CNAs,,262,
vendor_weekly_high_critical_cves,2023-01-30,high+critical,,Other CNAs,,232,
vendor_weekly_high_critical_cves,2023-02-06,high+critical,,Other CNAs,,149,
vendor_weekly_high_critical_cves,2023-02-13,high+critical,,Other CNAs,,238,
vendor_weekly_high_critical_cves,2023-02-20,high+critical,,Other CNAs,,111,
vendor_weekly_high_critical_cves,2023-02-27,high+critical,,Other CNAs,,130,
vendor_weekly_high_critical_cves,2023-03-06,high+critical,,Other CNAs,,117,
vendor_weekly_high_critical_cves,2023-03-13,high+critical,,Other CNAs,,167,
vendor_weekly_high_critical_cves,2023-03-20,high+critical,,Other CNAs,,143,
vendor_weekly_high_critical_cves,2023-03-27,high+critical,,Other CNAs,,286,
vendor_weekly_high_critical_cves,2023-04-03,high+critical,,Other CNAs,,178,
vendor_weekly_high_critical_cves,2023-04-10,high+critical,,Other CNAs,,197,
vendor_weekly_high_critical_cves,2023-04-17,high+critical,,Other CNAs,,143,
vendor_weekly_high_critical_cves,2023-04-24,high+critical,,Other CNAs,,191,
vendor_weekly_high_critical_cves,2023-05-01,high+critical,,Other CNAs,,98,
vendor_weekly_high_critical_cves,2023-05-08,high+critical,,Other CNAs,,226,
vendor_weekly_high_critical_cves,2023-05-15,high+critical,,Other CNAs,,163,
vendor_weekly_high_critical_cves,2023-05-22,high+critical,,Other CNAs,,176,
vendor_weekly_high_critical_cves,2023-05-29,high+critical,,Other CNAs,,196,
vendor_weekly_high_critical_cves,2023-06-05,high+critical,,Other CNAs,,200,
vendor_weekly_high_critical_cves,2023-06-12,high+critical,,Other CNAs,,185,
vendor_weekly_high_critical_cves,2023-06-19,high+critical,,Other CNAs,,152,
vendor_weekly_high_critical_cves,2023-06-26,high+critical,,Other CNAs,,47,
vendor_weekly_high_critical_cves,2023-07-03,high+critical,,Other CNAs,,123,
vendor_weekly_high_critical_cves,2023-07-10,high+critical,,Other CNAs,,146,
vendor_weekly_high_critical_cves,2023-07-17,high+critical,,Other CNAs,,111,
vendor_weekly_high_critical_cves,2023-07-24,high+critical,,Other CNAs,,77,
vendor_weekly_high_critical_cves,2023-07-31,high+critical,,Other CNAs,,86,
vendor_weekly_high_critical_cves,2023-08-07,high+critical,,Other CNAs,,168,
vendor_weekly_high_critical_cves,2023-08-14,high+critical,,Other CNAs,,107,
vendor_weekly_high_critical_cves,2023-08-21,high+critical,,Other CNAs,,79,
vendor_weekly_high_critical_cves,2023-08-28,high+critical,,Other CNAs,,108,
vendor_weekly_high_critical_cves,2023-09-04,high+critical,,Other CNAs,,102,
vendor_weekly_high_critical_cves,2023-09-11,high+critical,,Other CNAs,,102,
vendor_weekly_high_critical_cves,2023-09-18,high+critical,,Other CNAs,,100,
vendor_weekly_high_critical_cves,2023-09-25,high+critical,,Other CNAs,,130,
vendor_weekly_high_critical_cves,2023-10-02,high+critical,,Other CNAs,,111,
vendor_weekly_high_critical_cves,2023-10-09,high+critical,,Other CNAs,,152,
vendor_weekly_high_critical_cves,2023-10-16,high+critical,,Other CNAs,,159,
vendor_weekly_high_critical_cves,2023-10-23,high+critical,,Other CNAs,,221,
vendor_weekly_high_critical_cves,2023-10-30,high+critical,,Other CNAs,,170,
vendor_weekly_high_critical_cves,2023-11-06,high+critical,,Other CNAs,,147,
vendor_weekly_high_critical_cves,2023-11-13,high+critical,,Other CNAs,,146,
vendor_weekly_high_critical_cves,2023-11-20,high+critical,,Other CNAs,,106,
vendor_weekly_high_critical_cves,2023-11-27,high+critical,,Other CNAs,,127,
vendor_weekly_high_critical_cves,2023-12-04,high+critical,,Other CNAs,,122,
vendor_weekly_high_critical_cves,2023-12-11,high+critical,,Other CNAs,,171,
vendor_weekly_high_critical_cves,2023-12-18,high+critical,,Other CNAs,,191,
vendor_weekly_high_critical_cves,2023-12-25,high+critical,,Other CNAs,,131,
vendor_weekly_high_critical_cves,2024-01-01,high+critical,,Other CNAs,,129,
vendor_weekly_high_critical_cves,2024-01-08,high+critical,,Other CNAs,,368,
vendor_weekly_high_critical_cves,2024-01-15,high+critical,,Other CNAs,,211,
vendor_weekly_high_critical_cves,2024-01-22,high+critical,,Other CNAs,,203,
vendor_weekly_high_critical_cves,2024-01-29,high+critical,,Other CNAs,,202,
vendor_weekly_high_critical_cves,2024-02-05,high+critical,,Other CNAs,,240,
vendor_weekly_high_critical_cves,2024-02-12,high+critical,,Other CNAs,,210,
vendor_weekly_high_critical_cves,2024-02-19,high+critical,,Other CNAs,,199,
vendor_weekly_high_critical_cves,2024-02-26,high+critical,,Other CNAs,,195,
vendor_weekly_high_critical_cves,2024-03-04,high+critical,,Other CNAs,,165,
vendor_weekly_high_critical_cves,2024-03-11,high+critical,,Other CNAs,,198,
vendor_weekly_high_critical_cves,2024-03-18,high+critical,,Other CNAs,,276,
vendor_weekly_high_critical_cves,2024-03-25,high+critical,,Other CNAs,,403,
vendor_weekly_high_critical_cves,2024-04-01,high+critical,,Other CNAs,,243,
vendor_weekly_high_critical_cves,2024-04-08,high+critical,,Other CNAs,,268,
vendor_weekly_high_critical_cves,2024-04-15,high+critical,,Other CNAs,,297,
vendor_weekly_high_critical_cves,2024-04-22,high+critical,,Other CNAs,,211,
vendor_weekly_high_critical_cves,2024-04-29,high+critical,,Other CNAs,,812,
vendor_weekly_high_critical_cves,2024-05-06,high+critical,,Other CNAs,,299,
vendor_weekly_high_critical_cves,2024-05-13,high+critical,,Other CNAs,,339,
vendor_weekly_high_critical_cves,2024-05-20,high+critical,,Other CNAs,,174,
vendor_weekly_high_critical_cves,2024-05-27,high+critical,,Other CNAs,,201,
vendor_weekly_high_critical_cves,2024-06-03,high+critical,,Other CNAs,,289,
vendor_weekly_high_critical_cves,2024-06-10,high+critical,,Other CNAs,,244,
vendor_weekly_high_critical_cves,2024-06-17,high+critical,,Other CNAs,,145,
vendor_weekly_high_critical_cves,2024-06-24,high+critical,,Other CNAs,,223,
vendor_weekly_high_critical_cves,2024-07-01,high+critical,,Other CNAs,,156,
vendor_weekly_high_critical_cves,2024-07-08,high+critical,,Other CNAs,,320,
vendor_weekly_high_critical_cves,2024-07-15,high+critical,,Other CNAs,,150,
vendor_weekly_high_critical_cves,2024-07-22,high+critical,,Other CNAs,,199,
vendor_weekly_high_critical_cves,2024-07-29,high+critical,,Other CNAs,,194,
vendor_weekly_high_critical_cves,2024-08-05,high+critical,,Other CNAs,,210,
vendor_weekly_high_critical_cves,2024-08-12,high+critical,,Other CNAs,,223,
vendor_weekly_high_critical_cves,2024-08-19,high+critical,,Other CNAs,,251,
vendor_weekly_high_critical_cves,2024-08-26,high+critical,,Other CNAs,,175,
vendor_weekly_high_critical_cves,2024-09-02,high+critical,,Other CNAs,,187,
vendor_weekly_high_critical_cves,2024-09-09,high+critical,,Other CNAs,,211,
vendor_weekly_high_critical_cves,2024-09-16,high+critical,,Other CNAs,,198,
vendor_weekly_high_critical_cves,2024-09-23,high+critical,,Other CNAs,,191,
vendor_weekly_high_critical_cves,2024-09-30,high+critical,,Other CNAs,,223,
vendor_weekly_high_critical_cves,2024-10-07,high+critical,,Other CNAs,,253,
vendor_weekly_high_critical_cves,2024-10-14,high+critical,,Other CNAs,,307,
vendor_weekly_high_critical_cves,2024-10-21,high+critical,,Other CNAs,,213,
vendor_weekly_high_critical_cves,2024-10-28,high+critical,,Other CNAs,,266,
vendor_weekly_high_critical_cves,2024-11-04,high+critical,,Other CNAs,,285,
vendor_weekly_high_critical_cves,2024-11-11,high+critical,,Other CNAs,,338,
vendor_weekly_high_critical_cves,2024-11-18,high+critical,,Other CNAs,,512,
vendor_weekly_high_critical_cves,2024-11-25,high+critical,,Other CNAs,,178,
vendor_weekly_high_critical_cves,2024-12-02,high+critical,,Other CNAs,,323,
vendor_weekly_high_critical_cves,2024-12-09,high+critical,,Other CNAs,,304,
vendor_weekly_high_critical_cves,2024-12-16,high+critical,,Other CNAs,,318,
vendor_weekly_high_critical_cves,2024-12-23,high+critical,,Other CNAs,,60,
vendor_weekly_high_critical_cves,2024-12-30,high+critical,,Other CNAs,,139,
vendor_weekly_high_critical_cves,2025-01-06,high+critical,,Other CNAs,,325,
vendor_weekly_high_critical_cves,2025-01-13,high+critical,,Other CNAs,,488,
vendor_weekly_high_critical_cves,2025-01-20,high+critical,,Other CNAs,,327,
vendor_weekly_high_critical_cves,2025-01-27,high+critical,,Other CNAs,,225,
vendor_weekly_high_critical_cves,2025-02-03,high+critical,,Other CNAs,,289,
vendor_weekly_high_critical_cves,2025-02-10,high+critical,,Other CNAs,,328,
vendor_weekly_high_critical_cves,2025-02-17,high+critical,,Other CNAs,,199,
vendor_weekly_high_critical_cves,2025-02-24,high+critical,,Other CNAs,,199,
vendor_weekly_high_critical_cves,2025-03-03,high+critical,,Other CNAs,,372,
vendor_weekly_high_critical_cves,2025-03-10,high+critical,,Other CNAs,,271,
vendor_weekly_high_critical_cves,2025-03-17,high+critical,,Other CNAs,,387,
vendor_weekly_high_critical_cves,2025-03-24,high+critical,,Other CNAs,,359,
vendor_weekly_high_critical_cves,2025-03-31,high+critical,,Other CNAs,,351,
vendor_weekly_high_critical_cves,2025-04-07,high+critical,,Other CNAs,,329,
vendor_weekly_high_critical_cves,2025-04-14,high+critical,,Other CNAs,,471,
vendor_weekly_high_critical_cves,2025-04-21,high+critical,,Other CNAs,,233,
vendor_weekly_high_critical_cves,2025-04-28,high+critical,,Other CNAs,,138,
vendor_weekly_high_critical_cves,2025-05-05,high+critical,,Other CNAs,,258,
vendor_weekly_high_critical_cves,2025-05-12,high+critical,,Other CNAs,,242,
vendor_weekly_high_critical_cves,2025-05-19,high+critical,,Other CNAs,,377,
vendor_weekly_high_critical_cves,2025-05-26,high+critical,,Other CNAs,,117,
vendor_weekly_high_critical_cves,2025-06-02,high+critical,,Other CNAs,,238,
vendor_weekly_high_critical_cves,2025-06-09,high+critical,,Other CNAs,,283,
vendor_weekly_high_critical_cves,2025-06-16,high+critical,,Other CNAs,,243,
vendor_weekly_high_critical_cves,2025-06-23,high+critical,,Other CNAs,,304,
vendor_weekly_high_critical_cves,2025-06-30,high+critical,,Other CNAs,,206,
vendor_weekly_high_critical_cves,2025-07-07,high+critical,,Other CNAs,,269,
vendor_weekly_high_critical_cves,2025-07-14,high+critical,,Other CNAs,,274,
vendor_weekly_high_critical_cves,2025-07-21,high+critical,,Other CNAs,,328,
vendor_weekly_high_critical_cves,2025-07-28,high+critical,,Other CNAs,,170,
vendor_weekly_high_critical_cves,2025-08-04,high+critical,,Other CNAs,,191,
vendor_weekly_high_critical_cves,2025-08-11,high+critical,,Other CNAs,,276,
vendor_weekly_high_critical_cves,2025-08-18,high+critical,,Other CNAs,,320,
vendor_weekly_high_critical_cves,2025-08-25,high+critical,,Other CNAs,,289,
vendor_weekly_high_critical_cves,2025-09-01,high+critical,,Other CNAs,,207,
vendor_weekly_high_critical_cves,2025-09-08,high+critical,,Other CNAs,,256,
vendor_weekly_high_critical_cves,2025-09-15,high+critical,,Other CNAs,,219,
vendor_weekly_high_critical_cves,2025-09-22,high+critical,,Other CNAs,,239,
vendor_weekly_high_critical_cves,2025-09-29,high+critical,,Other CNAs,,228,
vendor_weekly_high_critical_cves,2025-10-06,high+critical,,Other CNAs,,195,
vendor_weekly_high_critical_cves,2025-10-13,high+critical,,Other CNAs,,248,
vendor_weekly_high_critical_cves,2025-10-20,high+critical,,Other CNAs,,334,
vendor_weekly_high_critical_cves,2025-10-27,high+critical,,Other CNAs,,321,
vendor_weekly_high_critical_cves,2025-11-03,high+critical,,Other CNAs,,330,
vendor_weekly_high_critical_cves,2025-11-10,high+critical,,Other CNAs,,193,
vendor_weekly_high_critical_cves,2025-11-17,high+critical,,Other CNAs,,222,
vendor_weekly_high_critical_cves,2025-11-24,high+critical,,Other CNAs,,193,
vendor_weekly_high_critical_cves,2025-12-01,high+critical,,Other CNAs,,289,
vendor_weekly_high_critical_cves,2025-12-08,high+critical,,Other CNAs,,431,
vendor_weekly_high_critical_cves,2025-12-15,high+critical,,Other CNAs,,526,
vendor_weekly_high_critical_cves,2025-12-22,high+critical,,Other CNAs,,238,
vendor_weekly_high_critical_cves,2025-12-29,high+critical,,Other CNAs,,223,
vendor_weekly_high_critical_cves,2026-01-05,high+critical,,Other CNAs,,379,
vendor_weekly_high_critical_cves,2026-01-12,high+critical,,Other CNAs,,399,
vendor_weekly_high_critical_cves,2026-01-19,high+critical,,Other CNAs,,544,
vendor_weekly_high_critical_cves,2026-01-26,high+critical,,Other CNAs,,382,
vendor_weekly_high_critical_cves,2026-02-02,high+critical,,Other CNAs,,409,
vendor_weekly_high_critical_cves,2026-02-09,high+critical,,Other CNAs,,298,
vendor_weekly_high_critical_cves,2026-02-16,high+critical,,Other CNAs,,507,
vendor_weekly_high_critical_cves,2026-02-23,high+critical,,Other CNAs,,366,
vendor_weekly_high_critical_cves,2026-03-02,high+critical,,Other CNAs,,716,
vendor_weekly_high_critical_cves,2026-03-09,high+critical,,Other CNAs,,477,
vendor_weekly_high_critical_cves,2026-03-16,high+critical,,Other CNAs,,444,
vendor_weekly_high_critical_cves,2026-03-23,high+critical,,Other CNAs,,672,
vendor_weekly_high_critical_cves,2026-03-30,high+critical,,Other CNAs,,420,
vendor_weekly_high_critical_cves,2026-04-06,high+critical,,Other CNAs,,632,
vendor_weekly_high_critical_cves,2026-04-13,high+critical,,Other CNAs,,363,
vendor_weekly_high_critical_cves,2026-04-20,high+critical,,Other CNAs,,388,
vendor_weekly_high_critical_cves,2026-04-27,high+critical,,Other CNAs,,304,
vendor_weekly_high_critical_cves,2026-05-04,high+critical,,Other CNAs,,484,
vendor_weekly_high_critical_cves,2026-05-11,high+critical,,Other CNAs,,672,
vendor_weekly_high_critical_cves,2026-05-18,high+critical,,Other CNAs,,334,
vendor_weekly_high_critical_cves,2026-05-25,high+critical,,Other CNAs,,629,
vendor_weekly_high_critical_cves,2026-06-01,high+critical,,Other CNAs,,387,
vendor_weekly_high_critical_cves,2026-06-08,high+critical,,Other CNAs,,522,
vendor_weekly_high_critical_cves,2026-06-15,high+critical,,Other CNAs,,809,
vendor_weekly_high_critical_cves,2026-06-22,high+critical,,Other CNAs,,692,
vendor_weekly_high_critical_cves,2026-06-29,high+critical,,Other CNAs,,548,
vendor_weekly_high_critical_cves,2026-07-06,high+critical,,Other CNAs,,629,
vendor_weekly_high_critical_cves,2026-07-13,high+critical,,Other CNAs,,726,
vendor_weekly_high_critical_cves,2026-07-20,high+critical,,Other CNAs,,626,
vendor_weekly_high_critical_cves,2026-07-27,high+critical,,Other CNAs,,639,
vendor_weekly_high_critical_cves,2026-08-03,high+critical,,Other CNAs,,789,
vendor_weekly_high_critical_cves,2026-08-10,high+critical,,Other CNAs,,953,
vendor_weekly_high_critical_cves,2026-08-17,high+critical,,Other CNAs,,1015,
vendor_weekly_high_critical_cves,2026-08-24,high+critical,,Other CNAs,,1038,
vendor_weekly_high_critical_cves,2026-08-31,high+critical,,Other CNAs,,886,
vendor_weekly_high_critical_cves,2021-01-11,high+critical,,Adobe,,7,
vendor_weekly_high_critical_cves,2021-02-08,high+critical,,Adobe,,33,
vendor_weekly_high_critical_cves,2021-02-22,high+critical,,Adobe,,3,
vendor_weekly_high_critical_cves,2021-03-08,high+critical,,Adobe,,12,
vendor_weekly_high_critical_cves,2021-03-29,high+critical,,Adobe,,1,
vendor_weekly_high_critical_cves,2021-04-12,high+critical,,Adobe,,8,
vendor_weekly_high_critical_cves,2021-06-28,high+critical,,Adobe,,12,
vendor_weekly_high_critical_cves,2021-07-26,high+critical,,Adobe,,1,
vendor_weekly_high_critical_cves,2021-08-16,high+critical,,Adobe,,24,
vendor_weekly_high_critical_cves,2021-08-23,high+critical,,Adobe,,19,
vendor_weekly_high_critical_cves,2021-08-30,high+critical,,Adobe,,52,
vendor_weekly_high_critical_cves,2021-09-06,high+critical,,Adobe,,5,
vendor_weekly_high_critical_cves,2021-09-27,high+critical,,Adobe,,31,
vendor_weekly_high_critical_cves,2021-10-04,high+critical,,Adobe,,3,
vendor_weekly_high_critical_cves,2021-10-11,high+critical,,Adobe,,4,
vendor_weekly_high_critical_cves,2021-10-18,high+critical,,Adobe,,1,
vendor_weekly_high_critical_cves,2021-11-15,high+critical,,Adobe,,26,
vendor_weekly_high_critical_cves,2021-11-22,high+critical,,Adobe,,9,
vendor_weekly_high_critical_cves,2021-12-20,high+critical,,Adobe,,14,
vendor_weekly_high_critical_cves,2022-01-10,high+critical,,Adobe,,27,
vendor_weekly_high_critical_cves,2022-02-14,high+critical,,Adobe,,6,
vendor_weekly_high_critical_cves,2022-03-07,high+critical,,Adobe,,5,
vendor_weekly_high_critical_cves,2022-03-14,high+critical,,Adobe,,29,
vendor_weekly_high_critical_cves,2022-05-02,high+critical,,Adobe,,19,
vendor_weekly_high_critical_cves,2022-05-09,high+critical,,Adobe,,46,
vendor_weekly_high_critical_cves,2022-06-13,high+critical,,Adobe,,41,
vendor_weekly_high_critical_cves,2022-07-11,high+critical,,Adobe,,22,
vendor_weekly_high_critical_cves,2022-07-25,high+critical,,Adobe,,1,
vendor_weekly_high_critical_cves,2022-08-08,high+critical,,Adobe,,11,
vendor_weekly_high_critical_cves,2022-08-15,high+critical,,Adobe,,4,
vendor_weekly_high_critical_cves,2022-09-12,high+critical,,Adobe,,24,
vendor_weekly_high_critical_cves,2022-09-19,high+critical,,Adobe,,10,
vendor_weekly_high_critical_cves,2022-10-10,high+critical,,Adobe,,23,
vendor_weekly_high_critical_cves,2022-10-17,high+critical,,Adobe,,1,
vendor_weekly_high_critical_cves,2022-10-24,high+critical,,Adobe,,2,
vendor_weekly_high_critical_cves,2023-01-09,high+critical,,Adobe,,8,
vendor_weekly_high_critical_cves,2023-01-16,high+critical,,Adobe,,10,
vendor_weekly_high_critical_cves,2023-01-23,high+critical,,Adobe,,3,
vendor_weekly_high_critical_cves,2023-02-13,high+critical,,Adobe,,19,
vendor_weekly_high_critical_cves,2023-03-20,high+critical,,Adobe,,7,
vendor_weekly_high_critical_cves,2023-03-27,high+critical,,Adobe,,54,
vendor_weekly_high_critical_cves,2023-04-10,high+critical,,Adobe,,39,
vendor_weekly_high_critical_cves,2023-05-08,high+critical,,Adobe,,11,
vendor_weekly_high_critical_cves,2023-06-12,high+critical,,Adobe,,4,
vendor_weekly_high_critical_cves,2023-07-10,high+critical,,Adobe,,5,
vendor_weekly_high_critical_cves,2023-07-17,high+critical,,Adobe,,2,
vendor_weekly_high_critical_cves,2023-08-07,high+critical,,Adobe,,17,
vendor_weekly_high_critical_cves,2023-09-04,high+critical,,Adobe,,23,
vendor_weekly_high_critical_cves,2023-09-11,high+critical,,Adobe,,12,
vendor_weekly_high_critical_cves,2023-10-09,high+critical,,Adobe,,7,
vendor_weekly_high_critical_cves,2023-11-13,high+critical,,Adobe,,35,
vendor_weekly_high_critical_cves,2023-12-11,high+critical,,Adobe,,13,
vendor_weekly_high_critical_cves,2024-02-12,high+critical,,Adobe,,17,
vendor_weekly_high_critical_cves,2024-02-26,high+critical,,Adobe,,1,
vendor_weekly_high_critical_cves,2024-03-18,high+critical,,Adobe,,8,
vendor_weekly_high_critical_cves,2024-04-08,high+critical,,Adobe,,8,
vendor_weekly_high_critical_cves,2024-04-29,high+critical,,Adobe,,5,
vendor_weekly_high_critical_cves,2024-05-13,high+critical,,Adobe,,26,
vendor_weekly_high_critical_cves,2024-05-20,high+critical,,Adobe,,2,
vendor_weekly_high_critical_cves,2024-06-10,high+critical,,Adobe,,14,
vendor_weekly_high_critical_cves,2024-07-01,high+critical,,Adobe,,1,
vendor_weekly_high_critical_cves,2024-07-08,high+critical,,Adobe,,6,
vendor_weekly_high_critical_cves,2024-07-29,high+critical,,Adobe,,1,
vendor_weekly_high_critical_cves,2024-08-12,high+critical,,Adobe,,36,
vendor_weekly_high_critical_cves,2024-08-26,high+critical,,Adobe,,1,
vendor_weekly_high_critical_cves,2024-09-09,high+critical,,Adobe,,17,
vendor_weekly_high_critical_cves,2024-10-07,high+critical,,Adobe,,30,
vendor_weekly_high_critical_cves,2024-11-04,high+critical,,Adobe,,1,
vendor_weekly_high_critical_cves,2024-11-11,high+critical,,Adobe,,30,
vendor_weekly_high_critical_cves,2024-12-09,high+critical,,Adobe,,41,
vendor_weekly_high_critical_cves,2024-12-16,high+critical,,Adobe,,5,
vendor_weekly_high_critical_cves,2024-12-23,high+critical,,Adobe,,1,
vendor_weekly_high_critical_cves,2025-01-13,high+critical,,Adobe,,14,
vendor_weekly_high_critical_cves,2025-02-10,high+critical,,Adobe,,23,
vendor_weekly_high_critical_cves,2025-03-10,high+critical,,Adobe,,29,
vendor_weekly_high_critical_cves,2025-04-07,high+critical,,Adobe,,26,
vendor_weekly_high_critical_cves,2025-05-12,high+critical,,Adobe,,32,
vendor_weekly_high_critical_cves,2025-06-09,high+critical,,Adobe,,21,
vendor_weekly_high_critical_cves,2025-07-07,high+critical,,Adobe,,41,
vendor_weekly_high_critical_cves,2025-08-04,high+critical,,Adobe,,2,
vendor_weekly_high_critical_cves,2025-08-11,high+critical,,Adobe,,38,
vendor_weekly_high_critical_cves,2025-09-08,high+critical,,Adobe,,12,
vendor_weekly_high_critical_cves,2025-09-15,high+critical,,Adobe,,1,
vendor_weekly_high_critical_cves,2025-10-13,high+critical,,Adobe,,24,
vendor_weekly_high_critical_cves,2025-11-10,high+critical,,Adobe,,23,
vendor_weekly_high_critical_cves,2025-12-08,high+critical,,Adobe,,14,
vendor_weekly_high_critical_cves,2026-01-12,high+critical,,Adobe,,18,
vendor_weekly_high_critical_cves,2026-02-09,high+critical,,Adobe,,27,
vendor_weekly_high_critical_cves,2026-03-09,high+critical,,Adobe,,21,
vendor_weekly_high_critical_cves,2026-03-23,high+critical,,Adobe,,1,
vendor_weekly_high_critical_cves,2026-04-06,high+critical,,Adobe,,1,
vendor_weekly_high_critical_cves,2026-04-13,high+critical,,Adobe,,37,
vendor_weekly_high_critical_cves,2026-05-11,high+critical,,Adobe,,30,
vendor_weekly_high_critical_cves,2026-06-08,high+critical,,Adobe,,50,
vendor_weekly_high_critical_cves,2026-06-15,high+critical,,Adobe,,2,
vendor_weekly_high_critical_cves,2026-06-22,high+critical,,Adobe,,1,
vendor_weekly_high_critical_cves,2026-06-29,high+critical,,Adobe,,10,
vendor_weekly_high_critical_cves,2026-07-06,high+critical,,Adobe,,1,
vendor_weekly_high_critical_cves,2026-07-13,high+critical,,Adobe,,63,
vendor_weekly_high_critical_cves,2026-07-20,high+critical,,Adobe,,1,
vendor_weekly_high_critical_cves,2026-07-27,high+critical,,Adobe,,13,
vendor_weekly_high_critical_cves,2026-08-03,high+critical,,Adobe,,7,
vendor_weekly_high_critical_cves,2026-08-10,high+critical,,Adobe,,34,
vendor_weekly_high_critical_cves,2026-08-24,high+critical,,Adobe,,33,
vendor_weekly_high_critical_cves,2026-08-31,high+critical,,Adobe,,2,
vendor_weekly_high_critical_cves,2021-01-11,high+critical,,SAP,,3,
vendor_weekly_high_critical_cves,2021-02-08,high+critical,,SAP,,2,
vendor_weekly_high_critical_cves,2021-03-08,high+critical,,SAP,,3,
vendor_weekly_high_critical_cves,2021-04-12,high+critical,,SAP,,6,
vendor_weekly_high_critical_cves,2021-05-10,high+critical,,SAP,,4,
vendor_weekly_high_critical_cves,2021-06-07,high+critical,,SAP,,12,
vendor_weekly_high_critical_cves,2021-06-14,high+critical,,SAP,,1,
vendor_weekly_high_critical_cves,2021-07-12,high+critical,,SAP,,2,
vendor_weekly_high_critical_cves,2021-08-09,high+critical,,SAP,,4,
vendor_weekly_high_critical_cves,2021-09-13,high+critical,,SAP,,13,
vendor_weekly_high_critical_cves,2022-02-07,high+critical,,SAP,,1,
vendor_weekly_high_critical_cves,2022-07-25,high+critical,,SAP,,1,
vendor_weekly_high_critical_cves,2022-08-08,high+critical,,SAP,,2,
vendor_weekly_high_critical_cves,2022-09-12,high+critical,,SAP,,1,
vendor_weekly_high_critical_cves,2022-10-10,high+critical,,SAP,,6,
vendor_weekly_high_critical_cves,2022-11-07,high+critical,,SAP,,3,
vendor_weekly_high_critical_cves,2022-12-12,high+critical,,SAP,,6,
vendor_weekly_high_critical_cves,2023-01-09,high+critical,,SAP,,5,
vendor_weekly_high_critical_cves,2023-02-13,high+critical,,SAP,,3,
vendor_weekly_high_critical_cves,2023-03-13,high+critical,,SAP,,9,
vendor_weekly_high_critical_cves,2023-04-10,high+critical,,SAP,,4,
vendor_weekly_high_critical_cves,2023-05-08,high+critical,,SAP,,5,
vendor_weekly_high_critical_cves,2023-06-12,high+critical,,SAP,,2,
vendor_weekly_high_critical_cves,2023-07-10,high+critical,,SAP,,7,
vendor_weekly_high_critical_cves,2023-08-07,high+critical,,SAP,,7,
vendor_weekly_high_critical_cves,2023-08-14,high+critical,,SAP,,1,
vendor_weekly_high_critical_cves,2023-09-11,high+critical,,SAP,,4,
vendor_weekly_high_critical_cves,2023-11-13,high+critical,,SAP,,1,
vendor_weekly_high_critical_cves,2023-12-11,high+critical,,SAP,,8,
vendor_weekly_high_critical_cves,2024-01-08,high+critical,,SAP,,3,
vendor_weekly_high_critical_cves,2024-02-12,high+critical,,SAP,,5,
vendor_weekly_high_critical_cves,2024-03-11,high+critical,,SAP,,1,
vendor_weekly_high_critical_cves,2024-04-08,high+critical,,SAP,,3,
vendor_weekly_high_critical_cves,2024-05-13,high+critical,,SAP,,2,
vendor_weekly_high_critical_cves,2024-06-10,high+critical,,SAP,,2,
vendor_weekly_high_critical_cves,2024-07-08,high+critical,,SAP,,2,
vendor_weekly_high_critical_cves,2024-08-12,high+critical,,SAP,,3,
vendor_weekly_high_critical_cves,2024-10-07,high+critical,,SAP,,1,
vendor_weekly_high_critical_cves,2024-11-11,high+critical,,SAP,,1,
vendor_weekly_high_critical_cves,2024-12-09,high+critical,,SAP,,3,
vendor_weekly_high_critical_cves,2025-01-13,high+critical,,SAP,,5,
vendor_weekly_high_critical_cves,2025-02-10,high+critical,,SAP,,4,
vendor_weekly_high_critical_cves,2025-03-10,high+critical,,SAP,,2,
vendor_weekly_high_critical_cves,2025-04-07,high+critical,,SAP,,6,
vendor_weekly_high_critical_cves,2025-04-21,high+critical,,SAP,,1,
vendor_weekly_high_critical_cves,2025-05-12,high+critical,,SAP,,6,
vendor_weekly_high_critical_cves,2025-06-09,high+critical,,SAP,,7,
vendor_weekly_high_critical_cves,2025-07-07,high+critical,,SAP,,8,
vendor_weekly_high_critical_cves,2025-08-11,high+critical,,SAP,,4,
vendor_weekly_high_critical_cves,2025-09-08,high+critical,,SAP,,6,
vendor_weekly_high_critical_cves,2025-10-13,high+critical,,SAP,,2,
vendor_weekly_high_critical_cves,2025-11-10,high+critical,,SAP,,3,
vendor_weekly_high_critical_cves,2025-12-08,high+critical,,SAP,,6,
vendor_weekly_high_critical_cves,2026-01-12,high+critical,,SAP,,8,
vendor_weekly_high_critical_cves,2026-02-09,high+critical,,SAP,,8,
vendor_weekly_high_critical_cves,2026-03-09,high+critical,,SAP,,2,
vendor_weekly_high_critical_cves,2026-04-13,high+critical,,SAP,,2,
vendor_weekly_high_critical_cves,2026-05-11,high+critical,,SAP,,3,
vendor_weekly_high_critical_cves,2026-06-08,high+critical,,SAP,,4,
vendor_weekly_high_critical_cves,2026-07-13,high+critical,,SAP,,7,
vendor_weekly_high_critical_cves,2026-08-10,high+critical,,SAP,,9,
vendor_weekly_high_critical_cves,2026-08-24,high+critical,,SAP,,1,
vendor_weekly_high_critical_cves,2021-02-22,high+critical,,VMware,,2,
vendor_weekly_high_critical_cves,2021-03-29,high+critical,,VMware,,1,
vendor_weekly_high_critical_cves,2021-05-24,high+critical,,VMware,,1,
vendor_weekly_high_critical_cves,2021-09-20,high+critical,,VMware,,1,
vendor_weekly_high_critical_cves,2021-12-13,high+critical,,VMware,,1,
vendor_weekly_high_critical_cves,2022-02-28,high+critical,,VMware,,1,
vendor_weekly_high_critical_cves,2022-03-28,high+critical,,VMware,,4,
vendor_weekly_high_critical_cves,2022-04-11,high+critical,,VMware,,2,
vendor_weekly_high_critical_cves,2022-05-23,high+critical,,VMware,,1,
vendor_weekly_high_critical_cves,2022-06-20,high+critical,,VMware,,1,
vendor_weekly_high_critical_cves,2022-10-24,high+critical,,VMware,,1,
vendor_weekly_high_critical_cves,2022-10-31,high+critical,,VMware,,3,
vendor_weekly_high_critical_cves,2022-11-07,high+critical,,VMware,,4,
vendor_weekly_high_critical_cves,2022-11-14,high+critical,,VMware,,1,
vendor_weekly_high_critical_cves,2022-12-12,high+critical,,VMware,,6,
vendor_weekly_high_critical_cves,2023-01-23,high+critical,,VMware,,3,
vendor_weekly_high_critical_cves,2023-01-30,high+critical,,VMware,,3,
vendor_weekly_high_critical_cves,2023-02-20,high+critical,,VMware,,2,
vendor_weekly_high_critical_cves,2023-03-27,high+critical,,VMware,,1,
vendor_weekly_high_critical_cves,2023-04-17,high+critical,,VMware,,3,
vendor_weekly_high_critical_cves,2023-04-24,high+critical,,VMware,,3,
vendor_weekly_high_critical_cves,2023-05-08,high+critical,,VMware,,2,
vendor_weekly_high_critical_cves,2023-05-15,high+critical,,VMware,,1,
vendor_weekly_high_critical_cves,2023-05-22,high+critical,,VMware,,1,
vendor_weekly_high_critical_cves,2023-06-05,high+critical,,VMware,,3,
vendor_weekly_high_critical_cves,2023-06-19,high+critical,,VMware,,4,
vendor_weekly_high_critical_cves,2023-07-17,high+critical,,VMware,,2,
vendor_weekly_high_critical_cves,2023-08-28,high+critical,,VMware,,3,
vendor_weekly_high_critical_cves,2023-10-16,high+critical,,VMware,,2,
vendor_weekly_high_critical_cves,2023-10-23,high+critical,,VMware,,4,
vendor_weekly_high_critical_cves,2023-10-30,high+critical,,VMware,,1,
vendor_weekly_high_critical_cves,2023-11-13,high+critical,,VMware,,1,
vendor_weekly_high_critical_cves,2023-12-11,high+critical,,VMware,,1,
vendor_weekly_high_critical_cves,2024-01-08,high+critical,,VMware,,1,
vendor_weekly_high_critical_cves,2024-01-15,high+critical,,VMware,,1,
vendor_weekly_high_critical_cves,2024-01-22,high+critical,,VMware,,1,
vendor_weekly_high_critical_cves,2024-02-05,high+critical,,VMware,,1,
vendor_weekly_high_critical_cves,2024-02-19,high+critical,,VMware,,4,
vendor_weekly_high_critical_cves,2024-03-04,high+critical,,VMware,,4,
vendor_weekly_high_critical_cves,2024-03-11,high+critical,,VMware,,1,
vendor_weekly_high_critical_cves,2024-03-18,high+critical,,VMware,,1,
vendor_weekly_high_critical_cves,2024-04-01,high+critical,,VMware,,2,
vendor_weekly_high_critical_cves,2024-04-15,high+critical,,VMware,,1,
vendor_weekly_high_critical_cves,2024-05-06,high+critical,,VMware,,1,
vendor_weekly_high_critical_cves,2024-05-13,high+critical,,VMware,,4,
vendor_weekly_high_critical_cves,2024-05-20,high+critical,,VMware,,2,
vendor_weekly_high_critical_cves,2024-06-17,high+critical,,VMware,,4,
vendor_weekly_high_critical_cves,2024-06-24,high+critical,,VMware,,1,
vendor_weekly_high_critical_cves,2024-07-01,high+critical,,VMware,,1,
vendor_weekly_high_critical_cves,2024-07-08,high+critical,,VMware,,2,
vendor_weekly_high_critical_cves,2024-07-22,high+critical,,VMware,,1,
vendor_weekly_high_critical_cves,2024-09-02,high+critical,,VMware,,1,
vendor_weekly_high_critical_cves,2024-09-09,high+critical,,VMware,,1,
vendor_weekly_high_critical_cves,2024-09-16,high+critical,,VMware,,2,
vendor_weekly_high_critical_cves,2024-10-14,high+critical,,VMware,,1,
vendor_weekly_high_critical_cves,2024-10-28,high+critical,,VMware,,1,
vendor_weekly_high_critical_cves,2024-11-11,high+critical,,VMware,,4,
vendor_weekly_high_critical_cves,2024-11-25,high+critical,,VMware,,3,
vendor_weekly_high_critical_cves,2024-12-16,high+critical,,VMware,,1,
vendor_weekly_high_critical_cves,2025-01-27,high+critical,,VMware,,3,
vendor_weekly_high_critical_cves,2025-03-03,high+critical,,VMware,,3,
vendor_weekly_high_critical_cves,2025-03-17,high+critical,,VMware,,1,
vendor_weekly_high_critical_cves,2025-03-24,high+critical,,VMware,,1,
vendor_weekly_high_critical_cves,2025-03-31,high+critical,,VMware,,1,
vendor_weekly_high_critical_cves,2025-04-28,high+critical,,VMware,,1,
vendor_weekly_high_critical_cves,2025-05-12,high+critical,,VMware,,2,
vendor_weekly_high_critical_cves,2025-05-19,high+critical,,VMware,,5,
vendor_weekly_high_critical_cves,2025-05-26,high+critical,,VMware,,1,
vendor_weekly_high_critical_cves,2025-06-02,high+critical,,VMware,,1,
vendor_weekly_high_critical_cves,2025-06-09,high+critical,,VMware,,3,
vendor_weekly_high_critical_cves,2025-07-14,high+critical,,VMware,,4,
vendor_weekly_high_critical_cves,2025-07-21,high+critical,,VMware,,1,
vendor_weekly_high_critical_cves,2025-09-15,high+critical,,VMware,,3,
vendor_weekly_high_critical_cves,2025-09-29,high+critical,,VMware,,5,
vendor_weekly_high_critical_cves,2025-10-13,high+critical,,VMware,,1,
vendor_weekly_high_critical_cves,2026-01-26,high+critical,,VMware,,2,
vendor_weekly_high_critical_cves,2026-02-23,high+critical,,VMware,,2,
vendor_weekly_high_critical_cves,2026-03-16,high+critical,,VMware,,6,
vendor_weekly_high_critical_cves,2026-03-23,high+critical,,VMware,,5,
vendor_weekly_high_critical_cves,2026-04-06,high+critical,,VMware,,1,
vendor_weekly_high_critical_cves,2026-04-13,high+critical,,VMware,,1,
vendor_weekly_high_critical_cves,2026-04-20,high+critical,,VMware,,2,
vendor_weekly_high_critical_cves,2026-04-27,high+critical,,VMware,,5,
vendor_weekly_high_critical_cves,2026-05-04,high+critical,,VMware,,4,
vendor_weekly_high_critical_cves,2026-05-11,high+critical,,VMware,,3,
vendor_weekly_high_critical_cves,2026-06-01,high+critical,,VMware,,7,
vendor_weekly_high_critical_cves,2026-06-08,high+critical,,VMware,,31,
vendor_weekly_high_critical_cves,2026-06-15,high+critical,,VMware,,4,
vendor_weekly_high_critical_cves,2026-06-22,high+critical,,VMware,,1,
vendor_weekly_high_critical_cves,2026-07-06,high+critical,,VMware,,7,
vendor_weekly_high_critical_cves,2026-07-13,high+critical,,VMware,,8,
vendor_weekly_high_critical_cves,2026-07-27,high+critical,,VMware,,7,
vendor_weekly_high_critical_cves,2026-08-17,high+critical,,VMware,,2,
vendor_weekly_high_critical_cves,2026-08-24,high+critical,,VMware,,31,
vendor_weekly_high_critical_cves,2021-03-01,high+critical,,Samsung,,1,
vendor_weekly_high_critical_cves,2021-04-05,high+critical,,Samsung,,4,
vendor_weekly_high_critical_cves,2021-06-07,high+critical,,Samsung,,6,
vendor_weekly_high_critical_cves,2021-10-04,high+critical,,Samsung,,11,
vendor_weekly_high_critical_cves,2021-11-01,high+critical,,Samsung,,2,
vendor_weekly_high_critical_cves,2021-12-06,high+critical,,Samsung,,1,
vendor_weekly_high_critical_cves,2022-01-03,high+critical,,Samsung,,2,
vendor_weekly_high_critical_cves,2022-02-07,high+critical,,Samsung,,3,
vendor_weekly_high_critical_cves,2022-03-07,high+critical,,Samsung,,1,
vendor_weekly_high_critical_cves,2022-04-11,high+critical,,Samsung,,15,
vendor_weekly_high_critical_cves,2022-05-02,high+critical,,Samsung,,1,
vendor_weekly_high_critical_cves,2022-06-06,high+critical,,Samsung,,5,
vendor_weekly_high_critical_cves,2022-07-11,high+critical,,Samsung,,5,
vendor_weekly_high_critical_cves,2022-08-01,high+critical,,Samsung,,2,
vendor_weekly_high_critical_cves,2022-10-03,high+critical,,Samsung,,3,
vendor_weekly_high_critical_cves,2022-11-07,high+critical,,Samsung,,2,
vendor_weekly_high_critical_cves,2022-12-05,high+critical,,Samsung,,1,
vendor_weekly_high_critical_cves,2023-02-06,high+critical,,Samsung,,6,
vendor_weekly_high_critical_cves,2023-03-13,high+critical,,Samsung,,1,
vendor_weekly_high_critical_cves,2023-05-01,high+critical,,Samsung,,4,
vendor_weekly_high_critical_cves,2023-05-22,high+critical,,Samsung,,3,
vendor_weekly_high_critical_cves,2023-06-26,high+critical,,Samsung,,1,
vendor_weekly_high_critical_cves,2023-07-03,high+critical,,Samsung,,10,
vendor_weekly_high_critical_cves,2023-08-07,high+critical,,Samsung,,4,
vendor_weekly_high_critical_cves,2023-09-04,high+critical,,Samsung,,4,
vendor_weekly_high_critical_cves,2023-10-02,high+critical,,Samsung,,3,
vendor_weekly_high_critical_cves,2023-11-06,high+critical,,Samsung,,3,
vendor_weekly_high_critical_cves,2023-12-04,high+critical,,Samsung,,9,
vendor_weekly_high_critical_cves,2024-02-05,high+critical,,Samsung,,4,
vendor_weekly_high_critical_cves,2024-04-01,high+critical,,Samsung,,3,
vendor_weekly_high_critical_cves,2024-06-03,high+critical,,Samsung,,3,
vendor_weekly_high_critical_cves,2024-07-01,high+critical,,Samsung,,7,
vendor_weekly_high_critical_cves,2024-07-08,high+critical,,Samsung,,1,
vendor_weekly_high_critical_cves,2024-08-05,high+critical,,Samsung,,7,
vendor_weekly_high_critical_cves,2024-09-02,high+critical,,Samsung,,4,
vendor_weekly_high_critical_cves,2024-10-07,high+critical,,Samsung,,5,
vendor_weekly_high_critical_cves,2024-12-02,high+critical,,Samsung,,3,
vendor_weekly_high_critical_cves,2025-02-03,high+critical,,Samsung,,4,
vendor_weekly_high_critical_cves,2025-03-03,high+critical,,Samsung,,3,
vendor_weekly_high_critical_cves,2025-04-07,high+critical,,Samsung,,2,
vendor_weekly_high_critical_cves,2025-05-05,high+critical,,Samsung,,3,
vendor_weekly_high_critical_cves,2025-05-12,high+critical,,Samsung,,1,
vendor_weekly_high_critical_cves,2025-07-07,high+critical,,Samsung,,1,
vendor_weekly_high_critical_cves,2025-07-21,high+critical,,Samsung,,18,
vendor_weekly_high_critical_cves,2025-07-28,high+critical,,Samsung,,2,
vendor_weekly_high_critical_cves,2025-09-01,high+critical,,Samsung,,5,
vendor_weekly_high_critical_cves,2025-09-08,high+critical,,Samsung,,2,
vendor_weekly_high_critical_cves,2025-10-06,high+critical,,Samsung,,5,
vendor_weekly_high_critical_cves,2025-11-03,high+critical,,Samsung,,2,
vendor_weekly_high_critical_cves,2025-12-01,high+critical,,Samsung,,2,
vendor_weekly_high_critical_cves,2026-01-05,high+critical,,Samsung,,1,
vendor_weekly_high_critical_cves,2026-02-02,high+critical,,Samsung,,8,
vendor_weekly_high_critical_cves,2026-03-16,high+critical,,Samsung,,6,
vendor_weekly_high_critical_cves,2026-04-06,high+critical,,Samsung,,1,
vendor_weekly_high_critical_cves,2026-04-13,high+critical,,Samsung,,3,
vendor_weekly_high_critical_cves,2026-05-11,high+critical,,Samsung,,1,
vendor_weekly_high_critical_cves,2026-05-18,high+critical,,Samsung,,3,
vendor_weekly_high_critical_cves,2026-05-25,high+critical,,Samsung,,1,
vendor_weekly_high_critical_cves,2026-07-06,high+critical,,Samsung,,6,
vendor_weekly_high_critical_cves,2026-07-27,high+critical,,Samsung,,1,
vendor_weekly_high_critical_cves,2026-08-10,high+critical,,Samsung,,4,
vendor_weekly_high_critical_cves,2021-04-05,high+critical,,Qualcomm,,14,
vendor_weekly_high_critical_cves,2021-05-03,high+critical,,Qualcomm,,14,
vendor_weekly_high_critical_cves,2021-06-07,high+critical,,Qualcomm,,10,
vendor_weekly_high_critical_cves,2021-07-12,high+critical,,Qualcomm,,17,
vendor_weekly_high_critical_cves,2021-09-06,high+critical,,Qualcomm,,21,
vendor_weekly_high_critical_cves,2021-09-13,high+critical,,Qualcomm,,5,
vendor_weekly_high_critical_cves,2021-10-18,high+critical,,Qualcomm,,27,
vendor_weekly_high_critical_cves,2021-11-08,high+critical,,Qualcomm,,13,
vendor_weekly_high_critical_cves,2022-01-03,high+critical,,Qualcomm,,24,
vendor_weekly_high_critical_cves,2022-01-10,high+critical,,Qualcomm,,10,
vendor_weekly_high_critical_cves,2022-02-07,high+critical,,Qualcomm,,11,
vendor_weekly_high_critical_cves,2022-03-28,high+critical,,Qualcomm,,14,
vendor_weekly_high_critical_cves,2022-06-13,high+critical,,Qualcomm,,54,
vendor_weekly_high_critical_cves,2022-08-29,high+critical,,Qualcomm,,25,
vendor_weekly_high_critical_cves,2022-09-12,high+critical,,Qualcomm,,21,
vendor_weekly_high_critical_cves,2022-09-26,high+critical,,Qualcomm,,1,
vendor_weekly_high_critical_cves,2022-10-10,high+critical,,Qualcomm,,3,
vendor_weekly_high_critical_cves,2022-10-17,high+critical,,Qualcomm,,12,
vendor_weekly_high_critical_cves,2022-11-14,high+critical,,Qualcomm,,12,
vendor_weekly_high_critical_cves,2022-12-12,high+critical,,Qualcomm,,16,
vendor_weekly_high_critical_cves,2023-01-02,high+critical,,Qualcomm,,20,
vendor_weekly_high_critical_cves,2023-02-06,high+critical,,Qualcomm,,23,
vendor_weekly_high_critical_cves,2023-03-06,high+critical,,Qualcomm,,22,
vendor_weekly_high_critical_cves,2023-04-03,high+critical,,Qualcomm,,27,
vendor_weekly_high_critical_cves,2023-05-01,high+critical,,Qualcomm,,12,
vendor_weekly_high_critical_cves,2023-06-05,high+critical,,Qualcomm,,23,
vendor_weekly_high_critical_cves,2023-07-03,high+critical,,Qualcomm,,9,
vendor_weekly_high_critical_cves,2023-08-07,high+critical,,Qualcomm,,10,
vendor_weekly_high_critical_cves,2023-09-04,high+critical,,Qualcomm,,27,
vendor_weekly_high_critical_cves,2023-10-02,high+critical,,Qualcomm,,19,
vendor_weekly_high_critical_cves,2023-11-06,high+critical,,Qualcomm,,15,
vendor_weekly_high_critical_cves,2023-12-04,high+critical,,Qualcomm,,31,
vendor_weekly_high_critical_cves,2024-01-01,high+critical,,Qualcomm,,24,
vendor_weekly_high_critical_cves,2024-02-05,high+critical,,Qualcomm,,19,
vendor_weekly_high_critical_cves,2024-03-04,high+critical,,Qualcomm,,20,
vendor_weekly_high_critical_cves,2024-04-01,high+critical,,Qualcomm,,14,
vendor_weekly_high_critical_cves,2024-05-06,high+critical,,Qualcomm,,11,
vendor_weekly_high_critical_cves,2024-06-03,high+critical,,Qualcomm,,7,
vendor_weekly_high_critical_cves,2024-07-01,high+critical,,Qualcomm,,10,
vendor_weekly_high_critical_cves,2024-08-05,high+critical,,Qualcomm,,28,
vendor_weekly_high_critical_cves,2024-09-02,high+critical,,Qualcomm,,19,
vendor_weekly_high_critical_cves,2024-10-07,high+critical,,Qualcomm,,13,
vendor_weekly_high_critical_cves,2024-11-04,high+critical,,Qualcomm,,15,
vendor_weekly_high_critical_cves,2024-12-02,high+critical,,Qualcomm,,8,
vendor_weekly_high_critical_cves,2025-01-06,high+critical,,Qualcomm,,11,
vendor_weekly_high_critical_cves,2025-02-03,high+critical,,Qualcomm,,18,
vendor_weekly_high_critical_cves,2025-03-03,high+critical,,Qualcomm,,23,
vendor_weekly_high_critical_cves,2025-04-07,high+critical,,Qualcomm,,26,
vendor_weekly_high_critical_cves,2025-05-05,high+critical,,Qualcomm,,27,
vendor_weekly_high_critical_cves,2025-06-02,high+critical,,Qualcomm,,13,
vendor_weekly_high_critical_cves,2025-07-07,high+critical,,Qualcomm,,23,
vendor_weekly_high_critical_cves,2025-08-04,high+critical,,Qualcomm,,19,
vendor_weekly_high_critical_cves,2025-09-22,high+critical,,Qualcomm,,20,
vendor_weekly_high_critical_cves,2025-10-06,high+critical,,Qualcomm,,14,
vendor_weekly_high_critical_cves,2025-11-03,high+critical,,Qualcomm,,10,
vendor_weekly_high_critical_cves,2025-12-15,high+critical,,Qualcomm,,9,
vendor_weekly_high_critical_cves,2026-01-05,high+critical,,Qualcomm,,11,
vendor_weekly_high_critical_cves,2026-02-02,high+critical,,Qualcomm,,6,
vendor_weekly_high_critical_cves,2026-03-02,high+critical,,Qualcomm,,13,
vendor_weekly_high_critical_cves,2026-04-06,high+critical,,Qualcomm,,16,
vendor_weekly_high_critical_cves,2026-05-04,high+critical,,Qualcomm,,5,
vendor_weekly_high_critical_cves,2026-06-01,high+critical,,Qualcomm,,15,
vendor_weekly_high_critical_cves,2026-07-06,high+critical,,Qualcomm,,4,
vendor_weekly_high_critical_cves,2026-08-03,high+critical,,Qualcomm,,8,
vendor_weekly_high_critical_cves,2022-02-07,high+critical,,Intel,,21,
vendor_weekly_high_critical_cves,2022-05-09,high+critical,,Intel,,14,
vendor_weekly_high_critical_cves,2022-08-15,high+critical,,Intel,,31,
vendor_weekly_high_critical_cves,2022-09-19,high+critical,,Intel,,1,
vendor_weekly_high_critical_cves,2022-11-07,high+critical,,Intel,,24,
vendor_weekly_high_critical_cves,2023-02-06,high+critical,,Intel,,1,
vendor_weekly_high_critical_cves,2023-02-13,high+critical,,Intel,,25,
vendor_weekly_high_critical_cves,2023-05-08,high+critical,,Intel,,25,
vendor_weekly_high_critical_cves,2023-08-07,high+critical,,Intel,,23,
vendor_weekly_high_critical_cves,2023-11-13,high+critical,,Intel,,22,
vendor_weekly_high_critical_cves,2024-01-15,high+critical,,Intel,,8,
vendor_weekly_high_critical_cves,2024-02-12,high+critical,,Intel,,8,
vendor_weekly_high_critical_cves,2024-03-11,high+critical,,Intel,,2,
vendor_weekly_high_critical_cves,2024-05-13,high+critical,,Intel,,32,
vendor_weekly_high_critical_cves,2024-08-12,high+critical,,Intel,,18,
vendor_weekly_high_critical_cves,2024-09-16,high+critical,,Intel,,7,
vendor_weekly_high_critical_cves,2024-11-11,high+critical,,Intel,,20,
vendor_weekly_high_critical_cves,2025-02-10,high+critical,,Intel,,20,
vendor_weekly_high_critical_cves,2025-05-12,high+critical,,Intel,,16,
vendor_weekly_high_critical_cves,2025-08-11,high+critical,,Intel,,17,
vendor_weekly_high_critical_cves,2025-11-10,high+critical,,Intel,,13,
vendor_weekly_high_critical_cves,2026-02-09,high+critical,,Intel,,6,
vendor_weekly_high_critical_cves,2026-03-09,high+critical,,Intel,,5,
vendor_weekly_high_critical_cves,2026-05-11,high+critical,,Intel,,9,
vendor_weekly_high_critical_cves,2026-08-10,high+critical,,Intel,,21,
vendor_weekly_high_critical_cves,2022-10-17,high+critical,,GitHub,,1,
vendor_weekly_high_critical_cves,2022-11-21,high+critical,,GitHub,,1,
vendor_weekly_high_critical_cves,2022-12-12,high+critical,,GitHub,,3,
vendor_weekly_high_critical_cves,2023-01-16,high+critical,,GitHub,,1,
vendor_weekly_high_critical_cves,2023-04-03,high+critical,,GitHub,,1,
vendor_weekly_high_critical_cves,2023-12-18,high+critical,,GitHub,,5,
vendor_weekly_high_critical_cves,2024-01-15,high+critical,,GitHub,,1,
vendor_weekly_high_critical_cves,2024-02-12,high+critical,,GitHub,,8,
vendor_weekly_high_critical_cves,2024-03-18,high+critical,,GitHub,,2,
vendor_weekly_high_critical_cves,2024-04-15,high+critical,,GitHub,,2,
vendor_weekly_high_critical_cves,2024-05-20,high+critical,,GitHub,,1,
vendor_weekly_high_critical_cves,2024-06-17,high+critical,,GitHub,,1,
vendor_weekly_high_critical_cves,2024-07-15,high+critical,,GitHub,,1,
vendor_weekly_high_critical_cves,2024-08-19,high+critical,,GitHub,,1,
vendor_weekly_high_critical_cves,2024-10-07,high+critical,,GitHub,,1,
vendor_weekly_high_critical_cves,2024-11-04,high+critical,,GitHub,,2,
vendor_weekly_high_critical_cves,2025-01-20,high+critical,,GitHub,,1,
vendor_weekly_high_critical_cves,2025-01-27,high+critical,,GitHub,,1,
vendor_weekly_high_critical_cves,2025-04-14,high+critical,,GitHub,,2,
vendor_weekly_high_critical_cves,2025-08-25,high+critical,,GitHub,,1,
vendor_weekly_high_critical_cves,2025-11-10,high+critical,,GitHub,,2,
vendor_weekly_high_critical_cves,2025-12-08,high+critical,,GitHub,,1,
vendor_weekly_high_critical_cves,2026-01-05,high+critical,,GitHub,,1,
vendor_weekly_high_critical_cves,2026-02-16,high+critical,,GitHub,,2,
vendor_weekly_high_critical_cves,2026-03-09,high+critical,,GitHub,,2,
vendor_weekly_high_critical_cves,2026-04-20,high+critical,,GitHub,,3,
vendor_weekly_high_critical_cves,2026-05-04,high+critical,,GitHub,,1,
vendor_weekly_high_critical_cves,2026-05-25,high+critical,,GitHub,,2,
vendor_weekly_high_critical_cves,2026-07-13,high+critical,,GitHub,,1,
vendor_weekly_high_critical_cves,2026-08-03,high+critical,,GitHub,,1,
vendor_weekly_high_critical_cves,2026-08-31,high+critical,,GitHub,,3,
vendor_weekly_high_critical_cves,2022-11-07,high+critical,,AMD,,5,
vendor_weekly_high_critical_cves,2023-01-09,high+critical,,AMD,,9,
vendor_weekly_high_critical_cves,2023-02-13,high+critical,,AMD,,1,
vendor_weekly_high_critical_cves,2023-03-20,high+critical,,AMD,,2,
vendor_weekly_high_critical_cves,2023-05-08,high+critical,,AMD,,19,
vendor_weekly_high_critical_cves,2023-10-16,high+critical,,AMD,,1,
vendor_weekly_high_critical_cves,2023-11-13,high+critical,,AMD,,2,
vendor_weekly_high_critical_cves,2024-02-12,high+critical,,AMD,,2,
vendor_weekly_high_critical_cves,2024-06-17,high+critical,,AMD,,1,
vendor_weekly_high_critical_cves,2024-08-05,high+critical,,AMD,,2,
vendor_weekly_high_critical_cves,2024-08-12,high+critical,,AMD,,7,
vendor_weekly_high_critical_cves,2024-11-11,high+critical,,AMD,,10,
vendor_weekly_high_critical_cves,2025-02-03,high+critical,,AMD,,1,
vendor_weekly_high_critical_cves,2025-02-10,high+critical,,AMD,,9,
vendor_weekly_high_critical_cves,2025-03-31,high+critical,,AMD,,4,
vendor_weekly_high_critical_cves,2025-05-12,high+critical,,AMD,,6,
vendor_weekly_high_critical_cves,2025-06-09,high+critical,,AMD,,1,
vendor_weekly_high_critical_cves,2025-09-01,high+critical,,AMD,,9,
vendor_weekly_high_critical_cves,2025-09-22,high+critical,,AMD,,1,
vendor_weekly_high_critical_cves,2025-11-17,high+critical,,AMD,,4,
vendor_weekly_high_critical_cves,2025-11-24,high+critical,,AMD,,5,
vendor_weekly_high_critical_cves,2026-02-09,high+critical,,AMD,,16,
vendor_weekly_high_critical_cves,2026-02-23,high+critical,,AMD,,1,
vendor_weekly_high_critical_cves,2026-04-13,high+critical,,AMD,,1,
vendor_weekly_high_critical_cves,2026-05-11,high+critical,,AMD,,22,
vendor_weekly_high_critical_cves,2026-06-01,high+critical,,AMD,,1,
vendor_weekly_high_critical_cves,2026-06-08,high+critical,,AMD,,1,
vendor_weekly_high_critical_cves,2026-08-10,high+critical,,AMD,,8,
vendor_weekly_high_critical_cves,2026-08-31,high+critical,,AMD,,2,
vendor_weekly_high_critical_cves,2021-02-15,high+critical,,OpenSSL,,1,
vendor_weekly_high_critical_cves,2021-08-23,high+critical,,OpenSSL,,1,
vendor_weekly_high_critical_cves,2022-03-14,high+critical,,OpenSSL,,1,
vendor_weekly_high_critical_cves,2022-05-02,high+critical,,OpenSSL,,2,
vendor_weekly_high_critical_cves,2022-06-20,high+critical,,OpenSSL,,1,
vendor_weekly_high_critical_cves,2022-10-31,high+critical,,OpenSSL,,2,
vendor_weekly_high_critical_cves,2022-12-12,high+critical,,OpenSSL,,1,
vendor_weekly_high_critical_cves,2023-02-06,high+critical,,OpenSSL,,6,
vendor_weekly_high_critical_cves,2023-03-20,high+critical,,OpenSSL,,1,
vendor_weekly_high_critical_cves,2023-09-04,high+critical,,OpenSSL,,1,
vendor_weekly_high_critical_cves,2023-10-23,high+critical,,OpenSSL,,1,
vendor_weekly_high_critical_cves,2024-06-24,high+critical,,OpenSSL,,1,
vendor_weekly_high_critical_cves,2024-09-02,high+critical,,OpenSSL,,1,
vendor_weekly_high_critical_cves,2024-11-11,high+critical,,OpenSSL,,1,
vendor_weekly_high_critical_cves,2025-09-29,high+critical,,OpenSSL,,1,
vendor_weekly_high_critical_cves,2026-01-26,high+critical,,OpenSSL,,4,
vendor_weekly_high_critical_cves,2026-04-06,high+critical,,OpenSSL,,6,
vendor_weekly_high_critical_cves,2026-06-08,high+critical,,OpenSSL,,10,
vendor_weekly_high_critical_cves,2026-08-03,high+critical,,OpenSSL,,1,
vendor_weekly_high_critical_cves,2026-08-10,high+critical,,OpenSSL,,1,
vendor_weekly_high_critical_cves,2026-08-24,high+critical,,OpenSSL,,8,
epoch_monthly,2021-01,critical,,21 notable CNAs,,22,
epoch_monthly,2021-01,high,,21 notable CNAs,,227,
epoch_monthly,2021-02,critical,,21 notable CNAs,,23,
epoch_monthly,2021-02,high,,21 notable CNAs,,121,
epoch_monthly,2021-03,critical,,21 notable CNAs,,18,
epoch_monthly,2021-03,high,,21 notable CNAs,,103,
epoch_monthly,2021-04,critical,,21 notable CNAs,,24,
epoch_monthly,2021-04,high,,21 notable CNAs,,230,
epoch_monthly,2021-05,critical,,21 notable CNAs,,13,
epoch_monthly,2021-05,high,,21 notable CNAs,,84,
epoch_monthly,2021-06,critical,,21 notable CNAs,,10,
epoch_monthly,2021-06,high,,21 notable CNAs,,102,
epoch_monthly,2021-07,critical,,21 notable CNAs,,14,
epoch_monthly,2021-07,high,,21 notable CNAs,,176,
epoch_monthly,2021-08,critical,,21 notable CNAs,,6,
epoch_monthly,2021-08,high,,21 notable CNAs,,112,
epoch_monthly,2021-09,critical,,21 notable CNAs,,37,
epoch_monthly,2021-09,high,,21 notable CNAs,,171,
epoch_monthly,2021-10,critical,,21 notable CNAs,,9,
epoch_monthly,2021-10,high,,21 notable CNAs,,150,
epoch_monthly,2021-11,critical,,21 notable CNAs,,8,
epoch_monthly,2021-11,high,,21 notable CNAs,,83,
epoch_monthly,2021-12,critical,,21 notable CNAs,,9,
epoch_monthly,2021-12,high,,21 notable CNAs,,73,
epoch_monthly,2022-01,critical,,21 notable CNAs,,21,
epoch_monthly,2022-01,high,,21 notable CNAs,,154,
epoch_monthly,2022-02,critical,,21 notable CNAs,,22,
epoch_monthly,2022-02,high,,21 notable CNAs,,87,
epoch_monthly,2022-03,critical,,21 notable CNAs,,3,
epoch_monthly,2022-03,high,,21 notable CNAs,,101,
epoch_monthly,2022-04,critical,,21 notable CNAs,,14,
epoch_monthly,2022-04,high,,21 notable CNAs,,160,
epoch_monthly,2022-05,critical,,21 notable CNAs,,9,
epoch_monthly,2022-05,high,,21 notable CNAs,,162,
epoch_monthly,2022-06,critical,,21 notable CNAs,,17,
epoch_monthly,2022-06,high,,21 notable CNAs,,139,
epoch_monthly,2022-07,critical,,21 notable CNAs,,10,
epoch_monthly,2022-07,high,,21 notable CNAs,,102,
epoch_monthly,2022-08,critical,,21 notable CNAs,,13,
epoch_monthly,2022-08,high,,21 notable CNAs,,133,
epoch_monthly,2022-09,critical,,21 notable CNAs,,17,
epoch_monthly,2022-09,high,,21 notable CNAs,,225,
epoch_monthly,2022-10,critical,,21 notable CNAs,,20,
epoch_monthly,2022-10,high,,21 notable CNAs,,148,
epoch_monthly,2022-11,critical,,21 notable CNAs,,23,
epoch_monthly,2022-11,high,,21 notable CNAs,,203,
epoch_monthly,2022-12,critical,,21 notable CNAs,,34,
epoch_monthly,2022-12,high,,21 notable CNAs,,266,
epoch_monthly,2023-01,critical,,21 notable CNAs,,19,
epoch_monthly,2023-01,high,,21 notable CNAs,,231,
epoch_monthly,2023-02,critical,,21 notable CNAs,,20,
epoch_monthly,2023-02,high,,21 notable CNAs,,200,
epoch_monthly,2023-03,critical,,21 notable CNAs,,27,
epoch_monthly,2023-03,high,,21 notable CNAs,,231,
epoch_monthly,2023-04,critical,,21 notable CNAs,,26,
epoch_monthly,2023-04,high,,21 notable CNAs,,232,
epoch_monthly,2023-05,critical,,21 notable CNAs,,29,
epoch_monthly,2023-05,high,,21 notable CNAs,,198,
epoch_monthly,2023-06,critical,,21 notable CNAs,,14,
epoch_monthly,2023-06,high,,21 notable CNAs,,165,
epoch_monthly,2023-07,critical,,21 notable CNAs,,23,
epoch_monthly,2023-07,high,,21 notable CNAs,,168,
epoch_monthly,2023-08,critical,,21 notable CNAs,,15,
epoch_monthly,2023-08,high,,21 notable CNAs,,148,
epoch_monthly,2023-09,critical,,21 notable CNAs,,21,
epoch_monthly,2023-09,high,,21 notable CNAs,,210,
epoch_monthly,2023-10,critical,,21 notable CNAs,,14,
epoch_monthly,2023-10,high,,21 notable CNAs,,189,
epoch_monthly,2023-11,critical,,21 notable CNAs,,19,
epoch_monthly,2023-11,high,,21 notable CNAs,,159,
epoch_monthly,2023-12,critical,,21 notable CNAs,,15,
epoch_monthly,2023-12,high,,21 notable CNAs,,139,
epoch_monthly,2024-01,critical,,21 notable CNAs,,20,
epoch_monthly,2024-01,high,,21 notable CNAs,,163,
epoch_monthly,2024-02,critical,,21 notable CNAs,,49,
epoch_monthly,2024-02,high,,21 notable CNAs,,293,
epoch_monthly,2024-03,critical,,21 notable CNAs,,32,
epoch_monthly,2024-03,high,,21 notable CNAs,,282,
epoch_monthly,2024-04,critical,,21 notable CNAs,,30,
epoch_monthly,2024-04,high,,21 notable CNAs,,359,
epoch_monthly,2024-05,critical,,21 notable CNAs,,61,
epoch_monthly,2024-05,high,,21 notable CNAs,,545,
epoch_monthly,2024-06,critical,,21 notable CNAs,,34,
epoch_monthly,2024-06,high,,21 notable CNAs,,274,
epoch_monthly,2024-07,critical,,21 notable CNAs,,40,
epoch_monthly,2024-07,high,,21 notable CNAs,,420,
epoch_monthly,2024-08,critical,,21 notable CNAs,,31,
epoch_monthly,2024-08,high,,21 notable CNAs,,336,
epoch_monthly,2024-09,critical,,21 notable CNAs,,36,
epoch_monthly,2024-09,high,,21 notable CNAs,,307,
epoch_monthly,2024-10,critical,,21 notable CNAs,,39,
epoch_monthly,2024-10,high,,21 notable CNAs,,405,
epoch_monthly,2024-11,critical,,21 notable CNAs,,35,
epoch_monthly,2024-11,high,,21 notable CNAs,,369,
epoch_monthly,2024-12,critical,,21 notable CNAs,,35,
epoch_monthly,2024-12,high,,21 notable CNAs,,304,
epoch_monthly,2025-01,critical,,21 notable CNAs,,52,
epoch_monthly,2025-01,high,,21 notable CNAs,,332,
epoch_monthly,2025-02,critical,,21 notable CNAs,,36,
epoch_monthly,2025-02,high,,21 notable CNAs,,432,
epoch_monthly,2025-03,critical,,21 notable CNAs,,62,
epoch_monthly,2025-03,high,,21 notable CNAs,,270,
epoch_monthly,2025-04,critical,,21 notable CNAs,,28,
epoch_monthly,2025-04,high,,21 notable CNAs,,350,
epoch_monthly,2025-05,critical,,21 notable CNAs,,40,
epoch_monthly,2025-05,high,,21 notable CNAs,,373,
epoch_monthly,2025-06,critical,,21 notable CNAs,,27,
epoch_monthly,2025-06,high,,21 notable CNAs,,240,
epoch_monthly,2025-07,critical,,21 notable CNAs,,84,
epoch_monthly,2025-07,high,,21 notable CNAs,,403,
epoch_monthly,2025-08,critical,,21 notable CNAs,,43,
epoch_monthly,2025-08,high,,21 notable CNAs,,335,
epoch_monthly,2025-09,critical,,21 notable CNAs,,57,
epoch_monthly,2025-09,high,,21 notable CNAs,,505,
epoch_monthly,2025-10,critical,,21 notable CNAs,,43,
epoch_monthly,2025-10,high,,21 notable CNAs,,450,
epoch_monthly,2025-11,critical,,21 notable CNAs,,23,
epoch_monthly,2025-11,high,,21 notable CNAs,,269,
epoch_monthly,2025-12,critical,,21 notable CNAs,,70,
epoch_monthly,2025-12,high,,21 notable CNAs,,496,
epoch_monthly,2026-01,critical,,21 notable CNAs,,35,
epoch_monthly,2026-01,high,,21 notable CNAs,,268,
epoch_monthly,2026-02,critical,,21 notable CNAs,,45,
epoch_monthly,2026-02,high,,21 notable CNAs,,271,
epoch_monthly,2026-03,critical,,21 notable CNAs,,57,
epoch_monthly,2026-03,high,,21 notable CNAs,,388,
epoch_monthly,2026-04,critical,,21 notable CNAs,,98,
epoch_monthly,2026-04,high,,21 notable CNAs,,598,
epoch_monthly,2026-05,critical,,21 notable CNAs,,142,
epoch_monthly,2026-05,high,,21 notable CNAs,,913,
epoch_monthly,2026-06,critical,,21 notable CNAs,,372,
epoch_monthly,2026-06,high,,21 notable CNAs,,1176,
epoch_monthly,2026-07,critical,,21 notable CNAs,,610,
epoch_monthly,2026-07,high,,21 notable CNAs,,1904,
epoch_monthly,2026-08,critical,,21 notable CNAs,,632,
epoch_monthly,2026-08,high,,21 notable CNAs,,2355,
epoch_monthly,2026-09,critical,,21 notable CNAs,,36,
epoch_monthly,2026-09,high,,21 notable CNAs,,129,
patch_cycle,2021-01,patch_tuesday_cves,,Microsoft,,172,
patch_cycle,2021-02,patch_tuesday_cves,,Microsoft,,108,
patch_cycle,2021-03,patch_tuesday_cves,,Microsoft,,167,
patch_cycle,2021-04,patch_tuesday_cves,,Microsoft,,207,
patch_cycle,2021-05,patch_tuesday_cves,,Microsoft,,123,
patch_cycle,2021-06,patch_tuesday_cves,,Microsoft,,94,
patch_cycle,2021-07,patch_tuesday_cves,,Microsoft,,125,
patch_cycle,2021-08,patch_tuesday_cves,,Microsoft,,119,
patch_cycle,2021-09,patch_tuesday_cves,,Microsoft,,75,
patch_cycle,2021-10,patch_tuesday_cves,,Microsoft,,153,
patch_cycle,2021-11,patch_tuesday_cves,,Microsoft,,102,
patch_cycle,2021-12,patch_tuesday_cves,,Microsoft,,198,
patch_cycle,2022-01,patch_tuesday_cves,,Microsoft,,313,
patch_cycle,2022-02,patch_tuesday_cves,,Microsoft,,162,
patch_cycle,2022-03,patch_tuesday_cves,,Microsoft,,188,
patch_cycle,2022-04,patch_tuesday_cves,,Microsoft,,248,
patch_cycle,2022-05,patch_tuesday_cves,,Microsoft,,162,
patch_cycle,2022-06,patch_tuesday_cves,,Microsoft,,138,
patch_cycle,2022-07,patch_tuesday_cves,,Microsoft,,177,
patch_cycle,2022-08,patch_tuesday_cves,,Microsoft,,260,
patch_cycle,2022-09,patch_tuesday_cves,,Microsoft,,167,
patch_cycle,2022-10,patch_tuesday_cves,,Microsoft,,177,
patch_cycle,2022-11,patch_tuesday_cves,,Microsoft,,134,
patch_cycle,2022-12,patch_tuesday_cves,,Microsoft,,132,
patch_cycle,2023-01,patch_tuesday_cves,,Microsoft,,188,
patch_cycle,2023-02,patch_tuesday_cves,,Microsoft,,171,
patch_cycle,2023-03,patch_tuesday_cves,,Microsoft,,301,
patch_cycle,2023-04,patch_tuesday_cves,,Microsoft,,205,
patch_cycle,2023-05,patch_tuesday_cves,,Microsoft,,150,
patch_cycle,2023-06,patch_tuesday_cves,,Microsoft,,195,
patch_cycle,2023-07,patch_tuesday_cves,,Microsoft,,260,
patch_cycle,2023-08,patch_tuesday_cves,,Microsoft,,179,
patch_cycle,2023-09,patch_tuesday_cves,,Microsoft,,139,
patch_cycle,2023-10,patch_tuesday_cves,,Microsoft,,212,
patch_cycle,2023-11,patch_tuesday_cves,,Microsoft,,141,
patch_cycle,2023-12,patch_tuesday_cves,,Microsoft,,104,
patch_cycle,2024-01,patch_tuesday_cves,,Microsoft,,185,
patch_cycle,2024-02,patch_tuesday_cves,,Microsoft,,194,
patch_cycle,2024-03,patch_tuesday_cves,,Microsoft,,165,
patch_cycle,2024-04,patch_tuesday_cves,,Microsoft,,320,
patch_cycle,2024-05,patch_tuesday_cves,,Microsoft,,414,
patch_cycle,2024-06,patch_tuesday_cves,,Microsoft,,148,
patch_cycle,2024-07,patch_tuesday_cves,,Microsoft,,440,
patch_cycle,2024-08,patch_tuesday_cves,,Microsoft,,269,
patch_cycle,2024-09,patch_tuesday_cves,,Microsoft,,624,
patch_cycle,2024-10,patch_tuesday_cves,,Microsoft,,846,
patch_cycle,2024-11,patch_tuesday_cves,,Microsoft,,729,
patch_cycle,2024-12,patch_tuesday_cves,,Microsoft,,780,
patch_cycle,2025-01,patch_tuesday_cves,,Microsoft,,351,
patch_cycle,2025-02,patch_tuesday_cves,,Microsoft,,323,
patch_cycle,2025-03,patch_tuesday_cves,,Microsoft,,205,
patch_cycle,2025-04,patch_tuesday_cves,,Microsoft,,364,
patch_cycle,2025-05,patch_tuesday_cves,,Microsoft,,339,
patch_cycle,2025-06,patch_tuesday_cves,,Microsoft,,224,
patch_cycle,2025-07,patch_tuesday_cves,,Microsoft,,526,
patch_cycle,2025-08,patch_tuesday_cves,,Microsoft,,273,
patch_cycle,2025-09,patch_tuesday_cves,,Microsoft,,388,
patch_cycle,2025-10,patch_tuesday_cves,,Microsoft,,394,
patch_cycle,2025-11,patch_tuesday_cves,,Microsoft,,176,
patch_cycle,2025-12,patch_tuesday_cves,,Microsoft,,331,
patch_cycle,2026-01,patch_tuesday_cves,,Microsoft,,297,
patch_cycle,2026-02,patch_tuesday_cves,,Microsoft,,153,
patch_cycle,2026-03,patch_tuesday_cves,,Microsoft,,388,
patch_cycle,2026-04,patch_tuesday_cves,,Microsoft,,578,
patch_cycle,2026-05,patch_tuesday_cves,,Microsoft,,761,
patch_cycle,2026-06,patch_tuesday_cves,,Microsoft,,741,
patch_cycle,2026-07,patch_tuesday_cves,,Microsoft,,1137,
patch_cycle,2026-08,patch_tuesday_cves,,Microsoft,,1328,
patch_cycle,2026-09,patch_tuesday_cves,,Microsoft,,57,
patch_cycle,2021-01,cpu_patches,,Oracle,,329,cves=None
patch_cycle,2021-04,cpu_patches,,Oracle,,391,cves=None
patch_cycle,2021-07,cpu_patches,,Oracle,,342,cves=None
patch_cycle,2021-10,cpu_patches,,Oracle,,419,cves=None
patch_cycle,2022-01,cpu_patches,,Oracle,,497,cves=None
patch_cycle,2022-04,cpu_patches,,Oracle,,520,cves=None
patch_cycle,2022-07,cpu_patches,,Oracle,,349,cves=None
patch_cycle,2022-10,cpu_patches,,Oracle,,370,cves=None
patch_cycle,2023-01,cpu_patches,,Oracle,,327,cves=None
patch_cycle,2023-04,cpu_patches,,Oracle,,433,cves=None
patch_cycle,2023-07,cpu_patches,,Oracle,,508,cves=None
patch_cycle,2023-10,cpu_patches,,Oracle,,387,cves=None
patch_cycle,2024-01,cpu_patches,,Oracle,,389,cves=None
patch_cycle,2024-04,cpu_patches,,Oracle,,441,cves=None
patch_cycle,2024-07,cpu_patches,,Oracle,,386,cves=None
patch_cycle,2024-10,cpu_patches,,Oracle,,334,cves=None
patch_cycle,2025-01,cpu_patches,,Oracle,,318,cves=None
patch_cycle,2025-04,cpu_patches,,Oracle,,378,cves=None
patch_cycle,2025-07,cpu_patches,,Oracle,,309,cves=None
patch_cycle,2025-10,cpu_patches,,Oracle,,374,cves=None
patch_cycle,2026-01,cpu_patches,,Oracle,,337,cves=None
patch_cycle,2026-04,cpu_patches,,Oracle,,481,cves=None
patch_cycle,2026-07,cpu_patches,,Oracle,,1448,cves=None
patch_cycle,2021-01,security_advisories,,.NET,,1,
patch_cycle,2021-02,security_advisories,,.NET,,2,
patch_cycle,2021-03,security_advisories,,.NET,,1,
patch_cycle,2021-05,security_advisories,,.NET,,1,
patch_cycle,2021-06,security_advisories,,.NET,,1,
patch_cycle,2021-08,security_advisories,,.NET,,3,
patch_cycle,2021-10,security_advisories,,.NET,,1,
patch_cycle,2021-12,security_advisories,,.NET,,1,
patch_cycle,2022-02,security_advisories,,.NET,,1,
patch_cycle,2022-03,security_advisories,,.NET,,3,
patch_cycle,2022-05,security_advisories,,.NET,,3,
patch_cycle,2022-06,security_advisories,,.NET,,1,
patch_cycle,2022-08,security_advisories,,.NET,,1,
patch_cycle,2022-09,security_advisories,,.NET,,1,
patch_cycle,2022-10,security_advisories,,.NET,,1,
patch_cycle,2022-11,security_advisories,,.NET,,1,
patch_cycle,2022-12,security_advisories,,.NET,,1,
patch_cycle,2023-01,security_advisories,,.NET,,1,
patch_cycle,2023-02,security_advisories,,.NET,,1,
patch_cycle,2023-04,security_advisories,,.NET,,1,
patch_cycle,2023-06,security_advisories,,.NET,,10,
patch_cycle,2023-07,security_advisories,,.NET,,2,
patch_cycle,2023-08,security_advisories,,.NET,,4,
patch_cycle,2023-09,security_advisories,,.NET,,5,
patch_cycle,2023-10,security_advisories,,.NET,,6,
patch_cycle,2023-11,security_advisories,,.NET,,3,
patch_cycle,2024-01,security_advisories,,.NET,,3,
patch_cycle,2024-02,security_advisories,,.NET,,2,
patch_cycle,2024-03,security_advisories,,.NET,,2,
patch_cycle,2024-04,security_advisories,,.NET,,1,
patch_cycle,2024-05,security_advisories,,.NET,,2,
patch_cycle,2024-07,security_advisories,,.NET,,4,
patch_cycle,2024-08,security_advisories,,.NET,,2,
patch_cycle,2024-10,security_advisories,,.NET,,4,
patch_cycle,2024-11,security_advisories,,.NET,,2,
patch_cycle,2025-01,security_advisories,,.NET,,4,
patch_cycle,2025-03,security_advisories,,.NET,,2,
patch_cycle,2025-04,security_advisories,,.NET,,1,
patch_cycle,2025-05,security_advisories,,.NET,,1,
patch_cycle,2025-06,security_advisories,,.NET,,1,
patch_cycle,2025-10,security_advisories,,.NET,,3,
patch_cycle,2026-02,security_advisories,,.NET,,1,
patch_cycle,2026-03,security_advisories,,.NET,,2,
patch_cycle,2026-04,security_advisories,,.NET,,5,
patch_cycle,2026-05,security_advisories,,.NET,,4,
patch_cycle,2026-06,security_advisories,,.NET,,3,
patch_cycle,2026-07,security_advisories,,.NET,,17,
patch_cycle,2026-08,security_advisories,,.NET,,10,
dotnet_advisory,2021-01-12,security_advisory,Microsoft Security Advisory CVE,Microsoft .NET,2021-1723 | ASP.NET Core Denial of Service Vulnerability,1,
dotnet_advisory,2021-02-09,security_advisory,CVE,Microsoft .NET,2021-24112 | .NET 5 and .NET Core Remote Code Execution Vulnerability,1,
dotnet_advisory,2021-02-09,security_advisory,Microsoft Security Advisory CVE,Microsoft .NET,2021-1721 | .NET Core Denial of Service Vulnerability,1,
dotnet_advisory,2021-03-09,security_advisory,CVE,Microsoft .NET,2021-26701 | .NET Core Remote Code Execution Vulnerability,1,
dotnet_advisory,2021-05-11,security_advisory,CVE,Microsoft .NET,2021-31204 | .NET Core Elevation of Privilege Vulnerability,1,
dotnet_advisory,2021-06-08,security_advisory,CVE,Microsoft .NET,2021-31957 | ASP.NET Denial of Service Vulnerability,1,
dotnet_advisory,2021-08-10,security_advisory,CVE,Microsoft .NET,2021-26423 | .NET Core Denial of Service Vulnerability,1,
dotnet_advisory,2021-08-10,security_advisory,CVE,Microsoft .NET,2021-34485 | .NET Core Information Disclosure Vulnerability,1,
dotnet_advisory,2021-08-10,security_advisory,CVE,Microsoft .NET,2021-34532 | ASP.NET Core Information Disclosure Vulnerability,1,
dotnet_advisory,2021-10-12,security_advisory,CVE,Microsoft .NET,2021-41355 | .NET Core Information Disclosure Vulnerability,1,
dotnet_advisory,2021-12-14,security_advisory,CVE,Microsoft .NET,2021-43877 | ASP.NET  Core Elevation of privilege Vulnerability,1,
dotnet_advisory,2022-02-08,security_advisory,CVE,Microsoft .NET,2022-21986 | .NET Denial of Service Vulnerability,1,
dotnet_advisory,2022-03-08,security_advisory,CVE,Microsoft .NET,2020-8927 | .NET Remote Code Execution Vulnerability,1,
dotnet_advisory,2022-03-08,security_advisory,CVE,Microsoft .NET,2022-24464 | .NET Denial of Service Vulnerability,1,
dotnet_advisory,2022-03-08,security_advisory,CVE,Microsoft .NET,2022-24512 | .NET Remote Code Execution Vulnerability,1,
dotnet_advisory,2022-05-10,security_advisory,CVE 2022,Microsoft .NET,23267 | .NET Denial of Service Vulnerability,1,
dotnet_advisory,2022-05-10,security_advisory,CVE 2022,Microsoft .NET,29117 | .NET Denial of Service Vulnerability,1,
dotnet_advisory,2022-05-10,security_advisory,CVE 2022,Microsoft .NET,29145 | .NET Denial of Service Vulnerability,1,
dotnet_advisory,2022-06-14,security_advisory,CVE 2022,Microsoft .NET,30184 | .NET Information Disclosure Vulnerability,1,
dotnet_advisory,2022-08-09,security_advisory,CVE,Microsoft .NET,2022-34716: .NET Information Disclosure Vulnerability,1,
dotnet_advisory,2022-09-13,security_advisory,CVE,Microsoft .NET,2022-38013: .NET Denial of Service Vulnerability,1,
dotnet_advisory,2022-10-11,security_advisory,CVE 2022,Microsoft .NET,41032 | .NET Elevation of Privilege Vulnerability,1,
dotnet_advisory,2022-11-08,security_advisory,CVE 2022,Microsoft .NET,41064 | .NET Information Disclosure Vulnerability,1,
dotnet_advisory,2022-12-13,security_advisory,CVE 2022,Microsoft .NET,41089 | .NET Remote Code Execution Vulnerability,1,
dotnet_advisory,2023-01-10,security_advisory,CVE,Microsoft .NET,2023-21538 | .NET Denial of Service Vulnerability,1,
dotnet_advisory,2023-02-14,security_advisory,Microsoft Security Advisory CVE,Microsoft .NET,2023-21808: .NET Remote Code Execution Vulnerability,1,
dotnet_advisory,2023-04-11,security_advisory,CVE,Microsoft .NET,2023-28260: .NET Remote Code Execution Vulnerability,1,
dotnet_advisory,2023-06-13,security_advisory,CVE,Microsoft .NET,2023-24895: .NET Remote Code Execution Vulnerability,1,
dotnet_advisory,2023-06-13,security_advisory,CVE,Microsoft .NET,2023-24897: .NET Remote Code Execution Vulnerability,1,
dotnet_advisory,2023-06-13,security_advisory,CVE,Microsoft .NET,2023-28260: .NET Remote Code Execution Vulnerability,1,
dotnet_advisory,2023-06-13,security_advisory,CVE,Microsoft .NET,2023-29331: .NET Denial of Service vulnerability,1,
dotnet_advisory,2023-06-13,security_advisory,CVE,Microsoft .NET,2023-33128: .NET Remote Code Execution Vulnerability,1,
dotnet_advisory,2023-06-13,security_advisory,CVE 2023,Microsoft .NET,29337 | NuGet Client Remote Code Execution Vulnerability,1,
dotnet_advisory,2023-06-13,security_advisory,Microsoft Security Advisory CVE,Microsoft .NET,2023-24936: .NET Elevation of Privilege Vulnerability,1,
dotnet_advisory,2023-06-13,security_advisory,Microsoft Security Advisory CVE,Microsoft .NET,2023-32032: .NET Elevation of Privilege Vulnerability,1,
dotnet_advisory,2023-06-13,security_advisory,Microsoft Security Advisory CVE,Microsoft .NET,2023-33126: .NET Remote Code Execution Vulnerability,1,
dotnet_advisory,2023-06-13,security_advisory,Microsoft Security Advisory CVE,Microsoft .NET,2023-33135: .NET Elevation of Privilege Vulnerability,1,
dotnet_advisory,2023-07-11,security_advisory,CVE,Microsoft .NET,2023-33127: .NET Remote Code Execution Vulnerability,1,
dotnet_advisory,2023-07-11,security_advisory,CVE,Microsoft .NET,2023-33170: .NET Security Feature Bypass Vulnerability,1,
dotnet_advisory,2023-08-08,security_advisory,CVE,Microsoft .NET,2023-35390: .NET Remote Code Execution Vulnerability,1,
dotnet_advisory,2023-08-08,security_advisory,CVE,Microsoft .NET,2023-38180: .NET Denial of Service Vulnerability,1,
dotnet_advisory,2023-08-08,security_advisory,Microsoft Security Advisory CVE,Microsoft .NET,2023-35391: .NET Information Disclosure Vulnerability,1,
dotnet_advisory,2023-08-08,security_advisory,Microsoft Security Advisory CVE,Microsoft .NET,2023-38178: .NET Denial of Service Vulnerability,1,
dotnet_advisory,2023-09-12,security_advisory,CVE,Microsoft .NET,2023-36792: .NET Remote Code Execution Vulnerability,1,
dotnet_advisory,2023-09-12,security_advisory,CVE,Microsoft .NET,2023-36793: .NET Remote Code Execution Vulnerability,1,
dotnet_advisory,2023-09-12,security_advisory,CVE,Microsoft .NET,2023-36794: .NET Remote Code Execution Vulnerability,1,
dotnet_advisory,2023-09-12,security_advisory,CVE,Microsoft .NET,2023-36796: .NET Remote Code Execution Vulnerability,1,
dotnet_advisory,2023-09-12,security_advisory,CVE,Microsoft .NET,2023-36799: .NET Denial of Service Vulnerability,1,
dotnet_advisory,2023-10-10,security_advisory,CVE,Microsoft .NET,2023-36435: .NET Denial of Service Vulnerability,1,
dotnet_advisory,2023-10-10,security_advisory,CVE,Microsoft .NET,2023-38171: .NET Denial of Service Vulnerability,1,
dotnet_advisory,2023-10-10,security_advisory,CVE,Microsoft .NET,2023-44487: .NET Denial of Service Vulnerability,1,
dotnet_advisory,2023-10-24,security_advisory,CVE,Microsoft .NET,2023-36435: .NET Denial of Service Vulnerability,1,
dotnet_advisory,2023-10-24,security_advisory,CVE,Microsoft .NET,2023-38171: .NET Denial of Service Vulnerability,1,
dotnet_advisory,2023-10-24,security_advisory,CVE,Microsoft .NET,2023-44487: .NET Denial of Service Vulnerability,1,
dotnet_advisory,2023-11-14,security_advisory,CVE,Microsoft .NET,2023-36038: .NET Denial of Service Vulnerability,1,
dotnet_advisory,2023-11-14,security_advisory,CVE,Microsoft .NET,2023-36049: .NET Elevation of Privilege Vulnerability,1,
dotnet_advisory,2023-11-14,security_advisory,CVE,Microsoft .NET,2023-36558: .NET Security Feature Bypass Vulnerability,1,
dotnet_advisory,2024-01-09,security_advisory,CVE,Microsoft .NET,2024-0057: .NET Security Feature bypass Vulnerability,1,
dotnet_advisory,2024-01-09,security_advisory,Microsoft Security Advisory CVE,Microsoft .NET,2024-0056: Microsoft.Data.SqlClient and System.Data.SqlClient SQL Data provider Information Disclosure Vulnerability,1,
dotnet_advisory,2024-01-09,security_advisory,Microsoft Security Advisory CVE,Microsoft .NET,2024-21319: .NET Denial of Service Vulnerability,1,
dotnet_advisory,2024-02-13,security_advisory,CVE,Microsoft .NET,2024-21386: .NET Denial of Service Vulnerability,1,
dotnet_advisory,2024-02-13,security_advisory,CVE,Microsoft .NET,2024-21404 | .NET Denial of Service Vulnerability,1,
dotnet_advisory,2024-03-12,security_advisory,CVE,Microsoft .NET,2024-21392: .NET Denial of Service Vulnerability,1,
dotnet_advisory,2024-03-12,security_advisory,CVE,Microsoft .NET,2024-26190 | Microsoft QUIC Denial of Service Vulnerability,1,
dotnet_advisory,2024-04-09,security_advisory,CVE,Microsoft .NET,2024-21409 | .NET Elevation of Privilege Vulnerability,1,
dotnet_advisory,2024-05-14,security_advisory,CVE,Microsoft .NET,2024-30045 | .NET Remote code Execution Vulnerability,1,
dotnet_advisory,2024-05-14,security_advisory,CVE,Microsoft .NET,2024-30046 | .NET Denial of Service Vulnerability,1,
dotnet_advisory,2024-07-09,security_advisory,CVE,Microsoft .NET,2024-30105 | .NET Denial of Service Vulnerability,1,
dotnet_advisory,2024-07-09,security_advisory,CVE,Microsoft .NET,2024-35264 | .NET Remote Code Execution Vulnerability,1,
dotnet_advisory,2024-07-09,security_advisory,CVE,Microsoft .NET,2024-38081 | .NET Elevation of Privilege Vulnerability,1,
dotnet_advisory,2024-07-09,security_advisory,Microsoft Security Advisory CVE,Microsoft .NET,2024-38095 | .NET Denial of Service Vulnerability,1,
dotnet_advisory,2024-08-13,security_advisory,CVE,Microsoft .NET,2024-38168 | .NET Denial of Service Vulnerability,1,
dotnet_advisory,2024-08-13,security_advisory,Microsoft Security Advisory CVE,Microsoft .NET,2024-38167 | .NET Information Disclosure Vulnerability,1,
dotnet_advisory,2024-10-08,security_advisory,CVE,Microsoft .NET,2024-38229 | .NET Remote Code Execution Vulnerability,1,
dotnet_advisory,2024-10-08,security_advisory,CVE,Microsoft .NET,2024-43483 | .NET Denial of Service Vulnerability,1,
dotnet_advisory,2024-10-08,security_advisory,CVE,Microsoft .NET,2024-43484 | .NET Denial of Service Vulnerability,1,
dotnet_advisory,2024-10-08,security_advisory,CVE,Microsoft .NET,2024-43485 | .NET Denial of Service Vulnerability,1,
dotnet_advisory,2024-11-12,security_advisory,CVE,Microsoft .NET,2024-43498 | .NET Remote Code Execution Vulnerability,1,
dotnet_advisory,2024-11-12,security_advisory,CVE,Microsoft .NET,2024-43499 | .NET Denial of Service Vulnerability,1,
dotnet_advisory,2025-01-14,security_advisory,CVE,Microsoft .NET,2025-21171 | .NET Remote Code Execution Vulnerability,1,
dotnet_advisory,2025-01-14,security_advisory,CVE,Microsoft .NET,2025-21172 | .NET and Visual Studio Remote Code Execution Vulnerability,1,
dotnet_advisory,2025-01-14,security_advisory,CVE,Microsoft .NET,2025-21173 | .NET Elevation of Privilege Vulnerability,1,
dotnet_advisory,2025-01-14,security_advisory,CVE,Microsoft .NET,2025-21176 | .NET and Visual Studio Remote Code Execution Vulnerability,1,
dotnet_advisory,2025-03-06,security_advisory,CVE,Microsoft .NET,2025-24043 | WinDbg Remote Code Execution Vulnerability,1,
dotnet_advisory,2025-03-11,security_advisory,CVE,Microsoft .NET,2025-24070: .NET Elevation of Privilege Vulnerability,1,
dotnet_advisory,2025-04-08,security_advisory,CVE,Microsoft .NET,2025-26682: .NET Denial of Service Vulnerability,1,
dotnet_advisory,2025-05-13,security_advisory,CVE,Microsoft .NET,2025-26646: .NET Spoofing Vulnerability,1,
dotnet_advisory,2025-06-10,security_advisory,CVE,Microsoft .NET,2025-30399: .NET Remote Code Vulnerability,1,
dotnet_advisory,2025-10-14,security_advisory,CVE,Microsoft .NET,2025-55247: .NET Denial of Service Vulnerability,1,
dotnet_advisory,2025-10-14,security_advisory,CVE,Microsoft .NET,2025-55248: .NET Information Disclosure Vulnerability,1,
dotnet_advisory,2025-10-14,security_advisory,CVE,Microsoft .NET,2025-55315: .NET Security Feature Bypass Vulnerability,1,
dotnet_advisory,2026-02-10,security_advisory,CVE,Microsoft .NET,2026-21218 | .NET Security Feature Bypass Vulnerability,1,
dotnet_advisory,2026-03-10,security_advisory,CVE,Microsoft .NET,2026-26127 – .NET Denial of Service Vulnerability,1,
dotnet_advisory,2026-03-10,security_advisory,CVE,Microsoft .NET,2026-26130 – .NET Denial of Service Vulnerability,1,
dotnet_advisory,2026-04-14,security_advisory,CVE,Microsoft .NET,2026-26171 – .NET Denial of Service Vulnerability,1,
dotnet_advisory,2026-04-14,security_advisory,CVE,Microsoft .NET,2026-32178 – .NET Spoofing Vulnerability,1,
dotnet_advisory,2026-04-14,security_advisory,CVE,Microsoft .NET,2026-32203 – .NET and Visual Studio Denial of Service Vulnerability,1,
dotnet_advisory,2026-04-14,security_advisory,CVE,Microsoft .NET,"2026-33116 – .NET, .NET Framework, and Visual Studio Denial of Service Vulnerability",1,
dotnet_advisory,2026-04-21,security_advisory,CVE,Microsoft .NET,2026-40372 – ASP.NET Core Elevation of Privilege,1,
dotnet_advisory,2026-05-12,security_advisory,CVE,Microsoft .NET,2026-32175 – .NET Core Tampering Vulnerability,1,
dotnet_advisory,2026-05-12,security_advisory,CVE,Microsoft .NET,2026-32177 – .NET Elevation of Privilege Vulnerability,1,
dotnet_advisory,2026-05-12,security_advisory,CVE,Microsoft .NET,2026-35433 – .NET Elevation of Privilege Vulnerability,1,
dotnet_advisory,2026-05-12,security_advisory,CVE,Microsoft .NET,2026-42899 – ASP.NET Core Denial of Service Vulnerability,1,
dotnet_advisory,2026-06-09,security_advisory,CVE,Microsoft .NET,2026-45490 | .NET SDK Elevation of Privilege Vulnerability,1,
dotnet_advisory,2026-06-09,security_advisory,CVE,Microsoft .NET,2026-45491 | .NET Tampering Vulnerability,1,
dotnet_advisory,2026-06-09,security_advisory,CVE,Microsoft .NET,2026-45591 | ASP.NET Core Denial of Service Vulnerability,1,
dotnet_advisory,2026-07-14,security_advisory,CVE,Microsoft .NET,2026-47300 | .NET Elevation of Privilege Vulnerability,1,
dotnet_advisory,2026-07-14,security_advisory,CVE,Microsoft .NET,2026-47302 | .NET Denial of Service Vulnerability,1,
dotnet_advisory,2026-07-14,security_advisory,CVE,Microsoft .NET,2026-47303 | .NET Elevation of Privilege Vulnerability,1,
dotnet_advisory,2026-07-14,security_advisory,CVE,Microsoft .NET,2026-47304 | .NET Security Feature Bypass Vulnerability,1,
dotnet_advisory,2026-07-14,security_advisory,CVE,Microsoft .NET,2026-50524 | .NET Denial of Service Vulnerability,1,
dotnet_advisory,2026-07-14,security_advisory,CVE,Microsoft .NET,2026-50525 | .NET Denial of Service Vulnerability,1,
dotnet_advisory,2026-07-14,security_advisory,CVE,Microsoft .NET,2026-50526 | .NET Tampering Vulnerability,1,
dotnet_advisory,2026-07-14,security_advisory,CVE,Microsoft .NET,2026-50527 | .NET Denial of Service Vulnerability,1,
dotnet_advisory,2026-07-14,security_advisory,CVE,Microsoft .NET,2026-50528 | .NET Security Feature Bypass Vulnerability,1,
dotnet_advisory,2026-07-14,security_advisory,CVE,Microsoft .NET,2026-50646 | .NET Remote Code Execution Vulnerability,1,
dotnet_advisory,2026-07-14,security_advisory,CVE,Microsoft .NET,2026-50648 | .NET Denial of Service Vulnerability,1,
dotnet_advisory,2026-07-14,security_advisory,CVE,Microsoft .NET,2026-50649 | .NET Remote Code Execution Vulnerability,1,
dotnet_advisory,2026-07-14,security_advisory,CVE,Microsoft .NET,2026-50650 | .NET Elevation of Privilege Vulnerability,1,
dotnet_advisory,2026-07-14,security_advisory,CVE,Microsoft .NET,2026-50651 | .NET Denial of Service Vulnerability,1,
dotnet_advisory,2026-07-14,security_advisory,CVE,Microsoft .NET,2026-50659 | .NET Spoofing Vulnerability,1,
dotnet_advisory,2026-07-14,security_advisory,CVE,Microsoft .NET,2026-56170 | .NET Denial of Service Vulnerability,1,
dotnet_advisory,2026-07-14,security_advisory,CVE,Microsoft .NET,2026-57108 | .NET Denial of Service Vulnerability,1,
dotnet_advisory,2026-08-11,security_advisory,CVE,Microsoft .NET,2026-62871 | .NET Elevation of Privilege Vulnerability,1,
dotnet_advisory,2026-08-11,security_advisory,CVE,Microsoft .NET,2026-62886 | .NET Elevation of Privilege Vulnerability,1,
dotnet_advisory,2026-08-11,security_advisory,CVE,Microsoft .NET,2026-62897 | .NET Remote Code Execution Vulnerability,1,
dotnet_advisory,2026-08-11,security_advisory,CVE,Microsoft .NET,2026-62898 | .NET Information Disclosure Vulnerability,1,
dotnet_advisory,2026-08-11,security_advisory,CVE,Microsoft .NET,2026-62899 | .NET Security Feature Bypass Vulnerability,1,
dotnet_advisory,2026-08-11,security_advisory,CVE,Microsoft .NET,2026-62900 | .NET Information Disclosure Vulnerability,1,
dotnet_advisory,2026-08-11,security_advisory,CVE,Microsoft .NET,2026-62901 | .NET Denial of Service Vulnerability,1,
dotnet_advisory,2026-08-11,security_advisory,CVE,Microsoft .NET,2026-62902 | .NET Information Disclosure Vulnerability,1,
dotnet_advisory,2026-08-11,security_advisory,CVE,Microsoft .NET,2026-62909 | .NET Elevation of Privilege Vulnerability,1,
dotnet_advisory,2026-08-11,security_advisory,CVE,Microsoft .NET,2026-70354 | .NET Core Remote Code Execution Vulnerability,1,
github_advisories_monthly,2021-01,reviewed_advisories,,npm,,21,
github_advisories_monthly,2021-02,reviewed_advisories,,npm,,26,
github_advisories_monthly,2021-03,reviewed_advisories,,npm,,40,
github_advisories_monthly,2021-04,reviewed_advisories,,npm,,76,
github_advisories_monthly,2021-05,reviewed_advisories,,npm,,100,
github_advisories_monthly,2021-06,reviewed_advisories,,npm,,39,
github_advisories_monthly,2021-07,reviewed_advisories,,npm,,13,
github_advisories_monthly,2021-08,reviewed_advisories,,npm,,31,
github_advisories_monthly,2021-09,reviewed_advisories,,npm,,67,
github_advisories_monthly,2021-10,reviewed_advisories,,npm,,33,
github_advisories_monthly,2021-11,reviewed_advisories,,npm,,43,
github_advisories_monthly,2021-12,reviewed_advisories,,npm,,54,
github_advisories_monthly,2022-01,reviewed_advisories,,npm,,56,
github_advisories_monthly,2022-02,reviewed_advisories,,npm,,75,
github_advisories_monthly,2022-03,reviewed_advisories,,npm,,46,
github_advisories_monthly,2022-04,reviewed_advisories,,npm,,34,
github_advisories_monthly,2022-05,reviewed_advisories,,npm,,100,
github_advisories_monthly,2022-06,reviewed_advisories,,npm,,56,
github_advisories_monthly,2022-07,reviewed_advisories,,npm,,53,
github_advisories_monthly,2022-08,reviewed_advisories,,npm,,50,
github_advisories_monthly,2022-09,reviewed_advisories,,npm,,40,
github_advisories_monthly,2022-10,reviewed_advisories,,npm,,37,
github_advisories_monthly,2022-11,reviewed_advisories,,npm,,34,
github_advisories_monthly,2022-12,reviewed_advisories,,npm,,44,
github_advisories_monthly,2023-01,reviewed_advisories,,npm,,48,
github_advisories_monthly,2023-02,reviewed_advisories,,npm,,43,
github_advisories_monthly,2023-03,reviewed_advisories,,npm,,36,
github_advisories_monthly,2023-04,reviewed_advisories,,npm,,37,
github_advisories_monthly,2023-05,reviewed_advisories,,npm,,28,
github_advisories_monthly,2023-06,reviewed_advisories,,npm,,31,
github_advisories_monthly,2023-07,reviewed_advisories,,npm,,29,
github_advisories_monthly,2023-08,reviewed_advisories,,npm,,37,
github_advisories_monthly,2023-09,reviewed_advisories,,npm,,29,
github_advisories_monthly,2023-10,reviewed_advisories,,npm,,27,
github_advisories_monthly,2023-11,reviewed_advisories,,npm,,25,
github_advisories_monthly,2023-12,reviewed_advisories,,npm,,30,
github_advisories_monthly,2024-01,reviewed_advisories,,npm,,32,
github_advisories_monthly,2024-02,reviewed_advisories,,npm,,31,
github_advisories_monthly,2024-03,reviewed_advisories,,npm,,42,
github_advisories_monthly,2024-04,reviewed_advisories,,npm,,33,
github_advisories_monthly,2024-05,reviewed_advisories,,npm,,39,
github_advisories_monthly,2024-06,reviewed_advisories,,npm,,35,
github_advisories_monthly,2024-07,reviewed_advisories,,npm,,41,
github_advisories_monthly,2024-08,reviewed_advisories,,npm,,42,
github_advisories_monthly,2024-09,reviewed_advisories,,npm,,47,
github_advisories_monthly,2024-10,reviewed_advisories,,npm,,52,
github_advisories_monthly,2024-11,reviewed_advisories,,npm,,17,
github_advisories_monthly,2024-12,reviewed_advisories,,npm,,25,
github_advisories_monthly,2025-01,reviewed_advisories,,npm,,25,
github_advisories_monthly,2025-02,reviewed_advisories,,npm,,43,
github_advisories_monthly,2025-03,reviewed_advisories,,npm,,53,
github_advisories_monthly,2025-04,reviewed_advisories,,npm,,49,
github_advisories_monthly,2025-05,reviewed_advisories,,npm,,31,
github_advisories_monthly,2025-06,reviewed_advisories,,npm,,39,
github_advisories_monthly,2025-07,reviewed_advisories,,npm,,57,
github_advisories_monthly,2025-08,reviewed_advisories,,npm,,50,
github_advisories_monthly,2025-09,reviewed_advisories,,npm,,99,
github_advisories_monthly,2025-10,reviewed_advisories,,npm,,55,
github_advisories_monthly,2025-11,reviewed_advisories,,npm,,56,
github_advisories_monthly,2025-12,reviewed_advisories,,npm,,74,
github_advisories_monthly,2026-01,reviewed_advisories,,npm,,100,
github_advisories_monthly,2026-02,reviewed_advisories,,npm,,100,
github_advisories_monthly,2026-03,reviewed_advisories,,npm,,100,
github_advisories_monthly,2026-04,reviewed_advisories,,npm,,100,
github_advisories_monthly,2026-05,reviewed_advisories,,npm,,100,
github_advisories_monthly,2026-06,reviewed_advisories,,npm,,100,
github_advisories_monthly,2026-07,reviewed_advisories,,npm,,100,
github_advisories_monthly,2026-08,reviewed_advisories,,npm,,100,
github_advisories_monthly,2026-09,reviewed_advisories,,npm,,64,
github_advisories_monthly,2021-01,reviewed_advisories,,pip,,5,
github_advisories_monthly,2021-02,reviewed_advisories,,pip,,10,
github_advisories_monthly,2021-03,reviewed_advisories,,pip,,33,
github_advisories_monthly,2021-04,reviewed_advisories,,pip,,63,
github_advisories_monthly,2021-05,reviewed_advisories,,pip,,100,
github_advisories_monthly,2021-06,reviewed_advisories,,pip,,52,
github_advisories_monthly,2021-07,reviewed_advisories,,pip,,2,
github_advisories_monthly,2021-08,reviewed_advisories,,pip,,81,
github_advisories_monthly,2021-09,reviewed_advisories,,pip,,25,
github_advisories_monthly,2021-10,reviewed_advisories,,pip,,60,
github_advisories_monthly,2021-11,reviewed_advisories,,pip,,60,
github_advisories_monthly,2021-12,reviewed_advisories,,pip,,17,
github_advisories_monthly,2022-01,reviewed_advisories,,pip,,48,
github_advisories_monthly,2022-02,reviewed_advisories,,pip,,89,
github_advisories_monthly,2022-03,reviewed_advisories,,pip,,52,
github_advisories_monthly,2022-04,reviewed_advisories,,pip,,40,
github_advisories_monthly,2022-05,reviewed_advisories,,pip,,100,
github_advisories_monthly,2022-06,reviewed_advisories,,pip,,29,
github_advisories_monthly,2022-07,reviewed_advisories,,pip,,30,
github_advisories_monthly,2022-08,reviewed_advisories,,pip,,27,
github_advisories_monthly,2022-09,reviewed_advisories,,pip,,100,
github_advisories_monthly,2022-10,reviewed_advisories,,pip,,35,
github_advisories_monthly,2022-11,reviewed_advisories,,pip,,58,
github_advisories_monthly,2022-12,reviewed_advisories,,pip,,41,
github_advisories_monthly,2023-01,reviewed_advisories,,pip,,37,
github_advisories_monthly,2023-02,reviewed_advisories,,pip,,34,
github_advisories_monthly,2023-03,reviewed_advisories,,pip,,50,
github_advisories_monthly,2023-04,reviewed_advisories,,pip,,30,
github_advisories_monthly,2023-05,reviewed_advisories,,pip,,31,
github_advisories_monthly,2023-06,reviewed_advisories,,pip,,26,
github_advisories_monthly,2023-07,reviewed_advisories,,pip,,66,
github_advisories_monthly,2023-08,reviewed_advisories,,pip,,45,
github_advisories_monthly,2023-09,reviewed_advisories,,pip,,48,
github_advisories_monthly,2023-10,reviewed_advisories,,pip,,54,
github_advisories_monthly,2023-11,reviewed_advisories,,pip,,55,
github_advisories_monthly,2023-12,reviewed_advisories,,pip,,51,
github_advisories_monthly,2024-01,reviewed_advisories,,pip,,72,
github_advisories_monthly,2024-02,reviewed_advisories,,pip,,64,
github_advisories_monthly,2024-03,reviewed_advisories,,pip,,53,
github_advisories_monthly,2024-04,reviewed_advisories,,pip,,63,
github_advisories_monthly,2024-05,reviewed_advisories,,pip,,64,
github_advisories_monthly,2024-06,reviewed_advisories,,pip,,88,
github_advisories_monthly,2024-07,reviewed_advisories,,pip,,57,
github_advisories_monthly,2024-08,reviewed_advisories,,pip,,47,
github_advisories_monthly,2024-09,reviewed_advisories,,pip,,55,
github_advisories_monthly,2024-10,reviewed_advisories,,pip,,46,
github_advisories_monthly,2024-11,reviewed_advisories,,pip,,49,
github_advisories_monthly,2024-12,reviewed_advisories,,pip,,34,
github_advisories_monthly,2025-01,reviewed_advisories,,pip,,24,
github_advisories_monthly,2025-02,reviewed_advisories,,pip,,24,
github_advisories_monthly,2025-03,reviewed_advisories,,pip,,100,
github_advisories_monthly,2025-04,reviewed_advisories,,pip,,36,
github_advisories_monthly,2025-05,reviewed_advisories,,pip,,47,
github_advisories_monthly,2025-06,reviewed_advisories,,pip,,50,
github_advisories_monthly,2025-07,reviewed_advisories,,pip,,57,
github_advisories_monthly,2025-08,reviewed_advisories,,pip,,68,
github_advisories_monthly,2025-09,reviewed_advisories,,pip,,66,
github_advisories_monthly,2025-10,reviewed_advisories,,pip,,68,
github_advisories_monthly,2025-11,reviewed_advisories,,pip,,49,
github_advisories_monthly,2025-12,reviewed_advisories,,pip,,79,
github_advisories_monthly,2026-01,reviewed_advisories,,pip,,100,
github_advisories_monthly,2026-02,reviewed_advisories,,pip,,100,
github_advisories_monthly,2026-03,reviewed_advisories,,pip,,100,
github_advisories_monthly,2026-04,reviewed_advisories,,pip,,100,
github_advisories_monthly,2026-05,reviewed_advisories,,pip,,100,
github_advisories_monthly,2026-06,reviewed_advisories,,pip,,100,
github_advisories_monthly,2026-07,reviewed_advisories,,pip,,100,
github_advisories_monthly,2026-08,reviewed_advisories,,pip,,100,
github_advisories_monthly,2026-09,reviewed_advisories,,pip,,34,
github_advisories_monthly,2021-01,reviewed_advisories,,go,,0,
github_advisories_monthly,2021-02,reviewed_advisories,,go,,0,
github_advisories_monthly,2021-03,reviewed_advisories,,go,,0,
github_advisories_monthly,2021-04,reviewed_advisories,,go,,0,
github_advisories_monthly,2021-05,reviewed_advisories,,go,,100,
github_advisories_monthly,2021-06,reviewed_advisories,,go,,55,
github_advisories_monthly,2021-07,reviewed_advisories,,go,,10,
github_advisories_monthly,2021-08,reviewed_advisories,,go,,13,
github_advisories_monthly,2021-09,reviewed_advisories,,go,,22,
github_advisories_monthly,2021-10,reviewed_advisories,,go,,12,
github_advisories_monthly,2021-11,reviewed_advisories,,go,,19,
github_advisories_monthly,2021-12,reviewed_advisories,,go,,30,
github_advisories_monthly,2022-01,reviewed_advisories,,go,,14,
github_advisories_monthly,2022-02,reviewed_advisories,,go,,100,
github_advisories_monthly,2022-03,reviewed_advisories,,go,,35,
github_advisories_monthly,2022-04,reviewed_advisories,,go,,25,
github_advisories_monthly,2022-05,reviewed_advisories,,go,,100,
github_advisories_monthly,2022-06,reviewed_advisories,,go,,32,
github_advisories_monthly,2022-07,reviewed_advisories,,go,,24,
github_advisories_monthly,2022-08,reviewed_advisories,,go,,14,
github_advisories_monthly,2022-09,reviewed_advisories,,go,,47,
github_advisories_monthly,2022-10,reviewed_advisories,,go,,34,
github_advisories_monthly,2022-11,reviewed_advisories,,go,,30,
github_advisories_monthly,2022-12,reviewed_advisories,,go,,100,
github_advisories_monthly,2023-01,reviewed_advisories,,go,,39,
github_advisories_monthly,2023-02,reviewed_advisories,,go,,46,
github_advisories_monthly,2023-03,reviewed_advisories,,go,,72,
github_advisories_monthly,2023-04,reviewed_advisories,,go,,26,
github_advisories_monthly,2023-05,reviewed_advisories,,go,,35,
github_advisories_monthly,2023-06,reviewed_advisories,,go,,41,
github_advisories_monthly,2023-07,reviewed_advisories,,go,,34,
github_advisories_monthly,2023-08,reviewed_advisories,,go,,35,
github_advisories_monthly,2023-09,reviewed_advisories,,go,,56,
github_advisories_monthly,2023-10,reviewed_advisories,,go,,47,
github_advisories_monthly,2023-11,reviewed_advisories,,go,,36,
github_advisories_monthly,2023-12,reviewed_advisories,,go,,32,
github_advisories_monthly,2024-01,reviewed_advisories,,go,,64,
github_advisories_monthly,2024-02,reviewed_advisories,,go,,60,
github_advisories_monthly,2024-03,reviewed_advisories,,go,,49,
github_advisories_monthly,2024-04,reviewed_advisories,,go,,76,
github_advisories_monthly,2024-05,reviewed_advisories,,go,,59,
github_advisories_monthly,2024-06,reviewed_advisories,,go,,39,
github_advisories_monthly,2024-07,reviewed_advisories,,go,,47,
github_advisories_monthly,2024-08,reviewed_advisories,,go,,78,
github_advisories_monthly,2024-09,reviewed_advisories,,go,,39,
github_advisories_monthly,2024-10,reviewed_advisories,,go,,62,
github_advisories_monthly,2024-11,reviewed_advisories,,go,,33,
github_advisories_monthly,2024-12,reviewed_advisories,,go,,47,
github_advisories_monthly,2025-01,reviewed_advisories,,go,,48,
github_advisories_monthly,2025-02,reviewed_advisories,,go,,36,
github_advisories_monthly,2025-03,reviewed_advisories,,go,,62,
github_advisories_monthly,2025-04,reviewed_advisories,,go,,55,
github_advisories_monthly,2025-05,reviewed_advisories,,go,,50,
github_advisories_monthly,2025-06,reviewed_advisories,,go,,51,
github_advisories_monthly,2025-07,reviewed_advisories,,go,,38,
github_advisories_monthly,2025-08,reviewed_advisories,,go,,79,
github_advisories_monthly,2025-09,reviewed_advisories,,go,,57,
github_advisories_monthly,2025-10,reviewed_advisories,,go,,55,
github_advisories_monthly,2025-11,reviewed_advisories,,go,,67,
github_advisories_monthly,2025-12,reviewed_advisories,,go,,85,
github_advisories_monthly,2026-01,reviewed_advisories,,go,,85,
github_advisories_monthly,2026-02,reviewed_advisories,,go,,100,
github_advisories_monthly,2026-03,reviewed_advisories,,go,,100,
github_advisories_monthly,2026-04,reviewed_advisories,,go,,100,
github_advisories_monthly,2026-05,reviewed_advisories,,go,,100,
github_advisories_monthly,2026-06,reviewed_advisories,,go,,100,
github_advisories_monthly,2026-07,reviewed_advisories,,go,,100,
github_advisories_monthly,2026-08,reviewed_advisories,,go,,100,
github_advisories_monthly,2026-09,reviewed_advisories,,go,,49,
github_advisories_monthly,2021-01,reviewed_advisories,,composer,,17,
github_advisories_monthly,2021-02,reviewed_advisories,,composer,,11,
github_advisories_monthly,2021-03,reviewed_advisories,,composer,,30,
github_advisories_monthly,2021-04,reviewed_advisories,,composer,,19,
github_advisories_monthly,2021-05,reviewed_advisories,,composer,,22,
github_advisories_monthly,2021-06,reviewed_advisories,,composer,,37,
github_advisories_monthly,2021-07,reviewed_advisories,,composer,,18,
github_advisories_monthly,2021-08,reviewed_advisories,,composer,,36,
github_advisories_monthly,2021-09,reviewed_advisories,,composer,,56,
github_advisories_monthly,2021-10,reviewed_advisories,,composer,,36,
github_advisories_monthly,2021-11,reviewed_advisories,,composer,,42,
github_advisories_monthly,2021-12,reviewed_advisories,,composer,,52,
github_advisories_monthly,2022-01,reviewed_advisories,,composer,,95,
github_advisories_monthly,2022-02,reviewed_advisories,,composer,,92,
github_advisories_monthly,2022-03,reviewed_advisories,,composer,,100,
github_advisories_monthly,2022-04,reviewed_advisories,,composer,,92,
github_advisories_monthly,2022-05,reviewed_advisories,,composer,,100,
github_advisories_monthly,2022-06,reviewed_advisories,,composer,,63,
github_advisories_monthly,2022-07,reviewed_advisories,,composer,,36,
github_advisories_monthly,2022-08,reviewed_advisories,,composer,,45,
github_advisories_monthly,2022-09,reviewed_advisories,,composer,,51,
github_advisories_monthly,2022-10,reviewed_advisories,,composer,,34,
github_advisories_monthly,2022-11,reviewed_advisories,,composer,,80,
github_advisories_monthly,2022-12,reviewed_advisories,,composer,,54,
github_advisories_monthly,2023-01,reviewed_advisories,,composer,,64,
github_advisories_monthly,2023-02,reviewed_advisories,,composer,,60,
github_advisories_monthly,2023-03,reviewed_advisories,,composer,,93,
github_advisories_monthly,2023-04,reviewed_advisories,,composer,,89,
github_advisories_monthly,2023-05,reviewed_advisories,,composer,,50,
github_advisories_monthly,2023-06,reviewed_advisories,,composer,,60,
github_advisories_monthly,2023-07,reviewed_advisories,,composer,,47,
github_advisories_monthly,2023-08,reviewed_advisories,,composer,,44,
github_advisories_monthly,2023-09,reviewed_advisories,,composer,,52,
github_advisories_monthly,2023-10,reviewed_advisories,,composer,,54,
github_advisories_monthly,2023-11,reviewed_advisories,,composer,,69,
github_advisories_monthly,2023-12,reviewed_advisories,,composer,,33,
github_advisories_monthly,2024-01,reviewed_advisories,,composer,,34,
github_advisories_monthly,2024-02,reviewed_advisories,,composer,,72,
github_advisories_monthly,2024-03,reviewed_advisories,,composer,,47,
github_advisories_monthly,2024-04,reviewed_advisories,,composer,,51,
github_advisories_monthly,2024-05,reviewed_advisories,,composer,,100,
github_advisories_monthly,2024-06,reviewed_advisories,,composer,,100,
github_advisories_monthly,2024-07,reviewed_advisories,,composer,,37,
github_advisories_monthly,2024-08,reviewed_advisories,,composer,,49,
github_advisories_monthly,2024-09,reviewed_advisories,,composer,,28,
github_advisories_monthly,2024-10,reviewed_advisories,,composer,,72,
github_advisories_monthly,2024-11,reviewed_advisories,,composer,,73,
github_advisories_monthly,2024-12,reviewed_advisories,,composer,,42,
github_advisories_monthly,2025-01,reviewed_advisories,,composer,,60,
github_advisories_monthly,2025-02,reviewed_advisories,,composer,,60,
github_advisories_monthly,2025-03,reviewed_advisories,,composer,,36,
github_advisories_monthly,2025-04,reviewed_advisories,,composer,,84,
github_advisories_monthly,2025-05,reviewed_advisories,,composer,,42,
github_advisories_monthly,2025-06,reviewed_advisories,,composer,,38,
github_advisories_monthly,2025-07,reviewed_advisories,,composer,,25,
github_advisories_monthly,2025-08,reviewed_advisories,,composer,,39,
github_advisories_monthly,2025-09,reviewed_advisories,,composer,,28,
github_advisories_monthly,2025-10,reviewed_advisories,,composer,,65,
github_advisories_monthly,2025-11,reviewed_advisories,,composer,,39,
github_advisories_monthly,2025-12,reviewed_advisories,,composer,,63,
github_advisories_monthly,2026-01,reviewed_advisories,,composer,,59,
github_advisories_monthly,2026-02,reviewed_advisories,,composer,,91,
github_advisories_monthly,2026-03,reviewed_advisories,,composer,,100,
github_advisories_monthly,2026-04,reviewed_advisories,,composer,,100,
github_advisories_monthly,2026-05,reviewed_advisories,,composer,,100,
github_advisories_monthly,2026-06,reviewed_advisories,,composer,,100,
github_advisories_monthly,2026-07,reviewed_advisories,,composer,,100,
github_advisories_monthly,2026-08,reviewed_advisories,,composer,,100,
github_advisories_monthly,2026-09,reviewed_advisories,,composer,,22,
github_advisories_monthly,2021-01,reviewed_advisories,,maven,,6,
github_advisories_monthly,2021-02,reviewed_advisories,,maven,,12,
github_advisories_monthly,2021-03,reviewed_advisories,,maven,,31,
github_advisories_monthly,2021-04,reviewed_advisories,,maven,,49,
github_advisories_monthly,2021-05,reviewed_advisories,,maven,,53,
github_advisories_monthly,2021-06,reviewed_advisories,,maven,,57,
github_advisories_monthly,2021-07,reviewed_advisories,,maven,,17,
github_advisories_monthly,2021-08,reviewed_advisories,,maven,,42,
github_advisories_monthly,2021-09,reviewed_advisories,,maven,,33,
github_advisories_monthly,2021-10,reviewed_advisories,,maven,,19,
github_advisories_monthly,2021-11,reviewed_advisories,,maven,,26,
github_advisories_monthly,2021-12,reviewed_advisories,,maven,,49,
github_advisories_monthly,2022-01,reviewed_advisories,,maven,,97,
github_advisories_monthly,2022-02,reviewed_advisories,,maven,,100,
github_advisories_monthly,2022-03,reviewed_advisories,,maven,,100,
github_advisories_monthly,2022-04,reviewed_advisories,,maven,,91,
github_advisories_monthly,2022-05,reviewed_advisories,,maven,,100,
github_advisories_monthly,2022-06,reviewed_advisories,,maven,,78,
github_advisories_monthly,2022-07,reviewed_advisories,,maven,,100,
github_advisories_monthly,2022-08,reviewed_advisories,,maven,,52,
github_advisories_monthly,2022-09,reviewed_advisories,,maven,,100,
github_advisories_monthly,2022-10,reviewed_advisories,,maven,,72,
github_advisories_monthly,2022-11,reviewed_advisories,,maven,,93,
github_advisories_monthly,2022-12,reviewed_advisories,,maven,,55,
github_advisories_monthly,2023-01,reviewed_advisories,,maven,,77,
github_advisories_monthly,2023-02,reviewed_advisories,,maven,,48,
github_advisories_monthly,2023-03,reviewed_advisories,,maven,,64,
github_advisories_monthly,2023-04,reviewed_advisories,,maven,,100,
github_advisories_monthly,2023-05,reviewed_advisories,,maven,,81,
github_advisories_monthly,2023-06,reviewed_advisories,,maven,,88,
github_advisories_monthly,2023-07,reviewed_advisories,,maven,,100,
github_advisories_monthly,2023-08,reviewed_advisories,,maven,,54,
github_advisories_monthly,2023-09,reviewed_advisories,,maven,,57,
github_advisories_monthly,2023-10,reviewed_advisories,,maven,,77,
github_advisories_monthly,2023-11,reviewed_advisories,,maven,,66,
github_advisories_monthly,2023-12,reviewed_advisories,,maven,,100,
github_advisories_monthly,2024-01,reviewed_advisories,,maven,,51,
github_advisories_monthly,2024-02,reviewed_advisories,,maven,,89,
github_advisories_monthly,2024-03,reviewed_advisories,,maven,,62,
github_advisories_monthly,2024-04,reviewed_advisories,,maven,,56,
github_advisories_monthly,2024-05,reviewed_advisories,,maven,,30,
github_advisories_monthly,2024-06,reviewed_advisories,,maven,,33,
github_advisories_monthly,2024-07,reviewed_advisories,,maven,,48,
github_advisories_monthly,2024-08,reviewed_advisories,,maven,,34,
github_advisories_monthly,2024-09,reviewed_advisories,,maven,,34,
github_advisories_monthly,2024-10,reviewed_advisories,,maven,,47,
github_advisories_monthly,2024-11,reviewed_advisories,,maven,,44,
github_advisories_monthly,2024-12,reviewed_advisories,,maven,,38,
github_advisories_monthly,2025-01,reviewed_advisories,,maven,,43,
github_advisories_monthly,2025-02,reviewed_advisories,,maven,,29,
github_advisories_monthly,2025-03,reviewed_advisories,,maven,,64,
github_advisories_monthly,2025-04,reviewed_advisories,,maven,,57,
github_advisories_monthly,2025-05,reviewed_advisories,,maven,,37,
github_advisories_monthly,2025-06,reviewed_advisories,,maven,,59,
github_advisories_monthly,2025-07,reviewed_advisories,,maven,,68,
github_advisories_monthly,2025-08,reviewed_advisories,,maven,,81,
github_advisories_monthly,2025-09,reviewed_advisories,,maven,,88,
github_advisories_monthly,2025-10,reviewed_advisories,,maven,,100,
github_advisories_monthly,2025-11,reviewed_advisories,,maven,,29,
github_advisories_monthly,2025-12,reviewed_advisories,,maven,,52,
github_advisories_monthly,2026-01,reviewed_advisories,,maven,,54,
github_advisories_monthly,2026-02,reviewed_advisories,,maven,,41,
github_advisories_monthly,2026-03,reviewed_advisories,,maven,,73,
github_advisories_monthly,2026-04,reviewed_advisories,,maven,,100,
github_advisories_monthly,2026-05,reviewed_advisories,,maven,,100,
github_advisories_monthly,2026-06,reviewed_advisories,,maven,,100,
github_advisories_monthly,2026-07,reviewed_advisories,,maven,,100,
github_advisories_monthly,2026-08,reviewed_advisories,,maven,,66,
github_advisories_monthly,2026-09,reviewed_advisories,,maven,,1,
github_advisories_monthly,2021-01,reviewed_advisories,,rust,,0,
github_advisories_monthly,2021-02,reviewed_advisories,,rust,,0,
github_advisories_monthly,2021-03,reviewed_advisories,,rust,,0,
github_advisories_monthly,2021-04,reviewed_advisories,,rust,,0,
github_advisories_monthly,2021-05,reviewed_advisories,,rust,,0,
github_advisories_monthly,2021-06,reviewed_advisories,,rust,,0,
github_advisories_monthly,2021-07,reviewed_advisories,,rust,,3,
github_advisories_monthly,2021-08,reviewed_advisories,,rust,,100,
github_advisories_monthly,2021-09,reviewed_advisories,,rust,,10,
github_advisories_monthly,2021-10,reviewed_advisories,,rust,,6,
github_advisories_monthly,2021-11,reviewed_advisories,,rust,,5,
github_advisories_monthly,2021-12,reviewed_advisories,,rust,,2,
github_advisories_monthly,2022-01,reviewed_advisories,,rust,,56,
github_advisories_monthly,2022-02,reviewed_advisories,,rust,,4,
github_advisories_monthly,2022-03,reviewed_advisories,,rust,,5,
github_advisories_monthly,2022-04,reviewed_advisories,,rust,,7,
github_advisories_monthly,2022-05,reviewed_advisories,,rust,,28,
github_advisories_monthly,2022-06,reviewed_advisories,,rust,,63,
github_advisories_monthly,2022-07,reviewed_advisories,,rust,,8,
github_advisories_monthly,2022-08,reviewed_advisories,,rust,,16,
github_advisories_monthly,2022-09,reviewed_advisories,,rust,,19,
github_advisories_monthly,2022-10,reviewed_advisories,,rust,,6,
github_advisories_monthly,2022-11,reviewed_advisories,,rust,,10,
github_advisories_monthly,2022-12,reviewed_advisories,,rust,,12,
github_advisories_monthly,2023-01,reviewed_advisories,,rust,,9,
github_advisories_monthly,2023-02,reviewed_advisories,,rust,,17,
github_advisories_monthly,2023-03,reviewed_advisories,,rust,,19,
github_advisories_monthly,2023-04,reviewed_advisories,,rust,,8,
github_advisories_monthly,2023-05,reviewed_advisories,,rust,,5,
github_advisories_monthly,2023-06,reviewed_advisories,,rust,,14,
github_advisories_monthly,2023-07,reviewed_advisories,,rust,,6,
github_advisories_monthly,2023-08,reviewed_advisories,,rust,,10,
github_advisories_monthly,2023-09,reviewed_advisories,,rust,,18,
github_advisories_monthly,2023-10,reviewed_advisories,,rust,,6,
github_advisories_monthly,2023-11,reviewed_advisories,,rust,,6,
github_advisories_monthly,2023-12,reviewed_advisories,,rust,,12,
github_advisories_monthly,2024-01,reviewed_advisories,,rust,,20,
github_advisories_monthly,2024-02,reviewed_advisories,,rust,,21,
github_advisories_monthly,2024-03,reviewed_advisories,,rust,,14,
github_advisories_monthly,2024-04,reviewed_advisories,,rust,,12,
github_advisories_monthly,2024-05,reviewed_advisories,,rust,,13,
github_advisories_monthly,2024-06,reviewed_advisories,,rust,,9,
github_advisories_monthly,2024-07,reviewed_advisories,,rust,,15,
github_advisories_monthly,2024-08,reviewed_advisories,,rust,,12,
github_advisories_monthly,2024-09,reviewed_advisories,,rust,,11,
github_advisories_monthly,2024-10,reviewed_advisories,,rust,,11,
github_advisories_monthly,2024-11,reviewed_advisories,,rust,,20,
github_advisories_monthly,2024-12,reviewed_advisories,,rust,,24,
github_advisories_monthly,2025-01,reviewed_advisories,,rust,,11,
github_advisories_monthly,2025-02,reviewed_advisories,,rust,,13,
github_advisories_monthly,2025-03,reviewed_advisories,,rust,,20,
github_advisories_monthly,2025-04,reviewed_advisories,,rust,,25,
github_advisories_monthly,2025-05,reviewed_advisories,,rust,,21,
github_advisories_monthly,2025-06,reviewed_advisories,,rust,,16,
github_advisories_monthly,2025-07,reviewed_advisories,,rust,,22,
github_advisories_monthly,2025-08,reviewed_advisories,,rust,,11,
github_advisories_monthly,2025-09,reviewed_advisories,,rust,,16,
github_advisories_monthly,2025-10,reviewed_advisories,,rust,,17,
github_advisories_monthly,2025-11,reviewed_advisories,,rust,,12,
github_advisories_monthly,2025-12,reviewed_advisories,,rust,,12,
github_advisories_monthly,2026-01,reviewed_advisories,,rust,,32,
github_advisories_monthly,2026-02,reviewed_advisories,,rust,,40,
github_advisories_monthly,2026-03,reviewed_advisories,,rust,,60,
github_advisories_monthly,2026-04,reviewed_advisories,,rust,,96,
github_advisories_monthly,2026-05,reviewed_advisories,,rust,,82,
github_advisories_monthly,2026-06,reviewed_advisories,,rust,,39,
github_advisories_monthly,2026-07,reviewed_advisories,,rust,,100,
github_advisories_monthly,2026-08,reviewed_advisories,,rust,,18,
github_advisories_monthly,2026-09,reviewed_advisories,,rust,,13,
github_advisories_monthly,2021-01,reviewed_advisories,,nuget,,5,
github_advisories_monthly,2021-02,reviewed_advisories,,nuget,,0,
github_advisories_monthly,2021-03,reviewed_advisories,,nuget,,43,
github_advisories_monthly,2021-04,reviewed_advisories,,nuget,,5,
github_advisories_monthly,2021-05,reviewed_advisories,,nuget,,2,
github_advisories_monthly,2021-06,reviewed_advisories,,nuget,,0,
github_advisories_monthly,2021-07,reviewed_advisories,,nuget,,12,
github_advisories_monthly,2021-08,reviewed_advisories,,nuget,,14,
github_advisories_monthly,2021-09,reviewed_advisories,,nuget,,5,
github_advisories_monthly,2021-10,reviewed_advisories,,nuget,,7,
github_advisories_monthly,2021-11,reviewed_advisories,,nuget,,7,
github_advisories_monthly,2021-12,reviewed_advisories,,nuget,,3,
github_advisories_monthly,2022-01,reviewed_advisories,,nuget,,8,
github_advisories_monthly,2022-02,reviewed_advisories,,nuget,,4,
github_advisories_monthly,2022-03,reviewed_advisories,,nuget,,4,
github_advisories_monthly,2022-04,reviewed_advisories,,nuget,,7,
github_advisories_monthly,2022-05,reviewed_advisories,,nuget,,100,
github_advisories_monthly,2022-06,reviewed_advisories,,nuget,,9,
github_advisories_monthly,2022-07,reviewed_advisories,,nuget,,3,
github_advisories_monthly,2022-08,reviewed_advisories,,nuget,,6,
github_advisories_monthly,2022-09,reviewed_advisories,,nuget,,2,
github_advisories_monthly,2022-10,reviewed_advisories,,nuget,,9,
github_advisories_monthly,2022-11,reviewed_advisories,,nuget,,3,
github_advisories_monthly,2022-12,reviewed_advisories,,nuget,,6,
github_advisories_monthly,2023-01,reviewed_advisories,,nuget,,4,
github_advisories_monthly,2023-02,reviewed_advisories,,nuget,,3,
github_advisories_monthly,2023-03,reviewed_advisories,,nuget,,2,
github_advisories_monthly,2023-04,reviewed_advisories,,nuget,,5,
github_advisories_monthly,2023-05,reviewed_advisories,,nuget,,3,
github_advisories_monthly,2023-06,reviewed_advisories,,nuget,,12,
github_advisories_monthly,2023-07,reviewed_advisories,,nuget,,3,
github_advisories_monthly,2023-08,reviewed_advisories,,nuget,,5,
github_advisories_monthly,2023-09,reviewed_advisories,,nuget,,9,
github_advisories_monthly,2023-10,reviewed_advisories,,nuget,,10,
github_advisories_monthly,2023-11,reviewed_advisories,,nuget,,4,
github_advisories_monthly,2023-12,reviewed_advisories,,nuget,,12,
github_advisories_monthly,2024-01,reviewed_advisories,,nuget,,9,
github_advisories_monthly,2024-02,reviewed_advisories,,nuget,,10,
github_advisories_monthly,2024-03,reviewed_advisories,,nuget,,11,
github_advisories_monthly,2024-04,reviewed_advisories,,nuget,,8,
github_advisories_monthly,2024-05,reviewed_advisories,,nuget,,11,
github_advisories_monthly,2024-06,reviewed_advisories,,nuget,,4,
github_advisories_monthly,2024-07,reviewed_advisories,,nuget,,16,
github_advisories_monthly,2024-08,reviewed_advisories,,nuget,,6,
github_advisories_monthly,2024-09,reviewed_advisories,,nuget,,0,
github_advisories_monthly,2024-10,reviewed_advisories,,nuget,,16,
github_advisories_monthly,2024-11,reviewed_advisories,,nuget,,9,
github_advisories_monthly,2024-12,reviewed_advisories,,nuget,,6,
github_advisories_monthly,2025-01,reviewed_advisories,,nuget,,12,
github_advisories_monthly,2025-02,reviewed_advisories,,nuget,,7,
github_advisories_monthly,2025-03,reviewed_advisories,,nuget,,9,
github_advisories_monthly,2025-04,reviewed_advisories,,nuget,,8,
github_advisories_monthly,2025-05,reviewed_advisories,,nuget,,6,
github_advisories_monthly,2025-06,reviewed_advisories,,nuget,,9,
github_advisories_monthly,2025-07,reviewed_advisories,,nuget,,4,
github_advisories_monthly,2025-08,reviewed_advisories,,nuget,,11,
github_advisories_monthly,2025-09,reviewed_advisories,,nuget,,9,
github_advisories_monthly,2025-10,reviewed_advisories,,nuget,,16,
github_advisories_monthly,2025-11,reviewed_advisories,,nuget,,0,
github_advisories_monthly,2025-12,reviewed_advisories,,nuget,,12,
github_advisories_monthly,2026-01,reviewed_advisories,,nuget,,13,
github_advisories_monthly,2026-02,reviewed_advisories,,nuget,,40,
github_advisories_monthly,2026-03,reviewed_advisories,,nuget,,55,
github_advisories_monthly,2026-04,reviewed_advisories,,nuget,,47,
github_advisories_monthly,2026-05,reviewed_advisories,,nuget,,41,
github_advisories_monthly,2026-06,reviewed_advisories,,nuget,,51,
github_advisories_monthly,2026-07,reviewed_advisories,,nuget,,70,
github_advisories_monthly,2026-08,reviewed_advisories,,nuget,,12,
github_advisories_monthly,2026-09,reviewed_advisories,,nuget,,1,
github_advisories_monthly,2021-01,reviewed_advisories,,rubygems,,2,
github_advisories_monthly,2021-02,reviewed_advisories,,rubygems,,5,
github_advisories_monthly,2021-03,reviewed_advisories,,rubygems,,5,
github_advisories_monthly,2021-04,reviewed_advisories,,rubygems,,8,
github_advisories_monthly,2021-05,reviewed_advisories,,rubygems,,14,
github_advisories_monthly,2021-06,reviewed_advisories,,rubygems,,3,
github_advisories_monthly,2021-07,reviewed_advisories,,rubygems,,2,
github_advisories_monthly,2021-08,reviewed_advisories,,rubygems,,3,
github_advisories_monthly,2021-09,reviewed_advisories,,rubygems,,4,
github_advisories_monthly,2021-10,reviewed_advisories,,rubygems,,7,
github_advisories_monthly,2021-11,reviewed_advisories,,rubygems,,10,
github_advisories_monthly,2021-12,reviewed_advisories,,rubygems,,8,
github_advisories_monthly,2022-01,reviewed_advisories,,rubygems,,5,
github_advisories_monthly,2022-02,reviewed_advisories,,rubygems,,5,
github_advisories_monthly,2022-03,reviewed_advisories,,rubygems,,9,
github_advisories_monthly,2022-04,reviewed_advisories,,rubygems,,16,
github_advisories_monthly,2022-05,reviewed_advisories,,rubygems,,100,
github_advisories_monthly,2022-06,reviewed_advisories,,rubygems,,10,
github_advisories_monthly,2022-07,reviewed_advisories,,rubygems,,7,
github_advisories_monthly,2022-08,reviewed_advisories,,rubygems,,3,
github_advisories_monthly,2022-09,reviewed_advisories,,rubygems,,5,
github_advisories_monthly,2022-10,reviewed_advisories,,rubygems,,5,
github_advisories_monthly,2022-11,reviewed_advisories,,rubygems,,4,
github_advisories_monthly,2022-12,reviewed_advisories,,rubygems,,13,
github_advisories_monthly,2023-01,reviewed_advisories,,rubygems,,28,
github_advisories_monthly,2023-02,reviewed_advisories,,rubygems,,3,
github_advisories_monthly,2023-03,reviewed_advisories,,rubygems,,7,
github_advisories_monthly,2023-04,reviewed_advisories,,rubygems,,8,
github_advisories_monthly,2023-05,reviewed_advisories,,rubygems,,4,
github_advisories_monthly,2023-06,reviewed_advisories,,rubygems,,10,
github_advisories_monthly,2023-07,reviewed_advisories,,rubygems,,8,
github_advisories_monthly,2023-08,reviewed_advisories,,rubygems,,5,
github_advisories_monthly,2023-09,reviewed_advisories,,rubygems,,3,
github_advisories_monthly,2023-10,reviewed_advisories,,rubygems,,6,
github_advisories_monthly,2023-11,reviewed_advisories,,rubygems,,1,
github_advisories_monthly,2023-12,reviewed_advisories,,rubygems,,8,
github_advisories_monthly,2024-01,reviewed_advisories,,rubygems,,12,
github_advisories_monthly,2024-02,reviewed_advisories,,rubygems,,15,
github_advisories_monthly,2024-03,reviewed_advisories,,rubygems,,10,
github_advisories_monthly,2024-04,reviewed_advisories,,rubygems,,2,
github_advisories_monthly,2024-05,reviewed_advisories,,rubygems,,7,
github_advisories_monthly,2024-06,reviewed_advisories,,rubygems,,3,
github_advisories_monthly,2024-07,reviewed_advisories,,rubygems,,9,
github_advisories_monthly,2024-08,reviewed_advisories,,rubygems,,6,
github_advisories_monthly,2024-09,reviewed_advisories,,rubygems,,16,
github_advisories_monthly,2024-10,reviewed_advisories,,rubygems,,12,
github_advisories_monthly,2024-11,reviewed_advisories,,rubygems,,4,
github_advisories_monthly,2024-12,reviewed_advisories,,rubygems,,7,
github_advisories_monthly,2025-01,reviewed_advisories,,rubygems,,0,
github_advisories_monthly,2025-02,reviewed_advisories,,rubygems,,5,
github_advisories_monthly,2025-03,reviewed_advisories,,rubygems,,16,
github_advisories_monthly,2025-04,reviewed_advisories,,rubygems,,2,
github_advisories_monthly,2025-05,reviewed_advisories,,rubygems,,5,
github_advisories_monthly,2025-06,reviewed_advisories,,rubygems,,6,
github_advisories_monthly,2025-07,reviewed_advisories,,rubygems,,7,
github_advisories_monthly,2025-08,reviewed_advisories,,rubygems,,7,
github_advisories_monthly,2025-09,reviewed_advisories,,rubygems,,2,
github_advisories_monthly,2025-10,reviewed_advisories,,rubygems,,6,
github_advisories_monthly,2025-11,reviewed_advisories,,rubygems,,4,
github_advisories_monthly,2025-12,reviewed_advisories,,rubygems,,7,
github_advisories_monthly,2026-01,reviewed_advisories,,rubygems,,7,
github_advisories_monthly,2026-02,reviewed_advisories,,rubygems,,12,
github_advisories_monthly,2026-03,reviewed_advisories,,rubygems,,25,
github_advisories_monthly,2026-04,reviewed_advisories,,rubygems,,32,
github_advisories_monthly,2026-05,reviewed_advisories,,rubygems,,17,
github_advisories_monthly,2026-06,reviewed_advisories,,rubygems,,40,
github_advisories_monthly,2026-07,reviewed_advisories,,rubygems,,42,
github_advisories_monthly,2026-08,reviewed_advisories,,rubygems,,5,
github_advisories_monthly,2026-09,reviewed_advisories,,rubygems,,1,
repo_advisories_monthly,2021-08,published_advisories,,vercel/next.js,,2,
repo_advisories_monthly,2021-12,published_advisories,,vercel/next.js,,1,
repo_advisories_monthly,2022-01,published_advisories,,vercel/next.js,,1,
repo_advisories_monthly,2022-02,published_advisories,,vercel/next.js,,1,
repo_advisories_monthly,2022-08,published_advisories,,vercel/next.js,,1,
repo_advisories_monthly,2024-05,published_advisories,,vercel/next.js,,2,
repo_advisories_monthly,2024-07,published_advisories,,vercel/next.js,,1,
repo_advisories_monthly,2024-09,published_advisories,,vercel/next.js,,1,
repo_advisories_monthly,2024-10,published_advisories,,vercel/next.js,,1,
repo_advisories_monthly,2024-12,published_advisories,,vercel/next.js,,1,
repo_advisories_monthly,2025-01,published_advisories,,vercel/next.js,,1,
repo_advisories_monthly,2025-03,published_advisories,,vercel/next.js,,1,
repo_advisories_monthly,2025-04,published_advisories,,vercel/next.js,,1,
repo_advisories_monthly,2025-05,published_advisories,,vercel/next.js,,2,
repo_advisories_monthly,2025-07,published_advisories,,vercel/next.js,,2,
repo_advisories_monthly,2025-08,published_advisories,,vercel/next.js,,3,
repo_advisories_monthly,2025-12,published_advisories,,vercel/next.js,,4,
repo_advisories_monthly,2026-01,published_advisories,,vercel/next.js,,3,
repo_advisories_monthly,2026-03,published_advisories,,vercel/next.js,,5,
repo_advisories_monthly,2026-04,published_advisories,,vercel/next.js,,1,
repo_advisories_monthly,2026-05,published_advisories,,vercel/next.js,,13,
repo_advisories_monthly,2026-07,published_advisories,,vercel/next.js,,9,
repo_advisories_monthly,2026-08,published_advisories,,vercel/next.js,,2,
repo_advisories_monthly,2025-12,published_advisories,,facebook/react,,4,
repo_advisories_monthly,2026-01,published_advisories,,facebook/react,,1,
repo_advisories_monthly,2026-04,published_advisories,,facebook/react,,1,
repo_advisories_monthly,2026-05,published_advisories,,facebook/react,,1,
repo_advisories_monthly,2026-07,published_advisories,,facebook/react,,1,
repo_advisories_monthly,2021-05,published_advisories,,dotnet/runtime,,1,
repo_advisories_monthly,2021-08,published_advisories,,dotnet/runtime,,2,
repo_advisories_monthly,2021-10,published_advisories,,dotnet/runtime,,1,
repo_advisories_monthly,2022-03,published_advisories,,dotnet/runtime,,2,
repo_advisories_monthly,2022-05,published_advisories,,dotnet/runtime,,1,
repo_advisories_monthly,2023-01,published_advisories,,dotnet/runtime,,1,
repo_advisories_monthly,2023-02,published_advisories,,dotnet/runtime,,1,
repo_advisories_monthly,2023-04,published_advisories,,dotnet/runtime,,1,
repo_advisories_monthly,2023-06,published_advisories,,dotnet/runtime,,3,
repo_advisories_monthly,2023-07,published_advisories,,dotnet/runtime,,1,
repo_advisories_monthly,2023-08,published_advisories,,dotnet/runtime,,2,
repo_advisories_monthly,2023-09,published_advisories,,dotnet/runtime,,5,
repo_advisories_monthly,2023-10,published_advisories,,dotnet/runtime,,2,
repo_advisories_monthly,2023-11,published_advisories,,dotnet/runtime,,2,
repo_advisories_monthly,2024-01,published_advisories,,dotnet/runtime,,1,
repo_advisories_monthly,2024-02,published_advisories,,dotnet/runtime,,1,
repo_advisories_monthly,2024-03,published_advisories,,dotnet/runtime,,2,
repo_advisories_monthly,2024-05,published_advisories,,dotnet/runtime,,1,
repo_advisories_monthly,2024-07,published_advisories,,dotnet/runtime,,3,
repo_advisories_monthly,2024-08,published_advisories,,dotnet/runtime,,1,
repo_advisories_monthly,2024-10,published_advisories,,dotnet/runtime,,3,
repo_advisories_monthly,2024-11,published_advisories,,dotnet/runtime,,2,
repo_advisories_monthly,2025-01,published_advisories,,dotnet/runtime,,3,
repo_advisories_monthly,2025-06,published_advisories,,dotnet/runtime,,1,
repo_advisories_monthly,2025-10,published_advisories,,dotnet/runtime,,1,
repo_advisories_monthly,2026-02,published_advisories,,dotnet/runtime,,1,
repo_advisories_monthly,2026-03,published_advisories,,dotnet/runtime,,2,
repo_advisories_monthly,2026-04,published_advisories,,dotnet/runtime,,4,
repo_advisories_monthly,2026-05,published_advisories,,dotnet/runtime,,1,
repo_advisories_monthly,2026-06,published_advisories,,dotnet/runtime,,1,
repo_advisories_monthly,2026-07,published_advisories,,dotnet/runtime,,10,
repo_advisories_monthly,2026-08,published_advisories,,dotnet/runtime,,4,
repo_advisories_monthly,2021-06,published_advisories,,dotnet/aspnetcore,,1,
repo_advisories_monthly,2021-08,published_advisories,,dotnet/aspnetcore,,1,
repo_advisories_monthly,2021-12,published_advisories,,dotnet/aspnetcore,,1,
repo_advisories_monthly,2022-02,published_advisories,,dotnet/aspnetcore,,1,
repo_advisories_monthly,2022-03,published_advisories,,dotnet/aspnetcore,,1,
repo_advisories_monthly,2022-05,published_advisories,,dotnet/aspnetcore,,2,
repo_advisories_monthly,2022-08,published_advisories,,dotnet/aspnetcore,,1,
repo_advisories_monthly,2022-09,published_advisories,,dotnet/aspnetcore,,1,
repo_advisories_monthly,2023-07,published_advisories,,dotnet/aspnetcore,,1,
repo_advisories_monthly,2023-08,published_advisories,,dotnet/aspnetcore,,1,
repo_advisories_monthly,2023-10,published_advisories,,dotnet/aspnetcore,,1,
repo_advisories_monthly,2023-11,published_advisories,,dotnet/aspnetcore,,1,
repo_advisories_monthly,2024-01,published_advisories,,dotnet/aspnetcore,,1,
repo_advisories_monthly,2024-02,published_advisories,,dotnet/aspnetcore,,1,
repo_advisories_monthly,2024-05,published_advisories,,dotnet/aspnetcore,,1,
repo_advisories_monthly,2024-07,published_advisories,,dotnet/aspnetcore,,1,
repo_advisories_monthly,2024-08,published_advisories,,dotnet/aspnetcore,,1,
repo_advisories_monthly,2024-10,published_advisories,,dotnet/aspnetcore,,1,
repo_advisories_monthly,2025-03,published_advisories,,dotnet/aspnetcore,,1,
repo_advisories_monthly,2025-10,published_advisories,,dotnet/aspnetcore,,1,
repo_advisories_monthly,2026-03,published_advisories,,dotnet/aspnetcore,,1,
repo_advisories_monthly,2026-04,published_advisories,,dotnet/aspnetcore,,1,
repo_advisories_monthly,2026-05,published_advisories,,dotnet/aspnetcore,,1,
repo_advisories_monthly,2026-06,published_advisories,,dotnet/aspnetcore,,1,
repo_advisories_monthly,2026-07,published_advisories,,dotnet/aspnetcore,,3,
repo_advisories_monthly,2025-09,published_advisories,,angular/angular,,1,
repo_advisories_monthly,2025-11,published_advisories,,angular/angular,,1,
repo_advisories_monthly,2025-12,published_advisories,,angular/angular,,1,
repo_advisories_monthly,2026-01,published_advisories,,angular/angular,,1,
repo_advisories_monthly,2026-02,published_advisories,,angular/angular,,1,
repo_advisories_monthly,2026-03,published_advisories,,angular/angular,,1,
repo_advisories_monthly,2026-04,published_advisories,,angular/angular,,1,
repo_advisories_monthly,2026-05,published_advisories,,angular/angular,,9,
repo_advisories_monthly,2026-06,published_advisories,,angular/angular,,8,
repo_advisories_monthly,2026-07,published_advisories,,angular/angular,,3,
repo_advisories_monthly,2026-08,published_advisories,,angular/angular,,5,
repo_advisories_monthly,2026-08,published_advisories,,vuejs/core,,1,
repo_advisories_monthly,2024-08,published_advisories,,nuxt/nuxt,,3,
repo_advisories_monthly,2025-01,published_advisories,,nuxt/nuxt,,2,
repo_advisories_monthly,2025-03,published_advisories,,nuxt/nuxt,,1,
repo_advisories_monthly,2025-09,published_advisories,,nuxt/nuxt,,1,
repo_advisories_monthly,2026-05,published_advisories,,nuxt/nuxt,,4,
repo_advisories_monthly,2026-06,published_advisories,,nuxt/nuxt,,7,
repo_advisories_monthly,2026-07,published_advisories,,nuxt/nuxt,,8,
repo_advisories_monthly,2023-04,published_advisories,,sveltejs/kit,,2,
repo_advisories_monthly,2024-01,published_advisories,,sveltejs/kit,,1,
repo_advisories_monthly,2024-11,published_advisories,,sveltejs/kit,,2,
repo_advisories_monthly,2025-04,published_advisories,,sveltejs/kit,,1,
repo_advisories_monthly,2026-01,published_advisories,,sveltejs/kit,,2,
repo_advisories_monthly,2026-02,published_advisories,,sveltejs/kit,,4,
repo_advisories_monthly,2026-04,published_advisories,,sveltejs/kit,,2,
repo_advisories_monthly,2026-05,published_advisories,,sveltejs/kit,,1,
repo_advisories_monthly,2026-07,published_advisories,,sveltejs/kit,,3,
repo_advisories_monthly,2024-10,published_advisories,,withastro/astro,,1,
repo_advisories_monthly,2024-12,published_advisories,,withastro/astro,,2,
repo_advisories_monthly,2025-08,published_advisories,,withastro/astro,,3,
repo_advisories_monthly,2025-09,published_advisories,,withastro/astro,,1,
repo_advisories_monthly,2025-10,published_advisories,,withastro/astro,,3,
repo_advisories_monthly,2025-11,published_advisories,,withastro/astro,,6,
repo_advisories_monthly,2025-12,published_advisories,,withastro/astro,,1,
repo_advisories_monthly,2026-02,published_advisories,,withastro/astro,,3,
repo_advisories_monthly,2026-03,published_advisories,,withastro/astro,,3,
repo_advisories_monthly,2026-04,published_advisories,,withastro/astro,,3,
repo_advisories_monthly,2026-05,published_advisories,,withastro/astro,,1,
repo_advisories_monthly,2026-06,published_advisories,,withastro/astro,,4,
repo_advisories_monthly,2026-07,published_advisories,,withastro/astro,,9,
repo_advisories_monthly,2026-08,published_advisories,,withastro/astro,,4,
repo_advisories_monthly,2023-06,published_advisories,,vitejs/vite,,1,
repo_advisories_monthly,2023-12,published_advisories,,vitejs/vite,,1,
repo_advisories_monthly,2024-01,published_advisories,,vitejs/vite,,1,
repo_advisories_monthly,2024-04,published_advisories,,vitejs/vite,,1,
repo_advisories_monthly,2024-09,published_advisories,,vitejs/vite,,2,
repo_advisories_monthly,2025-01,published_advisories,,vitejs/vite,,1,
repo_advisories_monthly,2025-03,published_advisories,,vitejs/vite,,2,
repo_advisories_monthly,2025-04,published_advisories,,vitejs/vite,,3,
repo_advisories_monthly,2025-09,published_advisories,,vitejs/vite,,2,
repo_advisories_monthly,2025-10,published_advisories,,vitejs/vite,,1,
repo_advisories_monthly,2026-04,published_advisories,,vitejs/vite,,3,
repo_advisories_monthly,2026-06,published_advisories,,vitejs/vite,,1,
repo_advisories_monthly,2022-10,published_advisories,,fastify/fastify,,1,
repo_advisories_monthly,2022-11,published_advisories,,fastify/fastify,,1,
repo_advisories_monthly,2025-04,published_advisories,,fastify/fastify,,1,
repo_advisories_monthly,2026-02,published_advisories,,fastify/fastify,,2,
repo_advisories_monthly,2026-03,published_advisories,,fastify/fastify,,2,
repo_advisories_monthly,2026-04,published_advisories,,fastify/fastify,,1,
repo_advisories_monthly,2026-08,published_advisories,,fastify/fastify,,2,
repo_advisories_monthly,2026-09,published_advisories,,fastify/fastify,,4,
repo_advisories_monthly,2021-01,published_advisories,,electron/electron,,1,
repo_advisories_monthly,2021-10,published_advisories,,electron/electron,,1,
repo_advisories_monthly,2022-03,published_advisories,,electron/electron,,1,
repo_advisories_monthly,2022-06,published_advisories,,electron/electron,,2,
repo_advisories_monthly,2022-11,published_advisories,,electron/electron,,1,
repo_advisories_monthly,2023-09,published_advisories,,electron/electron,,3,
repo_advisories_monthly,2023-12,published_advisories,,electron/electron,,1,
repo_advisories_monthly,2024-03,published_advisories,,electron/electron,,1,
repo_advisories_monthly,2025-06,published_advisories,,electron/electron,,2,
repo_advisories_monthly,2025-09,published_advisories,,electron/electron,,1,
repo_advisories_monthly,2026-04,published_advisories,,electron/electron,,18,
repo_advisories_monthly,2026-06,published_advisories,,electron/electron,,1,
repo_advisories_monthly,2026-07,published_advisories,,electron/electron,,16,
repo_advisories_monthly,2026-08,published_advisories,,electron/electron,,6,
repo_advisories_monthly,2021-05,published_advisories,,symfony/symfony,,3,
repo_advisories_monthly,2021-06,published_advisories,,symfony/symfony,,1,
repo_advisories_monthly,2021-11,published_advisories,,symfony/symfony,,3,
repo_advisories_monthly,2022-01,published_advisories,,symfony/symfony,,1,
repo_advisories_monthly,2023-02,published_advisories,,symfony/symfony,,2,
repo_advisories_monthly,2023-11,published_advisories,,symfony/symfony,,3,
repo_advisories_monthly,2024-11,published_advisories,,symfony/symfony,,7,
repo_advisories_monthly,2025-11,published_advisories,,symfony/symfony,,1,
repo_advisories_monthly,2026-01,published_advisories,,symfony/symfony,,1,
repo_advisories_monthly,2026-05,published_advisories,,symfony/symfony,,29,
repo_advisories_monthly,2021-01,published_advisories,,laravel/framework,,1,
repo_advisories_monthly,2021-02,published_advisories,,laravel/framework,,1,
repo_advisories_monthly,2021-04,published_advisories,,laravel/framework,,1,
repo_advisories_monthly,2021-12,published_advisories,,laravel/framework,,1,
repo_advisories_monthly,2024-11,published_advisories,,laravel/framework,,1,
repo_advisories_monthly,2025-03,published_advisories,,laravel/framework,,1,
repo_advisories_monthly,2026-06,published_advisories,,laravel/framework,,2,
repo_advisories_monthly,2022-02,published_advisories,,rails/rails,,1,
repo_advisories_monthly,2024-02,published_advisories,,rails/rails,,3,
repo_advisories_monthly,2024-06,published_advisories,,rails/rails,,2,
repo_advisories_monthly,2024-10,published_advisories,,rails/rails,,4,
repo_advisories_monthly,2024-12,published_advisories,,rails/rails,,1,
repo_advisories_monthly,2025-08,published_advisories,,rails/rails,,2,
repo_advisories_monthly,2026-03,published_advisories,,rails/rails,,10,
repo_advisories_monthly,2026-07,published_advisories,,rails/rails,,1,
repo_advisories_monthly,2023-02,published_advisories,,encode/starlette,,1,
repo_advisories_monthly,2023-05,published_advisories,,encode/starlette,,1,
repo_advisories_monthly,2024-10,published_advisories,,encode/starlette,,1,
repo_advisories_monthly,2025-07,published_advisories,,encode/starlette,,1,
repo_advisories_monthly,2025-10,published_advisories,,encode/starlette,,1,
repo_advisories_monthly,2026-05,published_advisories,,encode/starlette,,3,
repo_advisories_monthly,2026-06,published_advisories,,encode/starlette,,2,
repo_advisories_monthly,2023-05,published_advisories,,pallets/flask,,1,
repo_advisories_monthly,2025-05,published_advisories,,pallets/flask,,1,
repo_advisories_monthly,2026-02,published_advisories,,pallets/flask,,1,
repo_advisories_monthly,2026-04,published_advisories,,go-gitea/gitea,,1,
repo_advisories_monthly,2026-05,published_advisories,,go-gitea/gitea,,1,
repo_advisories_monthly,2026-06,published_advisories,,go-gitea/gitea,,19,
repo_advisories_monthly,2026-07,published_advisories,,go-gitea/gitea,,54,
repo_advisories_monthly,2026-08,published_advisories,,go-gitea/gitea,,35,
repo_advisories_monthly,2021-12,published_advisories,,keycloak/keycloak,,1,
repo_advisories_monthly,2022-04,published_advisories,,keycloak/keycloak,,5,
repo_advisories_monthly,2022-09,published_advisories,,keycloak/keycloak,,2,
repo_advisories_monthly,2022-11,published_advisories,,keycloak/keycloak,,1,
repo_advisories_monthly,2022-12,published_advisories,,keycloak/keycloak,,2,
repo_advisories_monthly,2023-01,published_advisories,,keycloak/keycloak,,1,
repo_advisories_monthly,2023-02,published_advisories,,keycloak/keycloak,,3,
repo_advisories_monthly,2023-03,published_advisories,,keycloak/keycloak,,1,
repo_advisories_monthly,2023-06,published_advisories,,keycloak/keycloak,,4,
repo_advisories_monthly,2023-07,published_advisories,,keycloak/keycloak,,1,
repo_advisories_monthly,2023-09,published_advisories,,keycloak/keycloak,,1,
repo_advisories_monthly,2023-11,published_advisories,,keycloak/keycloak,,1,
repo_advisories_monthly,2023-12,published_advisories,,keycloak/keycloak,,2,
repo_advisories_monthly,2024-01,published_advisories,,keycloak/keycloak,,1,
repo_advisories_monthly,2024-04,published_advisories,,keycloak/keycloak,,9,
repo_advisories_monthly,2024-06,published_advisories,,keycloak/keycloak,,5,
repo_advisories_monthly,2024-09,published_advisories,,keycloak/keycloak,,1,
repo_advisories_monthly,2024-10,published_advisories,,keycloak/keycloak,,4,
repo_advisories_monthly,2024-11,published_advisories,,keycloak/keycloak,,5,
repo_advisories_monthly,2025-01,published_advisories,,keycloak/keycloak,,2,
repo_advisories_monthly,2025-02,published_advisories,,keycloak/keycloak,,1,
repo_advisories_monthly,2025-03,published_advisories,,keycloak/keycloak,,2,
repo_advisories_monthly,2025-04,published_advisories,,keycloak/keycloak,,2,
repo_advisories_monthly,2025-07,published_advisories,,keycloak/keycloak,,2,
repo_advisories_monthly,2025-09,published_advisories,,keycloak/keycloak,,1,
repo_advisories_monthly,2025-10,published_advisories,,keycloak/keycloak,,3,
repo_advisories_monthly,2025-12,published_advisories,,keycloak/keycloak,,3,
repo_advisories_monthly,2026-05,published_advisories,,keycloak/keycloak,,1,
repo_advisories_monthly,2026-06,published_advisories,,keycloak/keycloak,,8,
repo_advisories_monthly,2026-08,published_advisories,,keycloak/keycloak,,7,
repo_advisories_monthly,2022-04,published_advisories,,directus/directus,,2,
repo_advisories_monthly,2022-08,published_advisories,,directus/directus,,1,
repo_advisories_monthly,2023-03,published_advisories,,directus/directus,,4,
repo_advisories_monthly,2023-07,published_advisories,,directus/directus,,1,
repo_advisories_monthly,2023-09,published_advisories,,directus/directus,,1,
repo_advisories_monthly,2023-10,published_advisories,,directus/directus,,1,
repo_advisories_monthly,2024-03,published_advisories,,directus/directus,,4,
repo_advisories_monthly,2024-05,published_advisories,,directus/directus,,2,
repo_advisories_monthly,2024-06,published_advisories,,directus/directus,,1,
repo_advisories_monthly,2024-07,published_advisories,,directus/directus,,4,
repo_advisories_monthly,2024-08,published_advisories,,directus/directus,,1,
repo_advisories_monthly,2024-09,published_advisories,,directus/directus,,2,
repo_advisories_monthly,2024-10,published_advisories,,directus/directus,,1,
repo_advisories_monthly,2024-12,published_advisories,,directus/directus,,2,
repo_advisories_monthly,2025-01,published_advisories,,directus/directus,,2,
repo_advisories_monthly,2025-02,published_advisories,,directus/directus,,1,
repo_advisories_monthly,2025-03,published_advisories,,directus/directus,,5,
repo_advisories_monthly,2025-07,published_advisories,,directus/directus,,4,
repo_advisories_monthly,2025-08,published_advisories,,directus/directus,,1,
repo_advisories_monthly,2025-11,published_advisories,,directus/directus,,4,
repo_advisories_monthly,2026-01,published_advisories,,directus/directus,,1,
repo_advisories_monthly,2026-02,published_advisories,,directus/directus,,1,
repo_advisories_monthly,2026-04,published_advisories,,directus/directus,,11,
repo_advisories_monthly,2026-06,published_advisories,,directus/directus,,2,
repo_advisories_monthly,2026-08,published_advisories,,directus/directus,,17,
repo_advisories_monthly,2026-09,published_advisories,,directus/directus,,2,
repo_advisories_monthly,2023-04,published_advisories,,strapi/strapi,,3,
repo_advisories_monthly,2023-07,published_advisories,,strapi/strapi,,2,
repo_advisories_monthly,2023-09,published_advisories,,strapi/strapi,,3,
repo_advisories_monthly,2023-11,published_advisories,,strapi/strapi,,1,
repo_advisories_monthly,2024-06,published_advisories,,strapi/strapi,,3,
repo_advisories_monthly,2025-05,published_advisories,,strapi/strapi,,1,
repo_advisories_monthly,2025-10,published_advisories,,strapi/strapi,,3,
repo_advisories_monthly,2026-05,published_advisories,,strapi/strapi,,5,
repo_advisories_monthly,2023-04,published_advisories,,payloadcms/payload,,1,
repo_advisories_monthly,2026-02,published_advisories,,payloadcms/payload,,3,
repo_advisories_monthly,2026-03,published_advisories,,payloadcms/payload,,6,
repo_advisories_monthly,2026-08,published_advisories,,payloadcms/payload,,1,
repo_advisories_monthly,2021-03,published_advisories,,argoproj/argo-cd,,6,
repo_advisories_monthly,2022-02,published_advisories,,argoproj/argo-cd,,1,
repo_advisories_monthly,2022-03,published_advisories,,argoproj/argo-cd,,3,
repo_advisories_monthly,2022-05,published_advisories,,argoproj/argo-cd,,3,
repo_advisories_monthly,2022-06,published_advisories,,argoproj/argo-cd,,4,
repo_advisories_monthly,2022-07,published_advisories,,argoproj/argo-cd,,2,
repo_advisories_monthly,2023-01,published_advisories,,argoproj/argo-cd,,2,
repo_advisories_monthly,2023-02,published_advisories,,argoproj/argo-cd,,2,
repo_advisories_monthly,2023-03,published_advisories,,argoproj/argo-cd,,1,
repo_advisories_monthly,2023-08,published_advisories,,argoproj/argo-cd,,1,
repo_advisories_monthly,2023-09,published_advisories,,argoproj/argo-cd,,3,
repo_advisories_monthly,2024-01,published_advisories,,argoproj/argo-cd,,1,
repo_advisories_monthly,2024-03,published_advisories,,argoproj/argo-cd,,6,
repo_advisories_monthly,2024-04,published_advisories,,argoproj/argo-cd,,2,
repo_advisories_monthly,2024-05,published_advisories,,argoproj/argo-cd,,1,
repo_advisories_monthly,2024-06,published_advisories,,argoproj/argo-cd,,2,
repo_advisories_monthly,2024-07,published_advisories,,argoproj/argo-cd,,2,
repo_advisories_monthly,2025-01,published_advisories,,argoproj/argo-cd,,1,
repo_advisories_monthly,2025-05,published_advisories,,argoproj/argo-cd,,1,
repo_advisories_monthly,2025-09,published_advisories,,argoproj/argo-cd,,5,
repo_advisories_monthly,2026-05,published_advisories,,argoproj/argo-cd,,3,
repo_advisories_monthly,2026-04,published_advisories,,BerriAI/litellm,,6,
repo_advisories_monthly,2026-05,published_advisories,,BerriAI/litellm,,2,
repo_advisories_monthly,2026-06,published_advisories,,BerriAI/litellm,,4,
repo_advisories_monthly,2026-08,published_advisories,,BerriAI/litellm,,2,
repo_advisories_monthly,2025-06,published_advisories,,langflow-ai/langflow,,1,
repo_advisories_monthly,2025-08,published_advisories,,langflow-ai/langflow,,1,
repo_advisories_monthly,2025-12,published_advisories,,langflow-ai/langflow,,2,
repo_advisories_monthly,2026-01,published_advisories,,langflow-ai/langflow,,1,
repo_advisories_monthly,2026-02,published_advisories,,langflow-ai/langflow,,1,
repo_advisories_monthly,2026-03,published_advisories,,langflow-ai/langflow,,8,
repo_advisories_monthly,2026-04,published_advisories,,langflow-ai/langflow,,1,
repo_advisories_monthly,2026-05,published_advisories,,langflow-ai/langflow,,1,
repo_advisories_monthly,2026-06,published_advisories,,langflow-ai/langflow,,8,
repo_advisories_monthly,2026-08,published_advisories,,langflow-ai/langflow,,6,
repo_advisories_monthly,2025-11,published_advisories,,langchain-ai/langchain,,1,
repo_advisories_monthly,2025-12,published_advisories,,langchain-ai/langchain,,1,
repo_advisories_monthly,2026-02,published_advisories,,langchain-ai/langchain,,1,
repo_advisories_monthly,2026-03,published_advisories,,langchain-ai/langchain,,1,
repo_advisories_monthly,2026-04,published_advisories,,langchain-ai/langchain,,3,
repo_advisories_monthly,2026-05,published_advisories,,langchain-ai/langchain,,1,
repo_advisories_monthly,2026-06,published_advisories,,langchain-ai/langchain,,1,
repo_advisories_monthly,2023-03,published_advisories,,mlflow/mlflow,,2,
repo_advisories_monthly,2023-04,published_advisories,,mlflow/mlflow,,1,
repo_advisories_monthly,2026-07,published_advisories,,mlflow/mlflow,,1,
repo_advisories_monthly,2026-08,published_advisories,,mlflow/mlflow,,3,
repo_advisories_monthly,2025-04,published_advisories,,n8n-io/n8n,,1,
repo_advisories_monthly,2025-06,published_advisories,,n8n-io/n8n,,1,
repo_advisories_monthly,2025-07,published_advisories,,n8n-io/n8n,,2,
repo_advisories_monthly,2025-08,published_advisories,,n8n-io/n8n,,2,
repo_advisories_monthly,2025-09,published_advisories,,n8n-io/n8n,,1,
repo_advisories_monthly,2025-10,published_advisories,,n8n-io/n8n,,2,
repo_advisories_monthly,2025-12,published_advisories,,n8n-io/n8n,,5,
repo_advisories_monthly,2026-01,published_advisories,,n8n-io/n8n,,4,
repo_advisories_monthly,2026-02,published_advisories,,n8n-io/n8n,,24,
repo_advisories_monthly,2026-03,published_advisories,,n8n-io/n8n,,15,
repo_advisories_monthly,2026-04,published_advisories,,n8n-io/n8n,,12,
repo_advisories_monthly,2026-05,published_advisories,,n8n-io/n8n,,9,
repo_advisories_monthly,2026-06,published_advisories,,n8n-io/n8n,,27,
repo_advisories_monthly,2026-07,published_advisories,,n8n-io/n8n,,30,
repo_advisories_monthly,2026-08,published_advisories,,n8n-io/n8n,,26,
repo_advisories_monthly,2026-09,published_advisories,,n8n-io/n8n,,19,
repo_advisories_monthly,2021-10,published_advisories,,grafana/grafana,,1,
repo_advisories_monthly,2021-11,published_advisories,,grafana/grafana,,2,
repo_advisories_monthly,2021-12,published_advisories,,grafana/grafana,,3,
repo_advisories_monthly,2022-01,published_advisories,,grafana/grafana,,1,
repo_advisories_monthly,2022-02,published_advisories,,grafana/grafana,,3,
repo_advisories_monthly,2022-04,published_advisories,,grafana/grafana,,1,
repo_advisories_monthly,2022-05,published_advisories,,grafana/grafana,,1,
repo_advisories_monthly,2022-07,published_advisories,,grafana/grafana,,2,
repo_advisories_monthly,2022-09,published_advisories,,grafana/grafana,,2,
repo_advisories_monthly,2022-10,published_advisories,,grafana/grafana,,4,
repo_advisories_monthly,2022-11,published_advisories,,grafana/grafana,,3,
repo_advisories_monthly,2023-01,published_advisories,,grafana/grafana,,3,
repo_advisories_monthly,2023-02,published_advisories,,grafana/grafana,,1,
repo_advisories_monthly,2023-03,published_advisories,,grafana/grafana,,1,
gtig_yearly,2019,zero_days_exploited_in_wild,,Google TIG,,32,
gtig_yearly,2020,zero_days_exploited_in_wild,,Google TIG,,30,
gtig_yearly,2021,zero_days_exploited_in_wild,,Google TIG,,69,
gtig_yearly,2022,zero_days_exploited_in_wild,,Google TIG,,63,
gtig_yearly,2023,zero_days_exploited_in_wild,,Google TIG,,100,
gtig_yearly,2024,zero_days_exploited_in_wild,,Google TIG,,78,
gtig_yearly,2025,zero_days_exploited_in_wild,,Google TIG,,90,
framework_fact,2026-05-07,Next.js,,Vercel,,13,"May security release: 13 advisories in one drop — 4 high middleware/proxy auth bypasses, RSC DoS (CVE-2026-23870 upstream in React), SSRF via WebSocket upgrade, cache poisoning, XSS. 25 Aug: two critical unauthenticated RCEs (AVIF via libheif, Windows path handling CVE-2026-75604). 33 repo advisories in 2026 vs 4 in Dec 2025."
framework_fact,2026-07-14,.NET / ASP.NET Core / Blazor,,Microsoft,,17,"17 security advisories in one Patch Tuesday (runtime, ASP.NET Core, SDK): EncryptedXml ×5, TLS handshake DoS, SslStream bypass, X.509 DoS, HTTP/2 OOM, Negotiate EoP ×2, WPF XAML RCE ×2. June: CVE-2026-45591 SignalR/Blazor Server MessagePack stack-overflow DoS. April: CVE-2026-40372 ASP.NET Core signature-verification EoP (CVSS 9.1). 42 .NET advisories Jan–Aug (Jan 0 → Jul 17 → Aug 10)."
framework_fact,2026-08-20,Spring (Java),,Broadcom,,91,"Security reports: ~6.5/month historically → 55 (Mar) → 482 (Apr; 370 from Broadcom's own frontier-model scanning across 65 projects). 26 CVEs in April, largest release in Spring's 23-year history in June, 91 CVEs on 20 Aug (Spring Security, Cloud Config, AI, Data REST, Reactor…). 12B+ tokens spent scanning."
framework_fact,2026-05,Angular,,Google,,27,"Steady 3 advisories/month through April, then 27 in May and 24 in June; 87 in 2026, 66 of them high or critical."
framework_fact,2026-05,Symfony / Laravel / PHP,,Symfony SAS · Laravel,,29,Symfony published 29 advisories in May 2026 (vs 1 in Jan). Composer ecosystem: 59 reviewed advisories in Jan → 288 in May. Laravel framework: 2 in June; Laravel Livewire CVE-2025-54068 landed on KEV in March.
framework_fact,2026-04,Electron,,OpenJS,,18,18 advisories in April and 16 in July (41 in 2026) — desktop apps built on Chromium inherit the V8/Skia churn.
framework_fact,2026-07,Gitea,,Gitea,,162,"The clearest single-project signature of AI scanning: 0 advisories Jan–May, then 33 (Jun), 162 (Jul), 105 (Aug) — 300 in 2026, 21 critical. Gitea code-injection CVE-2026-60004 reached KEV on 25 Aug."
framework_fact,2026-04,"AI stacks (LiteLLM, Langflow, LangChain, MLflow)",,various,,42,"LiteLLM: 42 advisories in 2026, 9 critical, and three KEV entries (May, Jun, Sep). Langflow: 26 advisories, 13 critical, four KEV entries. MLflow SSRF on KEV in August. New AI tooling is where exploitation is actually landing."
framework_fact,2026-07-29,Node.js · React · Vue,,OpenJS · Meta,,8,"Node.js security releases 24 Mar (8 CVEs incl. 2 high DoS) and 29 Jul (high-severity, 22/24/26 lines) — published via HackerOne/CVE, not GitHub advisories. React: 12 high advisories in 2026 (RSC). Vue core: 3 high in August."
framework_fact,2026-08,Linux kernel,,Linux Foundation CNA,,2000,"~500 CVEs per release in the 6.x era → >1,000 (7.0) → >1,500 (7.2) → ~2,000 (7.3). 432 CVEs issued in 24 h in July; 679 high/critical in the week of 10 Aug. Stable team now uses AI to triage AI-found reports."
framework_fact,2026-05,Python (PyPI) · Go,,PSF · Google,,380,PyPI reviewed advisories 104 (Jan) → 380 (May); Go 85 → 338. Starlette HTTP smuggling CVE-2026-48710 (KEV 2 Sep); CPython CVE-2026-4786; Kubernetes affected via golang.org/x/net CVE-2026-39821.
framework_fact,2026-03,Rails · Ruby,,Rails core,,10,10 advisories in March (mostly low) plus one critical in July; RubyGems ecosystem 7 (Jan) → 42 (Jul).
timeline,2021-11-03,event,,,,1,CISA launches the Known Exploited Vulnerabilities catalog (BOD 22-01)
timeline,2024-02-13,event,,,,1,Linux kernel becomes its own CVE Numbering Authority; kernel CVE counts jump
timeline,2026-02-05,event,,,,1,Anthropic Frontier Red Team: Opus 4.6 finds 500+ validated high-severity OSS vulnerabilities
timeline,2026-03-26,event,,,,1,Mythos existence leaks (Fortune)
timeline,2026-04-07,event,,,,1,Claude Mythos Preview announced; Project Glasswing launches with ~40 partners
timeline,2026-04-13,event,,,,1,UK AISI: Mythos Preview first model to solve both cyber ranges end to end
timeline,2026-04-21,event,,,,1,Mozilla: 271 vulnerabilities found and fixed in Firefox 150 with Mythos Preview
timeline,2026-05-07,event,,,,1,OpenAI GPT-5.5-Cyber / Trusted Access for Cyber; Next.js May security release (13 advisories)
timeline,2026-05-13,event,,,,1,Palo Alto Networks May advisories: 26 CVEs / 75 issues vs usual <5
timeline,2026-05-14,event,,,,1,Calif.io macOS/M5 exploit chain from Mythos-derived techniques
timeline,2026-05-22,event,,,,1,"Glasswing initial update: 10,000+ high/critical vulnerabilities; 6,202 OSS high/critical candidates"
timeline,2026-05-28,event,,,,1,Claude Opus 4.8; Mythos-class models expected within weeks
timeline,2026-06-02,event,,,,1,Mythos access expanded to 150 organisations in 15+ countries
timeline,2026-06-09,event,,,,1,Mythos 5 + Fable 5 preview; Microsoft June Patch Tuesday record 198 CVEs
timeline,2026-06-12,event,,,,1,Fable 5 / Mythos 5 access revoked under US export-control directive
timeline,2026-06-22,event,,,,1,"OpenAI expands Daybreak; Patch the Planet (30+ OSS projects, Trail of Bits review)"
timeline,2026-06-26,event,,,,1,US partially restores Mythos access to some US organisations (Fable excluded)
timeline,2026-07-14,event,,,,1,Microsoft July Patch Tuesday 570 CVEs; .NET 17 security advisories in one day
timeline,2026-07-21,event,,,,1,"Oracle July CPU: 1,449 patches / 1,434 CVEs"
timeline,2026-08-11,event,,,,1,Microsoft August Patch Tuesday 421 CVEs; Linux week of 10 Aug: 679 high/critical kernel CVEs
timeline,2026-08-20,event,,,,1,Spring August security event: 91 CVEs
timeline,2026-08-25,event,,,,1,Next.js August security release: 2 critical unauthenticated RCEs
timeline,2026-08-31,event,,,,1,Broadcom TrueSource; 12B+ tokens spent scanning Spring in 5 months
timeline,2026-09-01,event,,,,1,Claude Fable 5.1 GA and Mythos 5.1 (trusted access)
timeline,2026-09-04,event,,,,1,Chrome zero-day CVE-2026-85046 added to KEV (6th exploited Chrome 0-day of 2026)
vendor_statement,,statement,,Microsoft,,1,"Patch Tuesday: Apr 163 → Jun 198 (record) → Jul 570 → Aug 421 CVEs. MSRC: counts will ""continue trending larger for some time""; MDASH AI harness + Glasswing. Mythos built PoCs for 13 of 14 bugs MS had rated ""exploitation unlikely""."
vendor_statement,,statement,,Google,,1,"No Mythos numbers disclosed. Six exploited Chrome zero-days in 2026 (latest CVE-2026-85046, V8, 4 Sep). Weekly spikes are Android/Pixel bulletins."
vendor_statement,,statement,,Apple,,1,"No numbers disclosed. Calif.io built a macOS privilege-escalation chain on Apple M5 from Mythos-derived techniques (55-page report, May); Apple moved to a faster security-update cadence. 103 H/C CVEs in week of 27 Jul."
vendor_statement,,statement,,Linux,,1,"Kernel CVEs per release: ~500 (6.x era) → >1,000 (7.0) → >1,500 (7.2) → ~2,000 (7.3). 432 CVEs issued in 24 h in July. LF names Mythos and GPT-5.4-Cyber as drivers."
vendor_statement,,statement,,Oracle,,1,"Integrated Mythos Preview + OpenAI TAC into detection. CPU CVEs: Jan 158 → Apr 241 → Jun 243 → Jul 1,434 (1,449 patches, 334 products); moved to monthly cycle."
vendor_statement,,statement,,Cisco,,1,"Founding partner; runs Mythos against firewalls, switches, management platforms. No count disclosed; open-sourced Foundry Security Spec. 54 H/C CVEs in week of 17 Aug."
vendor_statement,,statement,,Mozilla,,1,"271 vulnerabilities found & fixed in Firefox 150 (21 Apr) — >10× Firefox 148 with Opus 4.6. Subsequent spikes: 63 (wk 20 Jul), 43 (wk 17 Aug)."
vendor_statement,,statement,,NVIDIA,,1,Founding partner; no numbers disclosed. 30 H/C CVEs in week of 31 Aug — its highest week in the series.
vendor_statement,,statement,,VMware,,1,"Broadcom: Mythos ""since the beginning"", built into SDLC; >12 billion frontier-model tokens spent in 5 months scanning Spring/Java. vCenter fixes 29 Jul; 31 H/C CVEs in weeks of 8 Jun and 24 Aug."
vendor_statement,,statement,,AWS,,1,Founding partner; hosts Mythos Preview on Bedrock (gated). No count disclosed; steady 2–10 H/C per week.
vendor_statement,,statement,,Cloudflare,,1,"2,000 bugs across critical-path systems, 400 high/critical; false-positive rate ""better than human testers"". Not a CNA in this series."
vendor_statement,,statement,,Palo Alto Networks,,1,"May 13 ""Patch Wednesday"": 26 CVEs / 75 issues across 130+ products vs usual <5 per month — first release where most findings came from frontier models. Not a CNA in this series."
